slug,title,category,inbound_before,inbound_after,orphan_before,orphan_after,has_affiliate_cta,used_fallback,popular_articles_candidates
abc-mart-poikatsu,ABC-MARTでポイ活する方法!靴購入時のアプリ・決済チェック,shopping,0,16,TRUE,FALSE,FALSE,FALSE,bousai-goods-poikatsu;cashless-setsuyaku;dpoint-kiso;hasuu-shiharai-point;hyakkaten-depart-poikatsu;kikangentei-point-tsukaimichi;nanaco-point-kiso;net-shopping-point-kiso;nyuugaku-shingaku-junbi-point;paypay-point-kiso
aeon-point-tameru,イオンでポイントを効率よく貯める方法!WAON POINTと支払い方法の選び方,shopping,0,5,TRUE,FALSE,FALSE,FALSE,waon-point-chigai;waon-point-kiso;hahanohi-chichinohi-gift-point;qoo10-poikatsu;rakuten-ichiba-kaimawari;welcia-point;welkatsu-poikatsu;drugstore-point-hikaku;point-toushi-unyou-service-hikaku;rakuten-ichiba-toha
aeoncompass-travelmall-poikatsu,イオンコンパストラベルモール(レンタカー予約)とは?WAON POINTを貯める方法,campaign,28,19,FALSE,FALSE,TRUE,FALSE,aeoncompass-travelmall-yado-poikatsu;airtrip-poikatsu;jalan-net-poikatsu;travelist-kaigai-poikatsu;travelist-poikatsu;yahoo-travel-poikatsu;paypay-campaign-katsuyo;rakuten-travel-supersale-poikatsu;yahoo-travel-tsukaikata;airtrip-tsukaikata
aeoncompass-travelmall-yado-poikatsu,イオンコンパストラベルモール(宿泊予約)とは?WAON POINTが貯まる予約サービス,campaign,28,28,FALSE,FALSE,TRUE,FALSE,aeoncompass-travelmall-poikatsu;airtrip-poikatsu;jalan-net-poikatsu;travelist-kaigai-poikatsu;travelist-poikatsu;yahoo-travel-poikatsu;paypay-campaign-katsuyo;rakuten-travel-supersale-poikatsu;yahoo-travel-tsukaikata;airtrip-tsukaikata
ahamo-hikari-poikatsu,ahamo光とは?料金・dポイント特典・工事費無料の条件を解説,seikatsu,6,15,FALSE,FALSE,TRUE,FALSE,docomo-ahamo-dpoint;dpoint-dharai-tamekata;dpoint-tsukaikata;ana-hikari-poikatsu;auhikari-poikatsu;biglobe-hikari-poikatsu;docomo-denki-poikatsu;nifty-docomo-hikari-poikatsu;rakuten-hikari-poikatsu;rakuten-mobile-poikatsu
ahamo-toha,ahamoとは?月額料金とdポイントの貯め方をわかりやすく解説,seikatsu,1,16,FALSE,FALSE,TRUE,FALSE,kakuyasu-sim-norikae-poikatsu;dcarshare-toha;dhealthcare-toha;dmagazine-toha;hikaritv-toha;jalan-golf-toha;lemino-premium-toha;anshin-security-toha;busnoru-poikatsu;dhits-toha
airtrip-poikatsu,エアトリポイントの使い道は?貯め方・有効期限をわかりやすく解説,campaign,28,23,FALSE,FALSE,TRUE,FALSE,airtrip-tsukaikata;rakuten-travel-supersale-entry-coupon;aeoncompass-travelmall-poikatsu;aeoncompass-travelmall-yado-poikatsu;jalan-net-poikatsu;travelist-kaigai-poikatsu;travelist-poikatsu;yahoo-travel-poikatsu;paypay-campaign-katsuyo;rakuten-travel-supersale-poikatsu
airtrip-tsukaikata,エアトリで旅行予約ポイ活!航空券購入前に見るべき費用とポイント,campaign,2,11,FALSE,FALSE,TRUE,FALSE,airtrip-poikatsu;shukuhaku-yoyaku-point;ame-heijitsu-campaign-poikatsu;black-friday-poikatsu;poikatsu-campaign-shippai-boushi;rakuten-travel-supersale-poikatsu;yahoo-travel-tsukaikata;jalan-net-poikatsu;yahoo-travel-poikatsu;paypay-campaign-katsuyo
amazon-gift-charge,Amazonギフト券チャージで損しない考え方!支払い方法と使い切りのコツ,shopping,0,18,TRUE,FALSE,FALSE,FALSE,amazon-poikatsu;chuushajou-yoyaku-poikatsu;dpoint-hanei-sarenai;furusato-nozei-poikatsu;game-kakin-point;halloween-yohin-poikatsu;hikkoshi-seikatsuyohin-poikatsu;iryouhi-shohouyaku-point;koukyou-ryokin-poikatsu;maebarai-shisugi-poikatsu
amazon-poikatsu,Amazonでポイ活はできる?ポイントを貯める方法と注意点を解説,shopping,0,18,TRUE,FALSE,FALSE,FALSE,amazon-gift-charge;chuushajou-yoyaku-poikatsu;dpoint-hanei-sarenai;furusato-nozei-poikatsu;game-kakin-point;halloween-yohin-poikatsu;hikkoshi-seikatsuyohin-poikatsu;iryouhi-shohouyaku-point;koukyou-ryokin-poikatsu;maebarai-shisugi-poikatsu
amazon-tsuhan-toha,Amazonとは?特徴とポイントの貯め方をわかりやすく解説,shopping,173,173,FALSE,FALSE,TRUE,FALSE,net-shopping-point-kiso;aupay-market-toha;biccamera-toha;charge-route-point;daimaru-matsuzakaya-toha;docomo-select-toha;dpoint-tsukaimichi;dshopping-toha;ec-current-poikatsu;hikkoshi-poikatsu
ame-heijitsu-campaign-poikatsu,雨の日・平日限定キャンペーンのポイ活術!条件を見落とさないコツ,campaign,0,4,TRUE,FALSE,FALSE,FALSE,airtrip-tsukaikata;black-friday-poikatsu;poikatsu-campaign-shippai-boushi;rakuten-travel-supersale-poikatsu;yahoo-travel-tsukaikata;jalan-net-poikatsu;yahoo-travel-poikatsu;paypay-campaign-katsuyo;airtrip-poikatsu;jalan-tsukaikata
amefri-poikatsu,アメフリとは?すきま時間で貯まるポイントサイトの特徴を解説,pointsite,72,72,FALSE,FALSE,TRUE,FALSE,chobirich-poikatsu;chobirich-tsukaikata;ecnavi-poikatsu;ecnavi-tsukaikata;hapitas-poikatsu;moppy-hajimekata;muryou-kaiin-touroku-poikatsu;nifty-point-club-poikatsu;point-museum-poikatsu;pointincome-poikatsu
ana-amex-campaign-2026,"【期間限定】ANAアメックス新規入会キャンペーン特集|最大242,000マイル",creditcard,1,2,FALSE,FALSE,FALSE,FALSE,ana-amex-poikatsu;rakuten-card-poikatsu;dcard-poikatsu;mitsui-sumitomo-card-vpoint;credit-card-mile-hikaku;credit-card-common-point-hikaku;credit-card-point-hikaku;creditcard-tsukurisugi-chuui;kuukou-lounge-poikatsu;creditcard-erabikata
ana-amex-poikatsu,ANAアメックスが大幅刷新!ゴールド・プレミアムの新特典とマイル還元まとめ,creditcard,2,23,FALSE,FALSE,FALSE,FALSE,ana-amex-campaign-2026;kuukou-lounge-poikatsu;apple-pay-poikatsu;dcard-poikatsu;gasoline-point-tameru;hokenryo-point-tameru;jcb-jpoint-poikatsu;mitsui-sumitomo-card-vpoint;rakuten-card-poikatsu;credit-card-mile-hikaku
ana-furusato-mile,ANAのふるさと納税でマイルを貯める方法!旅行好き向けの基本,shopping,1,7,FALSE,FALSE,FALSE,FALSE,furusato-nozei-poikatsu;ana-mileage-mall-poikatsu;etc-mileage-toha;jal-mileage-mall-poikatsu;jre-point-kiso;mile-koukan-merit;point-koukan-toha;ponta-mile-koukan;rakuten-ana-mile-koukan;recruit-ponta
ana-hikari-poikatsu,ANAマイルが貯まる光回線が登場!「ANA光 powered by SoftBank」を徹底解説,seikatsu,0,6,TRUE,FALSE,FALSE,FALSE,ahamo-hikari-poikatsu;auhikari-poikatsu;biglobe-hikari-poikatsu;docomo-denki-poikatsu;nifty-docomo-hikari-poikatsu;rakuten-hikari-poikatsu;rakuten-mobile-poikatsu;softbank-hikari-poikatsu;aupay-furusato-poikatsu;d-value-pass-poikatsu
ana-jal-mile-hikaku,ANAマイルとJALマイルはどっち?貯めやすさ・使いやすさを比較,shopping,3,35,FALSE,FALSE,FALSE,FALSE,point-yuukoukigen-kanri;rakuten-ana-mile-koukan;ponta-mile-koukan;vpoint-tasha-koukan;ana-mile-tameru-kachi;ana-mileage-mall-poikatsu;jal-mile-tameru-kachi;mile-koukan-merit;ana-mileageplus-hikaku;au-uq-ponta
ana-mile-tameru-kachi,ANAマイルを貯めるべき人・貯めない方がいい人を解説,shopping,1,21,FALSE,FALSE,FALSE,FALSE,ana-mileage-mall-poikatsu;rakuten-ana-mile-koukan;ana-jal-mile-hikaku;ana-mileageplus-hikaku;jal-mile-tameru-kachi;mileageplus-nihon-zaijuu;au-uq-ponta;carshare-point-katsuyou;cleaning-poikatsu;code-kessai-4sha-hikaku
ana-mileage-mall-poikatsu,ANAマイレージモールの使い方!通販前にマイルを貯める経由術,shopping,3,9,FALSE,FALSE,FALSE,FALSE,mile-koukan-merit;ana-jal-mile-hikaku;ana-mile-tameru-kachi;rakuten-travel-supersale-entry-coupon;ana-furusato-mile;etc-mileage-toha;jal-mileage-mall-poikatsu;jre-point-kiso;point-koukan-toha;ponta-mile-koukan
ana-mileageplus-hikaku,ANAマイルとMileagePlusはどっち?同じスターアライアンスで何が違う?,shopping,2,28,FALSE,FALSE,FALSE,FALSE,ana-jal-mile-hikaku;mileageplus-nihon-zaijuu;ana-mile-tameru-kachi;au-uq-ponta;cleaning-poikatsu;code-kessai-4sha-hikaku;docomo-ahamo-dpoint;dpoint-ponta-hikaku;jal-mile-tameru-kachi;net-super-poikatsu
anshin-security-toha,あんしんセキュリティとは?月額料金と機能をわかりやすく解説,seikatsu,0,12,TRUE,FALSE,TRUE,FALSE,ahamo-toha;busnoru-poikatsu;dcarshare-toha;dhealthcare-toha;dhits-toha;dmagazine-toha;dmmbooks-toha;dphoto-toha;hikaritv-toha;jalan-golf-toha
app-hitsuyou,ポイ活アプリは必要?初心者におすすめの使い分けと管理方法,app,0,11,TRUE,FALSE,FALSE,FALSE,code-receipt-poikatsu;reshichare-poikatsu;one-receipt-poikatsu;torima-idou-poikatsu;app-install-anken-poikatsu;hashport-wallet-poikatsu;hosuu-app-poikatsu;idou-app-erabikata;receipt-app-poikatsu;taxi-app-poikatsu
app-install-anken-poikatsu,アプリインストール案件のポイ活とは?条件達成・アンインストールの注意点を解説,app,0,11,TRUE,FALSE,FALSE,FALSE,hashport-wallet-poikatsu;receipt-app-poikatsu;code-receipt-poikatsu;reshichare-poikatsu;one-receipt-poikatsu;torima-idou-poikatsu;app-hitsuyou;hosuu-app-poikatsu;idou-app-erabikata;taxi-app-poikatsu
apple-pay-poikatsu,Apple Payでポイ活する方法!ポイント還元とiD・QUICPay・タッチ決済の違い,creditcard,0,13,TRUE,FALSE,FALSE,FALSE,creditcard-kangenritsu;suica-point-tameru;point-niju-sanjudori-kumiawase;visa-touch-poikatsu;sumaho-kessai-poikatsu;cashless-setsuyaku;ana-amex-poikatsu;dcard-poikatsu;gasoline-point-tameru;hokenryo-point-tameru
au-uq-ponta,au・UQユーザーはPontaポイントにまとめるべき?相性の良いサービスを解説,shopping,4,48,FALSE,FALSE,FALSE,FALSE,aupay-ponta;lawson-ponta;aupay-furusato-poikatsu;docomo-ahamo-dpoint;dpoint-ponta-hikaku;yosekatsu;ponta-kiso;ponta-supermarket;ana-jal-mile-hikaku;ana-mileageplus-hikaku
auhikari-poikatsu,auひかりとは?NEXT経由の申込みでキャッシュバックが早いって本当?,seikatsu,0,6,TRUE,FALSE,TRUE,FALSE,ahamo-hikari-poikatsu;ana-hikari-poikatsu;biglobe-hikari-poikatsu;docomo-denki-poikatsu;nifty-docomo-hikari-poikatsu;rakuten-hikari-poikatsu;rakuten-mobile-poikatsu;softbank-hikari-poikatsu;aupay-furusato-poikatsu;d-value-pass-poikatsu
aupay-furusato-poikatsu,au PAYふるさと納税のPontaポイントは貯まる?2025年10月の変更を解説,seikatsu,16,14,FALSE,FALSE,TRUE,FALSE,ponta-tsukaikata;au-uq-ponta;furusato-nozei-poikatsu;furusato-portal-erabikata;ponta-tamekata;jalan-golf-toha;docomo-denki-poikatsu;rakuten-mobile-poikatsu;ahamo-hikari-poikatsu;d-value-pass-poikatsu
aupay-market-poikatsu,au PAYマーケットでポイントを活用する方法!買い物前の確認ポイント,shopping,0,32,TRUE,FALSE,FALSE,FALSE,au-uq-ponta;aupay-market-toha;aupay-ponta;code-kessai-4sha-hikaku;dpoint-ponta-hikaku;drugstore-point-hikaku;kadenryohanten-point-hikaku;kikangentei-point-5shu-hikaku;kikangentei-point-tsukaimichi;lawson-ponta
aupay-market-toha,au PAY マーケットとは?特徴とポイントの貯め方をわかりやすく解説,shopping,184,184,FALSE,FALSE,TRUE,FALSE,net-shopping-point-kiso;ponta-tamekata;ponta-tsukaikata;au-uq-ponta;aupay-market-poikatsu;aupay-ponta;code-kessai-4sha-hikaku;dpoint-ponta-hikaku;drugstore-point-hikaku;kadenryohanten-point-hikaku
aupay-ponta,au PAYでPontaポイントを貯める方法!スマホ決済との組み合わせを解説,shopping,3,30,FALSE,FALSE,FALSE,FALSE,au-uq-ponta;ponta-tamekata;ponta-tsukaikata;aupay-market-poikatsu;aupay-market-toha;code-kessai-4sha-hikaku;dpoint-ponta-hikaku;drugstore-point-hikaku;kadenryohanten-point-hikaku;kikangentei-point-5shu-hikaku
biccamera-toha,ビックカメラ.comとは?特徴とポイントの貯め方をわかりやすく解説,shopping,173,18,FALSE,FALSE,FALSE,FALSE,amazon-tsuhan-toha;aupay-market-toha;charge-route-point;daimaru-matsuzakaya-toha;docomo-select-toha;dpoint-tsukaimichi;dshopping-toha;ec-current-poikatsu;hikkoshi-poikatsu;irisplaza-toha
biglobe-hikari-poikatsu,BIGLOBE光とは?フレッツ光の設備を使った高速・格安光回線を解説,seikatsu,34,34,FALSE,FALSE,TRUE,FALSE,ahamo-hikari-poikatsu;ana-hikari-poikatsu;auhikari-poikatsu;docomo-denki-poikatsu;nifty-docomo-hikari-poikatsu;rakuten-hikari-poikatsu;rakuten-mobile-poikatsu;softbank-hikari-poikatsu;aupay-furusato-poikatsu;d-value-pass-poikatsu
biyouin-salon-point,美容院・サロン代をポイントで節約!予約前に見るべき条件と使い方,shopping,0,14,TRUE,FALSE,FALSE,FALSE,aupay-market-poikatsu;aupay-ponta;coke-on-setsuyaku;demaecan-poikatsu;doutor-tullys-poikatsu;dpoint-d-harai;drugstore-poikatsu;famiresu-cafe-point;gaishoku-point-tameru;homecenter-app-katsuyou
black-friday-poikatsu,ブラックフライデーで失敗しないポイ活!買うものリストと上限確認の基本,campaign,0,4,TRUE,FALSE,FALSE,FALSE,airtrip-tsukaikata;ame-heijitsu-campaign-poikatsu;poikatsu-campaign-shippai-boushi;rakuten-travel-supersale-poikatsu;yahoo-travel-tsukaikata;jalan-net-poikatsu;yahoo-travel-poikatsu;paypay-campaign-katsuyo;airtrip-poikatsu;jalan-tsukaikata
bonus-tsuki-poikatsu-keikaku,ボーナス月のポイ活計画!大きな買い物で損しない予算管理,campaign,0,13,TRUE,FALSE,FALSE,FALSE,fukubukuro-hatsuuri-poikatsu;fuyujitaku-poikatsu;ikkyu-poikatsu;jcb-airmacau-campaign-2026;kakuyasu-sim-norikae-poikatsu;kessan-sale-poikatsu;natsuyasumi-poikatsu-junbi;nenmatsunenshi-poikatsu;paypay-campaign-katsuyo;paypay-jichitai-campaign-2026
bousai-goods-poikatsu,防災グッズ購入でポイ活する方法!備蓄を無駄なくそろえるコツ,shopping,0,16,TRUE,FALSE,FALSE,FALSE,abc-mart-poikatsu;cashless-setsuyaku;dpoint-kiso;hasuu-shiharai-point;hyakkaten-depart-poikatsu;kikangentei-point-tsukaimichi;nanaco-point-kiso;net-shopping-point-kiso;nyuugaku-shingaku-junbi-point;paypay-point-kiso
browser-kakuchou-poikatsu,ブラウザ拡張機能でポイ活を便利にする方法!使いすぎない管理術,pointsite,0,0,TRUE,TRUE,FALSE,FALSE,yosekatsu;poikatsu-kiso;hapitas-poikatsu;keiyu-wasure-boushi;moppy-hajimekata;pointsite-kyakka-genin;chobirich-poikatsu;ecnavi-poikatsu;koteihi-sukunai-poikatsu;nifty-point-club-poikatsu
busnoru-poikatsu,バスのるとは?高速バス予約と「バスのるポイント」を解説,seikatsu,0,12,TRUE,FALSE,TRUE,FALSE,ahamo-toha;anshin-security-toha;dcarshare-toha;dhealthcare-toha;dhits-toha;dmagazine-toha;dmmbooks-toha;dphoto-toha;hikaritv-toha;jalan-golf-toha
campaign-memo-tsukurikata,キャンペーンメモの作り方!エントリー忘れを減らすポイ活管理術,pointsite,0,11,TRUE,FALSE,FALSE,FALSE,entry-calendar-tsukurikata;fuyoyotei-point-mieruka;gendama-poikatsu;hitorigurashi-poikatsu;isogashii-kaishain-shuumatsu-poikatsu;poikatsu-kakeibo;poikatsu-minaoshi-timing;poikatsu-yuusenjyuni;point-shuushihyou-tsukurikata;point-toiawase-junbi
carshare-point-katsuyou,カーシェアでポイ活する方法とは?短時間利用の節約ポイントを解説,shopping,0,17,TRUE,FALSE,TRUE,FALSE,ana-jal-mile-hikaku;ana-mile-tameru-kachi;ana-mileageplus-hikaku;au-uq-ponta;cleaning-poikatsu;code-kessai-4sha-hikaku;d-point-supermarket;denryoku-norikae-point;docomo-ahamo-dpoint;doramori-point
cashless-fuan-poikatsu,キャッシュレスが不安な人向けポイ活!現金感覚で使うための管理方法,pointsite,0,19,TRUE,FALSE,FALSE,FALSE,gakusei-poikatsu;hapitas-tsukaikata;kaimono-nigate-poikatsu;kosodate-setai-poikatsu;koteihi-sukunai-poikatsu;kurumanashi-seikatsu-poikatsu;minimalist-poikatsu;poikatsu-mail-tsuuchi-seiri;poikatsu-senyou-mail-hitsuyou;poikatsu-taikai-mae-kakunin
cashless-setsuyaku,キャッシュレス決済で節約する方法!現金派から始めるポイ活入門,shopping,1,17,FALSE,FALSE,FALSE,FALSE,apple-pay-poikatsu;abc-mart-poikatsu;bousai-goods-poikatsu;dpoint-kiso;hasuu-shiharai-point;hyakkaten-depart-poikatsu;kikangentei-point-tsukaimichi;nanaco-point-kiso;net-shopping-point-kiso;nyuugaku-shingaku-junbi-point
charge-route-point,チャージルートでポイントを増やす考え方!複雑にしすぎない決済設計,shopping,1,19,FALSE,FALSE,FALSE,FALSE,point-niju-sanjudori-kumiawase;amazon-tsuhan-toha;aupay-market-toha;biccamera-toha;daimaru-matsuzakaya-toha;docomo-select-toha;dpoint-tsukaimichi;dshopping-toha;ec-current-poikatsu;hikkoshi-poikatsu
chihou-zaijuu-poikatsu,地方在住者のポイ活術!使える店舗が少ない時のポイント活用法,pointsite,0,13,TRUE,FALSE,FALSE,FALSE,hoken-soudan-anken-poikatsu;kaigai-zaijuu-point-kanri;kazoku-account-poikatsu-chuui;keiyu-wasure-boushi;poikatsu-demerit;poikatsu-kojinjouhou-mamoru;poikatsu-kuchikomi-shinyou;poikatsu-muki-fumuki;poikatsu-yattehaikenai-koto;pointsite-kougaku-anken
chobirich-poikatsu,ちょびリッチとは?評判・特徴からポイントの貯め方まで徹底解説,pointsite,72,25,FALSE,FALSE,TRUE,FALSE,pointsite-kyakka-genin;amefri-poikatsu;chobirich-tsukaikata;ecnavi-poikatsu;ecnavi-tsukaikata;hapitas-poikatsu;moppy-hajimekata;muryou-kaiin-touroku-poikatsu;nifty-point-club-poikatsu;point-museum-poikatsu
chobirich-tsukaikata,ちょびリッチの使い方!ポイントサイト初心者が見るべき案件と交換先,pointsite,0,13,TRUE,FALSE,TRUE,FALSE,amefri-poikatsu;chobirich-poikatsu;ecnavi-poikatsu;ecnavi-tsukaikata;hapitas-poikatsu;moppy-hajimekata;muryou-kaiin-touroku-poikatsu;nifty-point-club-poikatsu;point-museum-poikatsu;pointincome-poikatsu
chuushajou-yoyaku-poikatsu,駐車場予約サービスでポイ活する方法!イベント前に確認したい条件,shopping,0,18,TRUE,FALSE,FALSE,FALSE,amazon-gift-charge;amazon-poikatsu;dpoint-hanei-sarenai;furusato-nozei-poikatsu;game-kakin-point;halloween-yohin-poikatsu;hikkoshi-seikatsuyohin-poikatsu;iryouhi-shohouyaku-point;koukyou-ryokin-poikatsu;maebarai-shisugi-poikatsu
cleaning-poikatsu,クリーニング代でポイントを貯める方法!宅配と店舗を比較するコツ,shopping,1,23,FALSE,FALSE,FALSE,FALSE,hikkoshi-seikatsuyohin-poikatsu;ana-jal-mile-hikaku;ana-mileageplus-hikaku;au-uq-ponta;code-kessai-4sha-hikaku;docomo-ahamo-dpoint;dpoint-ponta-hikaku;net-super-poikatsu;paypay-vpoint-koukan;rakuten-mobile-rakuten-point
code-kessai-4sha-hikaku,コード決済4社を徹底比較|PayPay・d払い・楽天ペイ・au PAY,shopping,2,67,FALSE,FALSE,FALSE,FALSE,sumaho-kessai-poikatsu;qr-kessai-poikatsu;ana-jal-mile-hikaku;ana-mileageplus-hikaku;au-uq-ponta;aupay-market-poikatsu;aupay-market-toha;aupay-ponta;cleaning-poikatsu;d-point-supermarket
code-receipt-poikatsu,CODEで商品バーコードを使ったポイ活!レシート登録と案件活用の基本,app,2,11,FALSE,FALSE,FALSE,FALSE,idou-app-erabikata;receipt-app-poikatsu;one-receipt-poikatsu;reshichare-poikatsu;taxi-app-poikatsu;tiktok-lite-poikatsu;torima-idou-poikatsu;app-hitsuyou;app-install-anken-poikatsu;hashport-wallet-poikatsu
coke-on-setsuyaku,Coke ONで飲み物代を節約する方法!スタンプ・チケット活用の基本,shopping,0,14,TRUE,FALSE,FALSE,FALSE,aupay-market-poikatsu;aupay-ponta;biyouin-salon-point;demaecan-poikatsu;doutor-tullys-poikatsu;dpoint-d-harai;drugstore-poikatsu;famiresu-cafe-point;gaishoku-point-tameru;homecenter-app-katsuyou
cosmo-opus-card-poikatsu,コスモ・ザ・カード・オーパスとは?ガソリン割引の特徴を解説,creditcard,24,24,FALSE,FALSE,TRUE,FALSE,epos-card-poikatsu;nexus-card-poikatsu;odakyu-point-card-poikatsu;rakuten-card-poikatsu;dcard-poikatsu;mitsui-sumitomo-card-vpoint;credit-card-mile-hikaku;ana-amex-poikatsu;credit-card-common-point-hikaku;credit-card-point-hikaku
creca-tsumitate-point,クレカ積立でポイントは貯まる?投資前に知りたい基本と注意点,creditcard,0,3,TRUE,FALSE,FALSE,FALSE,creditcard-hakkou-anken-poikatsu;creditcard-tsukurisugi-chuui;zeikin-shiharai-point;rakuten-card-poikatsu;dcard-poikatsu;mitsui-sumitomo-card-vpoint;credit-card-mile-hikaku;ana-amex-poikatsu;credit-card-common-point-hikaku;credit-card-point-hikaku
credit-card-common-point-hikaku,共通ポイント別クレジットカード比較|d・楽天・Ponta・Vポイントで選ぶ,creditcard,2,26,FALSE,FALSE,FALSE,FALSE,dcard-poikatsu;rakuten-card-poikatsu;mitsui-sumitomo-card-vpoint;credit-card-point-hikaku;credit-card-mile-hikaku;keitai-ryokin-point;creditcard-erabikata;creditcard-kangenritsu;creditcard-seiri-poikatsu;kuukou-lounge-poikatsu
credit-card-mile-hikaku,マイルが貯まるクレジットカード比較|ANA・JALの還元と移行条件,creditcard,3,22,FALSE,FALSE,FALSE,FALSE,credit-card-common-point-hikaku;point-koukan-toha;credit-card-point-hikaku;jcb-airmacau-campaign-2026;rakuten-card-poikatsu;dcard-poikatsu;mitsui-sumitomo-card-vpoint;ana-amex-poikatsu;creditcard-tsukurisugi-chuui;kuukou-lounge-poikatsu
credit-card-point-hikaku,クレジットカードのポイントを徹底比較|還元率・年会費・使い道で選ぶ,creditcard,2,25,FALSE,FALSE,FALSE,FALSE,credit-card-mile-hikaku;credit-card-common-point-hikaku;creditcard-tsukurisugi-chuui;dcard-poikatsu;keitai-ryokin-point;mitsui-sumitomo-card-vpoint;rakuten-card-poikatsu;creditcard-erabikata;creditcard-kangenritsu;creditcard-seiri-poikatsu
creditcard-erabikata,ポイ活向けクレジットカードの選び方!初心者が見るべき5つのポイント,creditcard,1,8,FALSE,FALSE,FALSE,FALSE,hyakkaten-depart-poikatsu;credit-card-common-point-hikaku;credit-card-point-hikaku;creditcard-kangenritsu;creditcard-seiri-poikatsu;kuukou-lounge-poikatsu;sumaho-kessai-creditcard-hikaku;rakuten-card-poikatsu;dcard-poikatsu;mitsui-sumitomo-card-vpoint
creditcard-hakkou-anken-poikatsu,クレジットカード発行案件のポイ活術!申し込み前に確認すべきこと,creditcard,0,3,TRUE,FALSE,TRUE,FALSE,creca-tsumitate-point;creditcard-tsukurisugi-chuui;zeikin-shiharai-point;rakuten-card-poikatsu;dcard-poikatsu;mitsui-sumitomo-card-vpoint;credit-card-mile-hikaku;ana-amex-poikatsu;credit-card-common-point-hikaku;credit-card-point-hikaku
creditcard-kangenritsu,クレジットカードのポイント還元率とは?1%と0.5%の違いをわかりやすく解説,creditcard,1,7,FALSE,FALSE,FALSE,FALSE,apple-pay-poikatsu;credit-card-common-point-hikaku;credit-card-point-hikaku;creditcard-erabikata;creditcard-seiri-poikatsu;kuukou-lounge-poikatsu;sumaho-kessai-creditcard-hikaku;rakuten-card-poikatsu;dcard-poikatsu;mitsui-sumitomo-card-vpoint
creditcard-poikatsu-kiso,クレジットカードでポイ活する基本!還元率だけで選ばない考え方,creditcard,0,2,TRUE,FALSE,FALSE,FALSE,debit-card-poikatsu;nenkaihi-muryo-card;rakuten-card-poikatsu;dcard-poikatsu;mitsui-sumitomo-card-vpoint;credit-card-mile-hikaku;ana-amex-poikatsu;credit-card-common-point-hikaku;credit-card-point-hikaku;creditcard-tsukurisugi-chuui
creditcard-seiri-poikatsu,複数クレジットカードの整理術!ポイ活効率を落とさない見直し方,creditcard,1,7,FALSE,FALSE,FALSE,FALSE,creditcard-tsukurisugi-chuui;kuukou-lounge-poikatsu;credit-card-common-point-hikaku;credit-card-point-hikaku;creditcard-erabikata;creditcard-kangenritsu;sumaho-kessai-creditcard-hikaku;rakuten-card-poikatsu;dcard-poikatsu;mitsui-sumitomo-card-vpoint
creditcard-tsukurisugi-chuui,クレジットカードを作りすぎると危険?ポイ活で注意したい信用情報の基本,creditcard,2,12,FALSE,FALSE,FALSE,FALSE,creditcard-seiri-poikatsu;credit-card-point-hikaku;creca-tsumitate-point;creditcard-hakkou-anken-poikatsu;zeikin-shiharai-point;rakuten-card-poikatsu;dcard-poikatsu;mitsui-sumitomo-card-vpoint;credit-card-mile-hikaku;ana-amex-poikatsu
cue-monitor-poikatsu,キューモニターでアンケートポイ活!初心者が知るべき使い方,survey,0,12,TRUE,FALSE,FALSE,FALSE,fancrew-poikatsu;fruitmail-poikatsu;ipsos-isay-poikatsu;iresearch-poikatsu;macromill-poikatsu;macromill-tsukaikata;opinionworld-poikatsu;enquete-monitor-poikatsu;infoq-poikatsu;monitor-town-poikatsu
d-point-supermarket,dポイントが貯まるスーパー一覧|使える店舗・地域スーパーも比較,shopping,1,32,FALSE,FALSE,FALSE,FALSE,docomo-ahamo-dpoint;dpoint-kiso;ponta-supermarket;net-super-poikatsu;code-kessai-4sha-hikaku;docomo-select-toha;doramori-point;dpoint-d-harai;dpoint-hanei-sarenai;dpoint-ponta-hikaku
d-value-pass-poikatsu,dバリューパスとは?初月無料で壁紙・待受が使い放題のサブスク,seikatsu,5,18,FALSE,FALSE,TRUE,FALSE,dpoint-dharai-tamekata;dpoint-tsukaikata;itoyokado-netsuper-onigo-poikatsu;rakuten-beauty-poikatsu;rakuten-car-shaken-poikatsu;rakuten-denwa-poikatsu;rakuten-music-poikatsu;rakuten-shashinkan-poikatsu;retty-poikatsu;ubereats-poikatsu
daimaru-matsuzakaya-toha,大丸松坂屋オンラインストアとは?特徴とポイントの貯め方をわかりやすく解説,shopping,1,18,FALSE,FALSE,TRUE,FALSE,hyakkaten-depart-poikatsu;amazon-tsuhan-toha;aupay-market-toha;biccamera-toha;charge-route-point;docomo-select-toha;dpoint-tsukaimichi;dshopping-toha;ec-current-poikatsu;hikkoshi-poikatsu
dcard-poikatsu,dカードはポイ活におすすめ?dポイントを貯めやすい人の特徴,creditcard,4,31,FALSE,FALSE,FALSE,FALSE,credit-card-common-point-hikaku;docomo-ahamo-dpoint;dpoint-tsukaikata;point-niju-sanjudori-kumiawase;credit-card-point-hikaku;keitai-ryokin-point;ana-amex-poikatsu;apple-pay-poikatsu;gasoline-point-tameru;hokenryo-point-tameru
dcarshare-toha,dカーシェアとは?特徴とdポイントの貯め方をわかりやすく解説,seikatsu,0,12,TRUE,FALSE,TRUE,FALSE,ahamo-toha;dhealthcare-toha;dmagazine-toha;hikaritv-toha;jalan-golf-toha;lemino-premium-toha;anshin-security-toha;busnoru-poikatsu;dhits-toha;dmmbooks-toha
debit-card-poikatsu,デビットカード派のポイ活入門!即時払いで支出を管理するコツ,creditcard,0,2,TRUE,FALSE,FALSE,FALSE,creditcard-poikatsu-kiso;nenkaihi-muryo-card;rakuten-card-poikatsu;dcard-poikatsu;mitsui-sumitomo-card-vpoint;credit-card-mile-hikaku;ana-amex-poikatsu;credit-card-common-point-hikaku;credit-card-point-hikaku;creditcard-tsukurisugi-chuui
demaecan-poikatsu,出前館でポイ活する方法!注文前に確認したい割引とポイント,shopping,0,13,TRUE,FALSE,FALSE,FALSE,aupay-market-poikatsu;aupay-ponta;biyouin-salon-point;coke-on-setsuyaku;doutor-tullys-poikatsu;dpoint-d-harai;drugstore-poikatsu;famiresu-cafe-point;gaishoku-point-tameru;homecenter-app-katsuyou
denryoku-norikae-point,電力会社乗り換えでポイントを貯める方法!料金比較と特典の見方,shopping,1,12,FALSE,FALSE,FALSE,FALSE,docomo-denki-poikatsu;koukyou-ryokin-poikatsu;gas-norikae-poikatsu;ana-jal-mile-hikaku;ana-mile-tameru-kachi;ana-mileageplus-hikaku;au-uq-ponta;carshare-point-katsuyou;cleaning-poikatsu;code-kessai-4sha-hikaku
dhealthcare-toha,dヘルスケアとは?歩数・体重記録でdポイントが貯まる仕組みを解説,seikatsu,0,12,TRUE,FALSE,TRUE,FALSE,ahamo-toha;dcarshare-toha;dmagazine-toha;hikaritv-toha;jalan-golf-toha;lemino-premium-toha;anshin-security-toha;busnoru-poikatsu;dhits-toha;dmmbooks-toha
dhits-toha,dヒッツとは?月額300円からの音楽聴き放題サービスを解説,seikatsu,0,12,TRUE,FALSE,TRUE,FALSE,ahamo-toha;anshin-security-toha;busnoru-poikatsu;dcarshare-toha;dhealthcare-toha;dmagazine-toha;dmmbooks-toha;dphoto-toha;hikaritv-toha;jalan-golf-toha
dmagazine-toha,dマガジンとは?月額料金と読める雑誌数をわかりやすく解説,seikatsu,0,12,TRUE,FALSE,TRUE,FALSE,ahamo-toha;dcarshare-toha;dhealthcare-toha;hikaritv-toha;jalan-golf-toha;lemino-premium-toha;anshin-security-toha;busnoru-poikatsu;dhits-toha;dmmbooks-toha
dmm-kabu-poikatsu,DMM株とは?少額投資・低手数料が魅力の株式投資アプリを解説,kouza,7,12,FALSE,FALSE,TRUE,FALSE,shouken-kouza-anken-poikatsu;matsui-shouken-ideco-poikatsu;point-tamaru-ginkou-hikaku;docomo-ginkou-dpoint-poikatsu;monex-shouken-toha;net-ginkou-poikatsu;paypaysec-shouken-toha;rakuten-ginkou-happy-program;rakuten-shouken-toha;sbisec-shouken-toha
dmmbooks-toha,DMMブックスとは?特徴とポイントの貯め方をわかりやすく解説,seikatsu,1,12,FALSE,FALSE,TRUE,FALSE,hon-denshi-shoseki-poikatsu;ahamo-toha;anshin-security-toha;busnoru-poikatsu;dcarshare-toha;dhealthcare-toha;dhits-toha;dmagazine-toha;dphoto-toha;hikaritv-toha
docomo-ahamo-dpoint,ドコモ・ahamoユーザーはdポイントにまとめるべき?相性の良いサービスを解説,shopping,3,33,FALSE,FALSE,FALSE,FALSE,dpoint-tsukaikata;dcard-poikatsu;ahamo-hikari-poikatsu;docomo-denki-poikatsu;rakuten-mobile-rakuten-point;au-uq-ponta;yosekatsu;dpoint-ponta-hikaku;d-point-supermarket;ana-jal-mile-hikaku
docomo-denki-poikatsu,ドコモでんきとは?電気代でdポイントが貯まる仕組みを解説,seikatsu,8,16,FALSE,FALSE,TRUE,FALSE,denryoku-norikae-point;docomo-ahamo-dpoint;dpoint-dharai-tamekata;dpoint-tsukaikata;koukyou-ryokin-poikatsu;ahamo-hikari-poikatsu;ana-hikari-poikatsu;auhikari-poikatsu;biglobe-hikari-poikatsu;nifty-docomo-hikari-poikatsu
docomo-ginkou-dpoint-poikatsu,ドコモの銀行でdポイントを貯める方法|dアカウント連携・還元条件,kouza,2,14,FALSE,FALSE,FALSE,FALSE,dpoint-dharai-tamekata;point-tamaru-ginkou-hikaku;net-ginkou-poikatsu;monex-shouken-toha;dmm-kabu-poikatsu;matsui-shouken-ideco-poikatsu;paypaysec-shouken-toha;rakuten-ginkou-happy-program;rakuten-shouken-toha;sbisec-shouken-toha
docomo-select-toha,docomo selectとは?スマホアクセサリー購入とdポイントを解説,shopping,0,31,TRUE,FALSE,TRUE,FALSE,code-kessai-4sha-hikaku;d-point-supermarket;docomo-ahamo-dpoint;doramori-point;dpoint-d-harai;dpoint-hanei-sarenai;dpoint-kiso;dpoint-ponta-hikaku;dpoint-tsukaimichi;drugstore-point-hikaku
doramori-point,ドラッグストアモリのポイントを解説|ポイントデー・使い方・キャッシュレス時の条件,shopping,1,14,FALSE,FALSE,FALSE,FALSE,drugstore-point-hikaku;code-kessai-4sha-hikaku;d-point-supermarket;docomo-ahamo-dpoint;docomo-select-toha;dpoint-d-harai;dpoint-hanei-sarenai;dpoint-kiso;dpoint-ponta-hikaku;dpoint-tsukaimichi
doutor-tullys-poikatsu,ドトール・タリーズでポイ活する方法!カフェ利用時の支払い術,shopping,0,13,TRUE,FALSE,FALSE,FALSE,aupay-market-poikatsu;aupay-ponta;biyouin-salon-point;coke-on-setsuyaku;demaecan-poikatsu;dpoint-d-harai;drugstore-poikatsu;famiresu-cafe-point;gaishoku-point-tameru;homecenter-app-katsuyou
dphoto-toha,dフォトとは?毎月フォトブックが届くサービスをわかりやすく解説,seikatsu,0,5,TRUE,FALSE,TRUE,FALSE,ahamo-toha;anshin-security-toha;busnoru-poikatsu;dcarshare-toha;dhealthcare-toha;dhits-toha;dmagazine-toha;dmmbooks-toha;hikaritv-toha;jalan-golf-toha
dpoint-d-harai,d払いでdポイントを貯める方法!日常決済で活用するコツ,shopping,0,25,TRUE,FALSE,FALSE,FALSE,code-kessai-4sha-hikaku;d-point-supermarket;docomo-ahamo-dpoint;docomo-select-toha;doramori-point;dpoint-hanei-sarenai;dpoint-kiso;dpoint-ponta-hikaku;dpoint-tsukaimichi;drugstore-point-hikaku
dpoint-dharai-tamekata,dポイント・d払いの貯め方とは?もらう方法・使い方を解説,,1,8,FALSE,FALSE,FALSE,TRUE,ahamo-hikari-poikatsu;docomo-denki-poikatsu;d-value-pass-poikatsu;dshopping-toha;jalan-net-poikatsu;dpoint-tsukaikata;dpoint-hanei-sarenai;docomo-ginkou-dpoint-poikatsu
dpoint-hanei-sarenai,dポイントが反映されない原因は?dポイントマーケットの確認方法も解説,shopping,1,31,FALSE,FALSE,FALSE,FALSE,dpoint-dharai-tamekata;code-kessai-4sha-hikaku;d-point-supermarket;docomo-ahamo-dpoint;docomo-select-toha;doramori-point;dpoint-d-harai;dpoint-kiso;dpoint-ponta-hikaku;dpoint-tsukaimichi
dpoint-kiso,dポイントの貯め方を初心者向けに解説!ドコモ以外の人でも使える?,shopping,1,28,FALSE,FALSE,FALSE,FALSE,d-point-supermarket;code-kessai-4sha-hikaku;docomo-ahamo-dpoint;docomo-select-toha;doramori-point;dpoint-d-harai;dpoint-hanei-sarenai;dpoint-ponta-hikaku;dpoint-tsukaimichi;drugstore-point-hikaku
dpoint-ponta-hikaku,dポイントとPontaはどっちが得?貯め方・使える店・有効期限を比較,shopping,2,29,FALSE,FALSE,FALSE,FALSE,kikangentei-point-5shu-hikaku;docomo-ahamo-dpoint;au-uq-ponta;point-toushi-unyou-service-hikaku;point-tamaru-ginkou-hikaku;yosekatsu;ana-jal-mile-hikaku;ana-mileageplus-hikaku;aupay-market-poikatsu;aupay-market-toha
dpoint-tsukaikata,dポイントの使い方とは?店舗・連携・交換まで完全ガイド,,2,7,FALSE,FALSE,FALSE,TRUE,ahamo-hikari-poikatsu;docomo-denki-poikatsu;d-value-pass-poikatsu;dcard-poikatsu;jalan-net-poikatsu;docomo-ahamo-dpoint;dpoint-dharai-tamekata
dpoint-tsukaimichi,dポイントのおすすめの使い道!コンビニ・ドラッグストア・ネットで使う方法,shopping,2,27,FALSE,FALSE,FALSE,FALSE,hyakkaten-depart-poikatsu;starbucks-poikatsu;code-kessai-4sha-hikaku;d-point-supermarket;docomo-ahamo-dpoint;docomo-select-toha;doramori-point;dpoint-d-harai;dpoint-hanei-sarenai;dpoint-kiso
drugstore-poikatsu,ドラッグストアでポイ活する方法!日用品・薬・コスメでポイントを貯める,shopping,3,19,FALSE,FALSE,FALSE,FALSE,drugstore-point-hikaku;matsukiyo-cocokara-point;matsukiyo-cocokara-poikatsu;hikkoshi-seikatsuyohin-poikatsu;welcia-point;welkatsu-poikatsu;aupay-market-poikatsu;aupay-ponta;biyouin-salon-point;coke-on-setsuyaku
drugstore-point-hikaku,ドラッグストアのポイントを徹底比較|マツキヨ・ウエルシア・スギ薬局・ツルハなど,shopping,8,46,FALSE,FALSE,FALSE,FALSE,matsukiyo-cocokara-point;doramori-point;seims-point;welcia-point;sugi-point;tsuruha-point;drugstore-poikatsu;matsukiyo-cocokara-poikatsu;au-uq-ponta;aupay-market-poikatsu
dshopping-toha,dショッピングとは?特徴とポイントの貯め方をわかりやすく解説,shopping,191,191,FALSE,FALSE,TRUE,FALSE,dpoint-dharai-tamekata;code-kessai-4sha-hikaku;d-point-supermarket;docomo-ahamo-dpoint;docomo-select-toha;doramori-point;dpoint-d-harai;dpoint-hanei-sarenai;dpoint-kiso;dpoint-ponta-hikaku
ec-current-poikatsu,ECカレントとは?家電通販の特徴とポイント制度を解説,shopping,1,25,FALSE,FALSE,TRUE,FALSE,code-kessai-4sha-hikaku;d-point-supermarket;docomo-ahamo-dpoint;docomo-select-toha;doramori-point;dpoint-d-harai;dpoint-hanei-sarenai;dpoint-kiso;dpoint-ponta-hikaku;dpoint-tsukaimichi
ecnavi-poikatsu,ECナビとは?多彩な方法でポイントが貯まるポイントサイトの特徴を解説,pointsite,72,72,FALSE,FALSE,TRUE,FALSE,pointsite-kyakka-genin;amefri-poikatsu;chobirich-poikatsu;chobirich-tsukaikata;ecnavi-tsukaikata;hapitas-poikatsu;moppy-hajimekata;muryou-kaiin-touroku-poikatsu;nifty-point-club-poikatsu;point-museum-poikatsu
ecnavi-tsukaikata,ECナビでポイントを貯める方法!アンケートと買い物を組み合わせるコツ,pointsite,0,13,TRUE,FALSE,TRUE,FALSE,amefri-poikatsu;chobirich-poikatsu;chobirich-tsukaikata;ecnavi-poikatsu;hapitas-poikatsu;moppy-hajimekata;muryou-kaiin-touroku-poikatsu;nifty-point-club-poikatsu;point-museum-poikatsu;pointincome-poikatsu
eigakan-point,映画館でポイントを貯める方法!チケット購入と会員制度の使い分け,shopping,0,0,TRUE,TRUE,FALSE,FALSE,ana-jal-mile-hikaku;ana-mile-tameru-kachi;ana-mileageplus-hikaku;au-uq-ponta;carshare-point-katsuyou;cleaning-poikatsu;code-kessai-4sha-hikaku;d-point-supermarket;denryoku-norikae-point;docomo-ahamo-dpoint
enquete-monitor-poikatsu,アンケートモニターでポイ活する方法!スキマ時間で稼ぐ前の基本,survey,1,12,FALSE,FALSE,FALSE,FALSE,ipsos-isay-poikatsu;opinionworld-poikatsu;iresearch-poikatsu;monitor-town-poikatsu;macromill-poikatsu;fancrew-poikatsu;cue-monitor-poikatsu;fruitmail-poikatsu;infoq-poikatsu;macromill-tsukaikata
entry-calendar-tsukurikata,エントリーカレンダーの作り方!毎月のポイ活予定を見える化する,pointsite,0,11,TRUE,FALSE,FALSE,FALSE,campaign-memo-tsukurikata;fuyoyotei-point-mieruka;gendama-poikatsu;hitorigurashi-poikatsu;isogashii-kaishain-shuumatsu-poikatsu;poikatsu-kakeibo;poikatsu-minaoshi-timing;poikatsu-yuusenjyuni;point-shuushihyou-tsukurikata;point-toiawase-junbi
epos-card-poikatsu,エポスカードとは?年会費無料の特徴とマルイでの優待を解説,creditcard,24,24,FALSE,FALSE,TRUE,FALSE,cosmo-opus-card-poikatsu;nexus-card-poikatsu;odakyu-point-card-poikatsu;rakuten-card-poikatsu;dcard-poikatsu;mitsui-sumitomo-card-vpoint;credit-card-mile-hikaku;ana-amex-poikatsu;credit-card-common-point-hikaku;credit-card-point-hikaku
etc-mileage-toha,ETCマイレージサービスとは?高速道路利用者が知っておきたい基本,shopping,0,6,TRUE,FALSE,FALSE,FALSE,ana-furusato-mile;ana-mileage-mall-poikatsu;jal-mileage-mall-poikatsu;jre-point-kiso;mile-koukan-merit;point-koukan-toha;ponta-mile-koukan;rakuten-ana-mile-koukan;recruit-ponta;ryokou-yoyaku-point
famiresu-cafe-point,ファミレス・カフェでポイントを貯める方法!外食前のアプリ確認術,shopping,0,11,TRUE,FALSE,FALSE,FALSE,aupay-market-poikatsu;aupay-ponta;biyouin-salon-point;coke-on-setsuyaku;demaecan-poikatsu;doutor-tullys-poikatsu;dpoint-d-harai;drugstore-poikatsu;gaishoku-point-tameru;homecenter-app-katsuyou
fancrew-poikatsu,ファンくるとは?覆面調査の仕組み・ポイント・安全性を解説,survey,12,12,FALSE,FALSE,TRUE,FALSE,iresearch-poikatsu;cue-monitor-poikatsu;fruitmail-poikatsu;ipsos-isay-poikatsu;macromill-poikatsu;macromill-tsukaikata;opinionworld-poikatsu;enquete-monitor-poikatsu;infoq-poikatsu;monitor-town-poikatsu
fastfood-app-poikatsu,ファストフードアプリでポイ活する方法!クーポンと決済を組み合わせるコツ,shopping,0,0,TRUE,TRUE,FALSE,FALSE,ana-jal-mile-hikaku;ana-mile-tameru-kachi;ana-mileageplus-hikaku;au-uq-ponta;carshare-point-katsuyou;cleaning-poikatsu;code-kessai-4sha-hikaku;d-point-supermarket;denryoku-norikae-point;docomo-ahamo-dpoint
fruitmail-poikatsu,フルーツメールとは?ゲーム・アンケートでポイントが貯まる懸賞サイト,survey,12,12,FALSE,FALSE,TRUE,FALSE,cue-monitor-poikatsu;fancrew-poikatsu;ipsos-isay-poikatsu;iresearch-poikatsu;macromill-poikatsu;macromill-tsukaikata;opinionworld-poikatsu;enquete-monitor-poikatsu;infoq-poikatsu;monitor-town-poikatsu
fukubukuro-hatsuuri-poikatsu,福袋・初売りでポイ活する方法!お得に見えて損しない選び方,campaign,0,12,TRUE,FALSE,FALSE,FALSE,bonus-tsuki-poikatsu-keikaku;fuyujitaku-poikatsu;ikkyu-poikatsu;jcb-airmacau-campaign-2026;kakuyasu-sim-norikae-poikatsu;kessan-sale-poikatsu;natsuyasumi-poikatsu-junbi;nenmatsunenshi-poikatsu;paypay-campaign-katsuyo;paypay-jichitai-campaign-2026
fukugyou,ポイ活は副業になる?収入目的で始める前に知るべきメリットと限界,sidejob,0,3,TRUE,FALSE,FALSE,TRUE,kakuteishinkoku-point-seiri;keihiseisan-point-dareno;kojinjigyounushi-point-kanri
furima-app-kounyuu-point,フリマアプリ購入でポイントを活用する方法!中古品選びの注意点,furima,0,1,TRUE,FALSE,FALSE,TRUE,mercari-poikatsu
furusato-nozei-poikatsu,ふるさと納税でポイ活はできる?ポイント還元と注意点をわかりやすく解説,shopping,3,21,FALSE,FALSE,FALSE,FALSE,aupay-furusato-poikatsu;ana-furusato-mile;furusato-portal-erabikata;amazon-gift-charge;amazon-poikatsu;chuushajou-yoyaku-poikatsu;dpoint-hanei-sarenai;game-kakin-point;halloween-yohin-poikatsu;hikkoshi-seikatsuyohin-poikatsu
furusato-portal-erabikata,ふるさと納税ポータルの選び方!ポイント重視で比較する時の注意点,shopping,0,2,TRUE,FALSE,TRUE,FALSE,aupay-furusato-poikatsu;furusato-nozei-poikatsu;ana-jal-mile-hikaku;ana-mile-tameru-kachi;ana-mileageplus-hikaku;au-uq-ponta;carshare-point-katsuyou;cleaning-poikatsu;code-kessai-4sha-hikaku;d-point-supermarket
fuyoyotei-point-mieruka,付与予定ポイントの見える化術!反映待ちを忘れないチェック習慣,pointsite,0,11,TRUE,FALSE,FALSE,FALSE,campaign-memo-tsukurikata;entry-calendar-tsukurikata;gendama-poikatsu;hitorigurashi-poikatsu;isogashii-kaishain-shuumatsu-poikatsu;poikatsu-kakeibo;poikatsu-minaoshi-timing;poikatsu-yuusenjyuni;point-shuushihyou-tsukurikata;point-toiawase-junbi
fuyujitaku-poikatsu,冬支度のポイ活術!暖房家電・防寒用品をお得に準備する方法,campaign,0,10,TRUE,FALSE,FALSE,FALSE,bonus-tsuki-poikatsu-keikaku;fukubukuro-hatsuuri-poikatsu;ikkyu-poikatsu;jcb-airmacau-campaign-2026;kakuyasu-sim-norikae-poikatsu;kessan-sale-poikatsu;natsuyasumi-poikatsu-junbi;nenmatsunenshi-poikatsu;paypay-campaign-katsuyo;paypay-jichitai-campaign-2026
fx-kouza-anken-poikatsu,FX口座案件のポイ活は注意が必要?高還元に飛びつく前の確認点,kouza,0,2,TRUE,FALSE,FALSE,FALSE,shouken-kouza-anken-poikatsu;point-tamaru-ginkou-hikaku;docomo-ginkou-dpoint-poikatsu;dmm-kabu-poikatsu;matsui-shouken-ideco-poikatsu;monex-shouken-toha;net-ginkou-poikatsu;paypaysec-shouken-toha;rakuten-ginkou-happy-program;rakuten-shouken-toha
gaishoku-point-tameru,外食でポイントを貯める方法!予約サイト・決済・アプリ活用の基本,shopping,0,8,TRUE,FALSE,TRUE,FALSE,aupay-market-poikatsu;aupay-ponta;biyouin-salon-point;coke-on-setsuyaku;demaecan-poikatsu;doutor-tullys-poikatsu;dpoint-d-harai;drugstore-poikatsu;famiresu-cafe-point;homecenter-app-katsuyou
gakusei-poikatsu,学生でもできるポイ活!お金をかけずに始める安全な方法,pointsite,0,19,TRUE,FALSE,FALSE,FALSE,cashless-fuan-poikatsu;hapitas-tsukaikata;kaimono-nigate-poikatsu;kosodate-setai-poikatsu;koteihi-sukunai-poikatsu;kurumanashi-seikatsu-poikatsu;minimalist-poikatsu;poikatsu-mail-tsuuchi-seiri;poikatsu-senyou-mail-hitsuyou;poikatsu-taikai-mae-kakunin
game-kakin-point,ゲーム課金でポイントを貯める方法!Apple・Google残高利用時の注意,shopping,0,17,TRUE,FALSE,FALSE,FALSE,amazon-gift-charge;amazon-poikatsu;chuushajou-yoyaku-poikatsu;dpoint-hanei-sarenai;furusato-nozei-poikatsu;halloween-yohin-poikatsu;hikkoshi-seikatsuyohin-poikatsu;iryouhi-shohouyaku-point;koukyou-ryokin-poikatsu;maebarai-shisugi-poikatsu
gas-norikae-poikatsu,ガス会社乗り換えでポイ活する方法!セット割とポイントの確認術,shopping,0,2,TRUE,FALSE,FALSE,FALSE,koukyou-ryokin-poikatsu;denryoku-norikae-point;ana-jal-mile-hikaku;ana-mile-tameru-kachi;ana-mileageplus-hikaku;au-uq-ponta;carshare-point-katsuyou;cleaning-poikatsu;code-kessai-4sha-hikaku;d-point-supermarket
gasoline-point-tameru,ガソリン代でポイントを貯める方法!車利用者向けポイ活の基本,creditcard,1,7,FALSE,FALSE,TRUE,FALSE,rentacar-yoyaku-poikatsu;ana-amex-poikatsu;apple-pay-poikatsu;dcard-poikatsu;hokenryo-point-tameru;jcb-jpoint-poikatsu;mitsui-sumitomo-card-vpoint;rakuten-card-poikatsu;credit-card-mile-hikaku;credit-card-common-point-hikaku
gendama-poikatsu,げん玉とは?ポイントの貯め方・交換方法をわかりやすく解説,pointsite,0,11,TRUE,FALSE,TRUE,FALSE,campaign-memo-tsukurikata;entry-calendar-tsukurikata;fuyoyotei-point-mieruka;hitorigurashi-poikatsu;isogashii-kaishain-shuumatsu-poikatsu;poikatsu-kakeibo;poikatsu-minaoshi-timing;poikatsu-yuusenjyuni;point-shuushihyou-tsukurikata;point-toiawase-junbi
ginkou-kouza-poikatsu,銀行口座のポイ活とは?給与受取・口座振替で貯める基本,kouza,0,0,TRUE,TRUE,FALSE,FALSE,point-tamaru-ginkou-hikaku;docomo-ginkou-dpoint-poikatsu;dmm-kabu-poikatsu;matsui-shouken-ideco-poikatsu;monex-shouken-toha;net-ginkou-poikatsu;paypaysec-shouken-toha;rakuten-ginkou-happy-program;rakuten-shouken-toha;sbisec-shouken-toha
gyudon-chain-poikatsu,牛丼チェーンでポイ活する方法!吉野家・すき家・松屋利用時の基本,shopping,0,2,TRUE,FALSE,FALSE,FALSE,keitai-ryokin-setsuyaku;mcdonalds-poikatsu;sukairaku-group-poikatsu;drugstore-point-hikaku;point-toushi-unyou-service-hikaku;rakuten-ichiba-toha;kikangentei-point-5shu-hikaku;paypay-point-kiso;point-yuukoukigen-kanri;rakuten-mobile-rakuten-point
hahanohi-chichinohi-gift-point,母の日・父の日ギフトでポイントを貯める方法!早割と配送日の確認術,shopping,0,4,TRUE,FALSE,FALSE,FALSE,jtb-shopping-toha;aeon-point-tameru;qoo10-poikatsu;rakuten-ichiba-kaimawari;welcia-point;welkatsu-poikatsu;drugstore-point-hikaku;point-toushi-unyou-service-hikaku;rakuten-ichiba-toha;kikangentei-point-5shu-hikaku
hajimeni-tameru-point,ポイ活初心者が最初に貯めるべきポイントはどれ?主要ポイントを比較,pointsite,0,0,TRUE,TRUE,FALSE,FALSE,yosekatsu;poikatsu-kiso;hapitas-poikatsu;keiyu-wasure-boushi;moppy-hajimekata;pointsite-kyakka-genin;chobirich-poikatsu;ecnavi-poikatsu;koteihi-sukunai-poikatsu;nifty-point-club-poikatsu
halloween-yohin-poikatsu,ハロウィン用品でポイ活する方法!衣装・お菓子を買いすぎないコツ,shopping,0,17,TRUE,FALSE,FALSE,FALSE,amazon-gift-charge;amazon-poikatsu;chuushajou-yoyaku-poikatsu;dpoint-hanei-sarenai;furusato-nozei-poikatsu;game-kakin-point;hikkoshi-seikatsuyohin-poikatsu;iryouhi-shohouyaku-point;koukyou-ryokin-poikatsu;maebarai-shisugi-poikatsu
hapitas-poikatsu,ハピタスとは?ポイント還元率・交換方法・登録方法をわかりやすく解説,pointsite,73,73,FALSE,FALSE,TRUE,FALSE,pointsite-kyakka-genin;uniqlo-gu-point;amefri-poikatsu;chobirich-poikatsu;chobirich-tsukaikata;ecnavi-poikatsu;ecnavi-tsukaikata;moppy-hajimekata;muryou-kaiin-touroku-poikatsu;nifty-point-club-poikatsu
hapitas-tsukaikata,ハピタスの使い方を初心者向けに解説!案件選びとポイント交換の基本,pointsite,0,19,TRUE,FALSE,TRUE,FALSE,cashless-fuan-poikatsu;gakusei-poikatsu;kaimono-nigate-poikatsu;kosodate-setai-poikatsu;koteihi-sukunai-poikatsu;kurumanashi-seikatsu-poikatsu;minimalist-poikatsu;poikatsu-mail-tsuuchi-seiri;poikatsu-senyou-mail-hitsuyou;poikatsu-taikai-mae-kakunin
hashport-wallet-poikatsu,HashPort Walletとは?暗号資産・ポイント・NFTを一元管理できるアプリ,app,11,11,FALSE,FALSE,TRUE,FALSE,app-install-anken-poikatsu;receipt-app-poikatsu;code-receipt-poikatsu;reshichare-poikatsu;one-receipt-poikatsu;torima-idou-poikatsu;app-hitsuyou;hosuu-app-poikatsu;idou-app-erabikata;taxi-app-poikatsu
hasuu-shiharai-point,端数支払いでポイントを使う方法!少額ポイントを無駄にしないコツ,shopping,1,16,FALSE,FALSE,FALSE,FALSE,starbucks-poikatsu;abc-mart-poikatsu;bousai-goods-poikatsu;cashless-setsuyaku;dpoint-kiso;hyakkaten-depart-poikatsu;kikangentei-point-tsukaimichi;nanaco-point-kiso;net-shopping-point-kiso;nyuugaku-shingaku-junbi-point
hikaritv-toha,ひかりTVとは?特徴と料金プランをわかりやすく解説,seikatsu,0,12,TRUE,FALSE,TRUE,FALSE,ahamo-toha;dcarshare-toha;dhealthcare-toha;dmagazine-toha;jalan-golf-toha;lemino-premium-toha;anshin-security-toha;busnoru-poikatsu;dhits-toha;dmmbooks-toha
hikkoshi-poikatsu,引っ越しでポイ活する方法!見積もり・家具購入・手続きの確認ポイント,shopping,1,13,FALSE,FALSE,FALSE,FALSE,hikkoshi-seikatsuyohin-poikatsu;amazon-tsuhan-toha;aupay-market-toha;biccamera-toha;charge-route-point;daimaru-matsuzakaya-toha;docomo-select-toha;dpoint-tsukaimichi;dshopping-toha;ec-current-poikatsu
hikkoshi-seikatsuyohin-poikatsu,引越し後の生活用品で使えるポイ活術!支出が増える前に確認したい節約ポイント,shopping,1,22,FALSE,FALSE,TRUE,FALSE,hikkoshi-poikatsu;kadenryohanten-point;net-super-poikatsu;drugstore-poikatsu;cleaning-poikatsu;amazon-gift-charge;amazon-poikatsu;chuushajou-yoyaku-poikatsu;dpoint-hanei-sarenai;furusato-nozei-poikatsu
hitorigurashi-poikatsu,一人暮らしのポイ活術!固定費と日用品をポイントで節約する方法,pointsite,0,11,TRUE,FALSE,FALSE,FALSE,campaign-memo-tsukurikata;entry-calendar-tsukurikata;fuyoyotei-point-mieruka;gendama-poikatsu;isogashii-kaishain-shuumatsu-poikatsu;poikatsu-kakeibo;poikatsu-minaoshi-timing;poikatsu-yuusenjyuni;point-shuushihyou-tsukurikata;point-toiawase-junbi
hoken-soudan-anken-poikatsu,保険相談案件のポイ活とは?面談前に知っておきたいメリットと注意点,pointsite,0,14,TRUE,FALSE,FALSE,FALSE,shiryouseikyuu-anken-poikatsu;pointsite-kyakka-genin;pointsite-kougaku-anken;poikatsu-kiso;chihou-zaijuu-poikatsu;kaigai-zaijuu-point-kanri;kazoku-account-poikatsu-chuui;keiyu-wasure-boushi;poikatsu-demerit;poikatsu-kojinjouhou-mamoru
hokenryo-point-tameru,保険料でポイントを貯める方法!クレジットカード払いの確認ポイント,creditcard,0,6,TRUE,FALSE,FALSE,FALSE,ana-amex-poikatsu;apple-pay-poikatsu;dcard-poikatsu;gasoline-point-tameru;jcb-jpoint-poikatsu;mitsui-sumitomo-card-vpoint;rakuten-card-poikatsu;credit-card-mile-hikaku;credit-card-common-point-hikaku;credit-card-point-hikaku
homecenter-app-katsuyou,ホームセンターの会員アプリ活用術!DIY用品と日用品をお得に買う方法,shopping,0,6,TRUE,FALSE,FALSE,FALSE,aupay-market-poikatsu;aupay-ponta;biyouin-salon-point;coke-on-setsuyaku;demaecan-poikatsu;doutor-tullys-poikatsu;dpoint-d-harai;drugstore-poikatsu;famiresu-cafe-point;gaishoku-point-tameru
hon-denshi-shoseki-poikatsu,本・電子書籍のポイ活方法|楽天ブックス・Kobo・hontoの還元率を比較,shopping,1,4,FALSE,FALSE,TRUE,FALSE,rakuten-point-tamekata;dmmbooks-toha;point-koukan-toha;poikatsu-kiso;ana-jal-mile-hikaku;ana-mile-tameru-kachi;ana-mileageplus-hikaku;au-uq-ponta;carshare-point-katsuyou;cleaning-poikatsu
hosuu-app-poikatsu,歩数アプリでポイントを貯める方法!健康習慣と節約を両立するコツ,app,0,9,TRUE,FALSE,TRUE,FALSE,code-receipt-poikatsu;reshichare-poikatsu;one-receipt-poikatsu;torima-idou-poikatsu;app-hitsuyou;app-install-anken-poikatsu;hashport-wallet-poikatsu;idou-app-erabikata;receipt-app-poikatsu;taxi-app-poikatsu
hyakkaten-depart-poikatsu,百貨店のポイントを比較!高島屋・三越伊勢丹・大丸松坂屋など,shopping,0,21,TRUE,FALSE,FALSE,FALSE,takashimaya-online-toha;daimaru-matsuzakaya-toha;keio-net-shopping-toha;rakuten-point-tamekata;dpoint-tsukaimichi;creditcard-erabikata;abc-mart-poikatsu;bousai-goods-poikatsu;cashless-setsuyaku;dpoint-kiso
ichinichi-10pun,ポイ活を1日10分で続ける方法!忙しい人向けの時短ルーティン,pointsite,0,0,TRUE,TRUE,FALSE,FALSE,yosekatsu;poikatsu-kiso;hapitas-poikatsu;keiyu-wasure-boushi;moppy-hajimekata;pointsite-kyakka-genin;chobirich-poikatsu;ecnavi-poikatsu;koteihi-sukunai-poikatsu;nifty-point-club-poikatsu
idou-app-erabikata,移動系ポイ活アプリの選び方!歩数・移動距離・広告視聴の違い,app,0,10,TRUE,FALSE,FALSE,FALSE,torima-idou-poikatsu;reshichare-poikatsu;code-receipt-poikatsu;one-receipt-poikatsu;app-hitsuyou;app-install-anken-poikatsu;hashport-wallet-poikatsu;hosuu-app-poikatsu;receipt-app-poikatsu;taxi-app-poikatsu
ikkyu-poikatsu,一休.comでお得に予約する考え方!高級宿・レストラン利用時のポイント,campaign,0,10,TRUE,FALSE,FALSE,FALSE,bonus-tsuki-poikatsu-keikaku;fukubukuro-hatsuuri-poikatsu;fuyujitaku-poikatsu;jcb-airmacau-campaign-2026;kakuyasu-sim-norikae-poikatsu;kessan-sale-poikatsu;natsuyasumi-poikatsu-junbi;nenmatsunenshi-poikatsu;paypay-campaign-katsuyo;paypay-jichitai-campaign-2026
infoq-poikatsu,infoQでポイ活する方法!アンケートと記事作成案件の見方,survey,0,10,TRUE,FALSE,FALSE,FALSE,ipsos-isay-poikatsu;iresearch-poikatsu;macromill-poikatsu;enquete-monitor-poikatsu;fancrew-poikatsu;opinionworld-poikatsu;cue-monitor-poikatsu;fruitmail-poikatsu;macromill-tsukaikata;monitor-town-poikatsu
ipsos-isay-poikatsu,Ipsos iSay(イプソス・アイセイ)とは?特徴・ポイントの貯め方を解説,survey,12,14,FALSE,FALSE,TRUE,FALSE,point-koukan-toha;macromill-poikatsu;enquete-monitor-poikatsu;poikatsu-kiso;opinionworld-poikatsu;cue-monitor-poikatsu;fancrew-poikatsu;fruitmail-poikatsu;iresearch-poikatsu;macromill-tsukaikata
iresearch-poikatsu,アイリサーチとは?自社会場調査・ポイントの貯め方をわかりやすく解説,survey,12,14,FALSE,FALSE,TRUE,FALSE,point-koukan-toha;macromill-poikatsu;fancrew-poikatsu;poikatsu-kiso;enquete-monitor-poikatsu;opinionworld-poikatsu;cue-monitor-poikatsu;fruitmail-poikatsu;ipsos-isay-poikatsu;macromill-tsukaikata
irisplaza-toha,アイリスプラザとは?特徴とポイントの貯め方をわかりやすく解説,shopping,0,1,TRUE,FALSE,TRUE,FALSE,amazon-tsuhan-toha;aupay-market-toha;biccamera-toha;charge-route-point;daimaru-matsuzakaya-toha;docomo-select-toha;dpoint-tsukaimichi;dshopping-toha;ec-current-poikatsu;hikkoshi-poikatsu
iryouhi-shohouyaku-point,医療費・処方薬でポイントは貯まる?支払い前に確認したい注意点,shopping,0,15,TRUE,FALSE,FALSE,FALSE,amazon-gift-charge;amazon-poikatsu;chuushajou-yoyaku-poikatsu;dpoint-hanei-sarenai;furusato-nozei-poikatsu;game-kakin-point;halloween-yohin-poikatsu;hikkoshi-seikatsuyohin-poikatsu;koukyou-ryokin-poikatsu;maebarai-shisugi-poikatsu
isogashii-kaishain-shuumatsu-poikatsu,忙しい会社員の週末ポイ活ルーティン!平日に追わない管理方法,pointsite,0,11,TRUE,FALSE,FALSE,FALSE,campaign-memo-tsukurikata;entry-calendar-tsukurikata;fuyoyotei-point-mieruka;gendama-poikatsu;hitorigurashi-poikatsu;poikatsu-kakeibo;poikatsu-minaoshi-timing;poikatsu-yuusenjyuni;point-shuushihyou-tsukurikata;point-toiawase-junbi
itoyokado-netsuper-onigo-poikatsu,イトーヨーカドーネットスーパー by ONIGOとは?特徴・料金・初回クーポンを解説,seikatsu,1,4,FALSE,FALSE,FALSE,FALSE,itoyokado-poikatsu;d-value-pass-poikatsu;rakuten-beauty-poikatsu;rakuten-car-shaken-poikatsu;rakuten-denwa-poikatsu;rakuten-music-poikatsu;rakuten-shashinkan-poikatsu;retty-poikatsu;ubereats-poikatsu;aupay-furusato-poikatsu
itoyokado-poikatsu,イトーヨーカドーでポイ活する方法!アプリ・nanaco・セールの使い分け,shopping,1,1,FALSE,FALSE,FALSE,FALSE,itoyokado-netsuper-onigo-poikatsu;aupay-market-poikatsu;aupay-ponta;biyouin-salon-point;coke-on-setsuyaku;demaecan-poikatsu;doutor-tullys-poikatsu;dpoint-d-harai;drugstore-poikatsu;famiresu-cafe-point
jal-mile-tameru-kachi,JALマイルを貯めるべき人・貯めない方がいい人を解説,shopping,1,5,FALSE,FALSE,FALSE,FALSE,ponta-mile-koukan;ana-jal-mile-hikaku;ana-mile-tameru-kachi;ana-mileageplus-hikaku;mileageplus-nihon-zaijuu;au-uq-ponta;carshare-point-katsuyou;cleaning-poikatsu;code-kessai-4sha-hikaku;d-point-supermarket
jal-mileage-mall-poikatsu,JALマイレージモールでマイルを貯める方法!ネット通販前の基本,shopping,0,6,TRUE,FALSE,FALSE,FALSE,ana-furusato-mile;ana-mileage-mall-poikatsu;etc-mileage-toha;jre-point-kiso;mile-koukan-merit;point-koukan-toha;ponta-mile-koukan;rakuten-ana-mile-koukan;recruit-ponta;ryokou-yoyaku-point
jalan-golf-toha,じゃらんゴルフとは?特徴とポイントの貯め方をわかりやすく解説,seikatsu,4,15,FALSE,FALSE,TRUE,FALSE,ahamo-toha;aupay-furusato-poikatsu;dcarshare-toha;dhealthcare-toha;dmagazine-toha;hikaritv-toha;lemino-premium-toha;anshin-security-toha;busnoru-poikatsu;dhits-toha
jalan-net-poikatsu,じゃらんnetとは?宿・ホテル予約でポイントが貯まる仕組みを解説,campaign,45,45,FALSE,FALSE,TRUE,FALSE,dpoint-dharai-tamekata;dpoint-tsukaikata;ponta-tamekata;ponta-tsukaikata;rakuten-travel-supersale-entry-coupon;jalan-tsukaikata;kakuyasu-sim-norikae-poikatsu;aeoncompass-travelmall-poikatsu;aeoncompass-travelmall-yado-poikatsu;airtrip-poikatsu
jalan-tsukaikata,じゃらんでポイ活する方法!宿泊・遊び体験予約でポイントを貯めるコツ,campaign,2,7,FALSE,FALSE,TRUE,FALSE,ryokou-yoyaku-point;shukuhaku-yoyaku-point;jalan-net-poikatsu;kakuyasu-sim-norikae-poikatsu;yahoo-travel-poikatsu;paypay-campaign-katsuyo;rakuten-travel-supersale-poikatsu;yahoo-travel-tsukaikata;airtrip-poikatsu;airtrip-tsukaikata
jcb-airmacau-campaign-2026,JCB×マカオ航空キャンペーン!日本発マカオ行き航空券が8%OFF【2026年9〜10月】,campaign,0,12,TRUE,FALSE,FALSE,FALSE,mile-koukan-merit;credit-card-mile-hikaku;jcb-jpoint-poikatsu;bonus-tsuki-poikatsu-keikaku;fukubukuro-hatsuuri-poikatsu;fuyujitaku-poikatsu;ikkyu-poikatsu;kakuyasu-sim-norikae-poikatsu;kessan-sale-poikatsu;natsuyasumi-poikatsu-junbi
jcb-jpoint-poikatsu,JCBのJ-POINT(旧Oki Dokiポイント)活用術!交換先と還元率の考え方,creditcard,1,4,FALSE,FALSE,FALSE,FALSE,jcb-airmacau-campaign-2026;ana-amex-poikatsu;apple-pay-poikatsu;dcard-poikatsu;gasoline-point-tameru;hokenryo-point-tameru;mitsui-sumitomo-card-vpoint;rakuten-card-poikatsu;credit-card-mile-hikaku;credit-card-common-point-hikaku
jisshitsu-kakaku-keisan,実質価格とは?計算方法・ポイント還元と値引きの違いを具体例で解説,shopping,2,6,FALSE,FALSE,FALSE,FALSE,souryou-son-poikatsu;kikangentei-point-5shu-hikaku;point-kangenritsu-mikata;point-kangen-genkin-nebiki-hikaku;kadenryohanten-point-hikaku;tsukihatsu-tsukimatsu-poikatsu-routine;amazon-tsuhan-toha;aupay-market-toha;biccamera-toha;charge-route-point
joshin-web-toha,Joshin webショップとは?特徴とポイントの貯め方をわかりやすく解説,shopping,173,0,FALSE,TRUE,FALSE,FALSE,amazon-tsuhan-toha;aupay-market-toha;biccamera-toha;charge-route-point;daimaru-matsuzakaya-toha;docomo-select-toha;dpoint-tsukaimichi;dshopping-toha;ec-current-poikatsu;hikkoshi-poikatsu
jre-point-kiso,JRE POINTの貯め方と使い方!Suica利用者向けポイ活入門,shopping,0,7,TRUE,FALSE,FALSE,FALSE,suica-point-tameru;ana-furusato-mile;ana-mileage-mall-poikatsu;etc-mileage-toha;jal-mileage-mall-poikatsu;mile-koukan-merit;point-koukan-toha;ponta-mile-koukan;rakuten-ana-mile-koukan;recruit-ponta
jtb-shopping-toha,JTBショッピングとは?お取り寄せ・お土産・ギフトの特徴を解説,shopping,1,1,FALSE,FALSE,TRUE,FALSE,hahanohi-chichinohi-gift-point;amazon-tsuhan-toha;aupay-market-toha;biccamera-toha;charge-route-point;daimaru-matsuzakaya-toha;docomo-select-toha;dpoint-tsukaimichi;dshopping-toha;ec-current-poikatsu
kadenryohanten-point-hikaku,家電量販店のポイント比較|還元率・現金値引き・支払い方法を7社で比較,shopping,1,30,FALSE,FALSE,FALSE,FALSE,jisshitsu-kakaku-keisan;kadenryohanten-point;au-uq-ponta;aupay-market-poikatsu;aupay-market-toha;aupay-ponta;code-kessai-4sha-hikaku;d-point-supermarket;docomo-ahamo-dpoint;docomo-select-toha
kadenryohanten-point,家電量販店のポイントを賢く使う方法!現金値引きとの違いを解説,shopping,2,2,FALSE,FALSE,FALSE,FALSE,kadenryohanten-point-hikaku;hikkoshi-seikatsuyohin-poikatsu;ana-jal-mile-hikaku;ana-mile-tameru-kachi;ana-mileageplus-hikaku;au-uq-ponta;carshare-point-katsuyou;cleaning-poikatsu;code-kessai-4sha-hikaku;d-point-supermarket
kaigai-zaijuu-point-kanri,海外在住者が日本のポイントを管理する方法!帰国時に使う前提の考え方,pointsite,0,13,TRUE,FALSE,FALSE,FALSE,chihou-zaijuu-poikatsu;hoken-soudan-anken-poikatsu;kazoku-account-poikatsu-chuui;keiyu-wasure-boushi;poikatsu-demerit;poikatsu-kojinjouhou-mamoru;poikatsu-kuchikomi-shinyou;poikatsu-muki-fumuki;poikatsu-yattehaikenai-koto;pointsite-kougaku-anken
kaimono-nigate-poikatsu,買い物が苦手な人のポイ活術!比較しすぎずに得するシンプル運用,pointsite,0,19,TRUE,FALSE,FALSE,FALSE,cashless-fuan-poikatsu;gakusei-poikatsu;hapitas-tsukaikata;kosodate-setai-poikatsu;koteihi-sukunai-poikatsu;kurumanashi-seikatsu-poikatsu;minimalist-poikatsu;poikatsu-mail-tsuuchi-seiri;poikatsu-senyou-mail-hitsuyou;poikatsu-taikai-mae-kakunin
kaitenzushi-yoyaku-poikatsu,回転寿司でポイントを貯める方法!予約アプリと支払い前のチェック,shopping,0,0,TRUE,TRUE,FALSE,FALSE,aupay-market-poikatsu;aupay-ponta;biyouin-salon-point;coke-on-setsuyaku;demaecan-poikatsu;doutor-tullys-poikatsu;dpoint-d-harai;drugstore-poikatsu;famiresu-cafe-point;gaishoku-point-tameru
kakuteishinkoku-point-seiri,確定申告前に整理したいポイント利用履歴!家計と事業を分ける方法,sidejob,0,3,TRUE,FALSE,FALSE,TRUE,keihiseisan-point-dareno;fukugyou;kojinjigyounushi-point-kanri
kakuyasu-sim-norikae-poikatsu,格安SIM乗り換えでポイ活する方法!通信費を下げながら得する流れ,campaign,0,26,TRUE,FALSE,FALSE,FALSE,pointsite-kyakka-genin;keiyu-wasure-boushi;keitai-ryokin-setsuyaku;keitai-ryokin-point;koteihi-sukunai-poikatsu;ahamo-toha;rakuten-mobile-poikatsu;jalan-net-poikatsu;jalan-tsukaikata;paypay-campaign-katsuyo
kasoshisan-kouza-anken-poikatsu,暗号資産口座案件でポイ活する時の注意点!口座開設前に見るべき条件,kouza,0,1,TRUE,FALSE,FALSE,FALSE,point-tamaru-ginkou-hikaku;docomo-ginkou-dpoint-poikatsu;dmm-kabu-poikatsu;matsui-shouken-ideco-poikatsu;monex-shouken-toha;net-ginkou-poikatsu;paypaysec-shouken-toha;rakuten-ginkou-happy-program;rakuten-shouken-toha;sbisec-shouken-toha
kazoku-account-poikatsu-chuui,家族アカウントでポイ活する時の注意点!規約確認とトラブル防止,pointsite,0,13,TRUE,FALSE,FALSE,FALSE,chihou-zaijuu-poikatsu;hoken-soudan-anken-poikatsu;kaigai-zaijuu-point-kanri;keiyu-wasure-boushi;poikatsu-demerit;poikatsu-kojinjouhou-mamoru;poikatsu-kuchikomi-shinyou;poikatsu-muki-fumuki;poikatsu-yattehaikenai-koto;pointsite-kougaku-anken
kazoku-card-matomeru,家族カードでポイントをまとめる方法!家計管理と使いすぎ防止のコツ,creditcard,0,0,TRUE,TRUE,FALSE,FALSE,rakuten-card-poikatsu;dcard-poikatsu;mitsui-sumitomo-card-vpoint;credit-card-mile-hikaku;ana-amex-poikatsu;credit-card-common-point-hikaku;credit-card-point-hikaku;creditcard-tsukurisugi-chuui;kuukou-lounge-poikatsu;ana-amex-campaign-2026
kazoku-poikatsu,家族でポイ活する方法!ポイントをまとめて効率よく貯めるコツ,pointsite,0,0,TRUE,TRUE,FALSE,FALSE,yosekatsu;poikatsu-kiso;hapitas-poikatsu;keiyu-wasure-boushi;moppy-hajimekata;pointsite-kyakka-genin;chobirich-poikatsu;ecnavi-poikatsu;koteihi-sukunai-poikatsu;nifty-point-club-poikatsu
keihiseisan-point-dareno,経費精算でポイントは誰のもの?会社員が確認したいルールとマナー,sidejob,0,3,TRUE,FALSE,FALSE,TRUE,kakuteishinkoku-point-seiri;fukugyou;kojinjigyounushi-point-kanri
keio-net-shopping-toha,京王ネットショッピングとは?特徴とポイントの貯め方をわかりやすく解説,shopping,1,1,FALSE,FALSE,TRUE,FALSE,hyakkaten-depart-poikatsu;amazon-tsuhan-toha;aupay-market-toha;biccamera-toha;charge-route-point;daimaru-matsuzakaya-toha;docomo-select-toha;dpoint-tsukaimichi;dshopping-toha;ec-current-poikatsu
keitai-ryokin-point,携帯料金でポイント還元!ドコモ・ソフトバンク・au・楽天モバイル別お得な貯め方ガイド,creditcard,1,5,FALSE,FALSE,FALSE,FALSE,kakuyasu-sim-norikae-poikatsu;credit-card-common-point-hikaku;credit-card-point-hikaku;dcard-poikatsu;rakuten-card-poikatsu;mitsui-sumitomo-card-vpoint;credit-card-mile-hikaku;ana-amex-poikatsu;creditcard-tsukurisugi-chuui;kuukou-lounge-poikatsu
keitai-ryokin-setsuyaku,携帯料金をポイ活で節約する方法!ポイント払いとキャンペーンの活用,shopping,1,4,FALSE,FALSE,TRUE,FALSE,kakuyasu-sim-norikae-poikatsu;code-kessai-4sha-hikaku;d-point-supermarket;docomo-ahamo-dpoint;docomo-select-toha;doramori-point;dpoint-d-harai;dpoint-hanei-sarenai;dpoint-kiso;dpoint-ponta-hikaku
keiyu-wasure-boushi,ポイントサイト経由忘れを防ぐ方法!買い物前チェックを習慣化するコツ,pointsite,2,26,FALSE,FALSE,FALSE,FALSE,kakuyasu-sim-norikae-poikatsu;pointsite-kyakka-genin;chihou-zaijuu-poikatsu;hoken-soudan-anken-poikatsu;kaigai-zaijuu-point-kanri;kazoku-account-poikatsu-chuui;poikatsu-demerit;poikatsu-kojinjouhou-mamoru;poikatsu-kuchikomi-shinyou;poikatsu-muki-fumuki
kessan-sale-poikatsu,決算セールでポイ活する方法!家電・日用品をお得に買う判断基準,campaign,0,8,TRUE,FALSE,FALSE,FALSE,bonus-tsuki-poikatsu-keikaku;fukubukuro-hatsuuri-poikatsu;fuyujitaku-poikatsu;ikkyu-poikatsu;jcb-airmacau-campaign-2026;kakuyasu-sim-norikae-poikatsu;natsuyasumi-poikatsu-junbi;nenmatsunenshi-poikatsu;paypay-campaign-katsuyo;paypay-jichitai-campaign-2026
kikangentei-point-5shu-hikaku,期間限定ポイント5種を比較!失効前に使い切る方法,shopping,5,48,FALSE,FALSE,FALSE,FALSE,point-yuukoukigen-kanri;kikangentei-point-tsukaimichi;dpoint-ponta-hikaku;jisshitsu-kakaku-keisan;tsukihatsu-tsukimatsu-poikatsu-routine;au-uq-ponta;aupay-market-poikatsu;aupay-market-toha;aupay-ponta;code-kessai-4sha-hikaku
kikangentei-point-tsukaimichi,期間限定ポイントのおすすめ使い道|失効前にすぐ使える交換先ガイド,shopping,1,48,FALSE,FALSE,FALSE,FALSE,kikangentei-point-5shu-hikaku;point-tsukaimichi;point-yuukoukigen-kanri;au-uq-ponta;aupay-market-poikatsu;aupay-market-toha;aupay-ponta;code-kessai-4sha-hikaku;d-point-supermarket;docomo-ahamo-dpoint
kojinjigyounushi-point-kanri,個人事業主向けポイント管理術!経費支払いで迷わない考え方,sidejob,0,3,TRUE,FALSE,FALSE,TRUE,fukugyou;kakuteishinkoku-point-seiri;keihiseisan-point-dareno
konbini-poikatsu-hikaku,コンビニでポイ活する方法!主要チェーンで貯まるポイントを比較,shopping,0,0,TRUE,TRUE,FALSE,FALSE,ana-jal-mile-hikaku;ana-mile-tameru-kachi;ana-mileageplus-hikaku;au-uq-ponta;carshare-point-katsuyou;cleaning-poikatsu;code-kessai-4sha-hikaku;d-point-supermarket;denryoku-norikae-point;docomo-ahamo-dpoint
kosodate-setai-poikatsu,子育て世帯のポイ活術!おむつ・ミルク・学用品をお得に買う方法,pointsite,0,19,TRUE,FALSE,FALSE,FALSE,cashless-fuan-poikatsu;gakusei-poikatsu;hapitas-tsukaikata;kaimono-nigate-poikatsu;koteihi-sukunai-poikatsu;kurumanashi-seikatsu-poikatsu;minimalist-poikatsu;poikatsu-mail-tsuuchi-seiri;poikatsu-senyou-mail-hitsuyou;poikatsu-taikai-mae-kakunin
koteihi-sukunai-poikatsu,固定費が少ない人のポイ活術!少額支出でも効率よく貯める方法,pointsite,1,30,FALSE,FALSE,FALSE,FALSE,kakuyasu-sim-norikae-poikatsu;cashless-fuan-poikatsu;gakusei-poikatsu;hapitas-tsukaikata;kaimono-nigate-poikatsu;kosodate-setai-poikatsu;kurumanashi-seikatsu-poikatsu;minimalist-poikatsu;poikatsu-mail-tsuuchi-seiri;poikatsu-senyou-mail-hitsuyou
koukangen-hi-kaimono-list,高還元日の買い物リスト術!必要な物だけ買うポイ活ルール,shopping,0,0,TRUE,TRUE,FALSE,FALSE,amazon-tsuhan-toha;aupay-market-toha;biccamera-toha;charge-route-point;daimaru-matsuzakaya-toha;docomo-select-toha;dpoint-tsukaimichi;dshopping-toha;ec-current-poikatsu;hikkoshi-poikatsu
koukyou-ryokin-poikatsu,電気・ガス・水道でポイントは貯まる?公共料金ポイ活の基本,shopping,2,15,FALSE,FALSE,FALSE,FALSE,docomo-denki-poikatsu;denryoku-norikae-point;gas-norikae-poikatsu;amazon-gift-charge;amazon-poikatsu;chuushajou-yoyaku-poikatsu;dpoint-hanei-sarenai;furusato-nozei-poikatsu;game-kakin-point;halloween-yohin-poikatsu
kousokubus-yoyaku-poikatsu,高速バス予約でポイントを貯める方法!移動費を抑えるポイ活術,shopping,0,0,TRUE,TRUE,FALSE,FALSE,ana-jal-mile-hikaku;ana-mile-tameru-kachi;ana-mileageplus-hikaku;au-uq-ponta;carshare-point-katsuyou;cleaning-poikatsu;code-kessai-4sha-hikaku;d-point-supermarket;denryoku-norikae-point;docomo-ahamo-dpoint
kurumanashi-seikatsu-poikatsu,車なし生活のポイ活術!交通・ネット通販・日用品で節約する方法,pointsite,0,19,TRUE,FALSE,FALSE,FALSE,cashless-fuan-poikatsu;gakusei-poikatsu;hapitas-tsukaikata;kaimono-nigate-poikatsu;kosodate-setai-poikatsu;koteihi-sukunai-poikatsu;minimalist-poikatsu;poikatsu-mail-tsuuchi-seiri;poikatsu-senyou-mail-hitsuyou;poikatsu-taikai-mae-kakunin
kuukou-lounge-poikatsu,空港ラウンジ特典はポイ活に役立つ?カード特典の見極め方,creditcard,2,10,FALSE,FALSE,FALSE,FALSE,ana-amex-poikatsu;creditcard-seiri-poikatsu;credit-card-common-point-hikaku;credit-card-point-hikaku;creditcard-erabikata;creditcard-kangenritsu;sumaho-kessai-creditcard-hikaku;rakuten-card-poikatsu;dcard-poikatsu;mitsui-sumitomo-card-vpoint
lawson-ponta,ローソンでPontaポイントを貯める方法!買い物前に知っておきたい基本,shopping,2,3,FALSE,FALSE,FALSE,FALSE,au-uq-ponta;ponta-tamekata;aupay-market-poikatsu;aupay-market-toha;aupay-ponta;code-kessai-4sha-hikaku;dpoint-ponta-hikaku;drugstore-point-hikaku;kadenryohanten-point-hikaku;kikangentei-point-5shu-hikaku
lemino-premium-toha,Leminoプレミアムとは?月額料金とdポイント還元をわかりやすく解説,seikatsu,0,6,TRUE,FALSE,TRUE,FALSE,ahamo-toha;dcarshare-toha;dhealthcare-toha;dmagazine-toha;hikaritv-toha;jalan-golf-toha;anshin-security-toha;busnoru-poikatsu;dhits-toha;dmmbooks-toha
line-point-nichijou,LINEポイントを日常で貯める方法!LINEサービスと決済前チェックの基本,shopping,0,0,TRUE,TRUE,FALSE,FALSE,aupay-market-poikatsu;aupay-ponta;biyouin-salon-point;coke-on-setsuyaku;demaecan-poikatsu;doutor-tullys-poikatsu;dpoint-d-harai;drugstore-poikatsu;famiresu-cafe-point;gaishoku-point-tameru
lohaco-toha,LOHACOとは?特徴とポイントの貯め方をわかりやすく解説,shopping,184,184,FALSE,FALSE,FALSE,FALSE,code-kessai-4sha-hikaku;kikangentei-point-5shu-hikaku;kikangentei-point-tsukaimichi;paypay-point-kiso;paypay-point-tsukaimichi;paypay-point-tsukanai;paypay-vpoint-koukan;point-niju-sanjudori-kumiawase;point-toushi-unyou-service-hikaku;qr-kessai-poikatsu
macromill-poikatsu,マクロミルとは?アンケート回答でポイントが貯まるモニターサービス,survey,12,12,FALSE,FALSE,TRUE,FALSE,ipsos-isay-poikatsu;iresearch-poikatsu;cue-monitor-poikatsu;fancrew-poikatsu;fruitmail-poikatsu;macromill-tsukaikata;opinionworld-poikatsu;enquete-monitor-poikatsu;infoq-poikatsu;monitor-town-poikatsu
macromill-tsukaikata,マクロミルでアンケートポイ活を始める方法!回答前の注意点を解説,survey,0,12,TRUE,FALSE,TRUE,FALSE,cue-monitor-poikatsu;fancrew-poikatsu;fruitmail-poikatsu;ipsos-isay-poikatsu;iresearch-poikatsu;macromill-poikatsu;opinionworld-poikatsu;enquete-monitor-poikatsu;infoq-poikatsu;monitor-town-poikatsu
maebarai-shisugi-poikatsu,前払いしすぎないポイ活術!ポイント目当ての出費を防ぐ考え方,shopping,0,6,TRUE,FALSE,FALSE,FALSE,amazon-gift-charge;amazon-poikatsu;chuushajou-yoyaku-poikatsu;dpoint-hanei-sarenai;furusato-nozei-poikatsu;game-kakin-point;halloween-yohin-poikatsu;hikkoshi-seikatsuyohin-poikatsu;iryouhi-shohouyaku-point;koukyou-ryokin-poikatsu
matsui-shouken-ideco-poikatsu,松井証券のiDeCoとは?手数料0円・低コスト商品の特徴を解説,kouza,8,11,FALSE,FALSE,TRUE,FALSE,shouken-kouza-anken-poikatsu;dmm-kabu-poikatsu;point-tamaru-ginkou-hikaku;docomo-ginkou-dpoint-poikatsu;monex-shouken-toha;net-ginkou-poikatsu;paypaysec-shouken-toha;rakuten-ginkou-happy-program;rakuten-shouken-toha;sbisec-shouken-toha
matsukiyo-cocokara-online-toha,マツキヨココカラオンラインストアとは?送料無料条件・支払い方法・当日配送を解説,shopping,173,2,FALSE,FALSE,TRUE,FALSE,matsukiyo-cocokara-poikatsu;matsukiyo-cocokara-point;amazon-tsuhan-toha;aupay-market-toha;biccamera-toha;charge-route-point;daimaru-matsuzakaya-toha;docomo-select-toha;dpoint-tsukaimichi;dshopping-toha
matsukiyo-cocokara-poikatsu,マツキヨココカラでポイ活する方法!アプリ・クーポン・決済の基本,shopping,3,4,FALSE,FALSE,TRUE,FALSE,matsukiyo-cocokara-point;matsukiyo-cocokara-online-toha;drugstore-point-hikaku;drugstore-poikatsu;point-toushi-unyou-service-hikaku;rakuten-ichiba-toha;kikangentei-point-5shu-hikaku;paypay-point-kiso;point-yuukoukigen-kanri;rakuten-mobile-rakuten-point
matsukiyo-cocokara-point,マツキヨココカラのポイント制度!マツキヨココカラポイントとdポイントの関係,shopping,4,6,FALSE,FALSE,TRUE,FALSE,matsukiyo-cocokara-poikatsu;drugstore-point-hikaku;matsukiyo-cocokara-online-toha;drugstore-poikatsu;code-kessai-4sha-hikaku;d-point-supermarket;docomo-ahamo-dpoint;docomo-select-toha;doramori-point;dpoint-d-harai
mcdonalds-poikatsu,マクドナルドでお得に買うポイ活術!アプリ・クーポン・支払いの基本,shopping,0,2,TRUE,FALSE,FALSE,FALSE,gyudon-chain-poikatsu;keitai-ryokin-setsuyaku;sukairaku-group-poikatsu;drugstore-point-hikaku;point-toushi-unyou-service-hikaku;rakuten-ichiba-toha;kikangentei-point-5shu-hikaku;paypay-point-kiso;point-yuukoukigen-kanri;rakuten-mobile-rakuten-point
mercari-poikatsu,メルカリでできるポイ活術!売る・買う・支払うをお得につなげる方法,furima,0,1,TRUE,FALSE,FALSE,TRUE,furima-app-kounyuu-point
mile-koukan-merit,ポイントをマイルに交換するメリットは?旅行好き向けポイ活入門,shopping,3,8,FALSE,FALSE,FALSE,FALSE,ana-jal-mile-hikaku;ana-mileage-mall-poikatsu;jcb-airmacau-campaign-2026;ana-furusato-mile;etc-mileage-toha;jal-mileage-mall-poikatsu;jre-point-kiso;point-koukan-toha;ponta-mile-koukan;rakuten-ana-mile-koukan
mileageplus-nihon-zaijuu,MileagePlusは日本在住でも貯める価値がある?メリット・注意点を解説,shopping,1,3,FALSE,FALSE,FALSE,FALSE,ana-mileageplus-hikaku;ana-jal-mile-hikaku;ana-mile-tameru-kachi;jal-mile-tameru-kachi;au-uq-ponta;carshare-point-katsuyou;cleaning-poikatsu;code-kessai-4sha-hikaku;d-point-supermarket;denryoku-norikae-point
minimalist-poikatsu,ミニマリスト向けポイ活!買わない生活でもポイントを活かす方法,pointsite,0,19,TRUE,FALSE,FALSE,FALSE,cashless-fuan-poikatsu;gakusei-poikatsu;hapitas-tsukaikata;kaimono-nigate-poikatsu;kosodate-setai-poikatsu;koteihi-sukunai-poikatsu;kurumanashi-seikatsu-poikatsu;poikatsu-mail-tsuuchi-seiri;poikatsu-senyou-mail-hitsuyou;poikatsu-taikai-mae-kakunin
mitsui-sumitomo-card-vpoint,三井住友カードでVポイントを貯める方法!対象店舗とタッチ決済の基本,creditcard,4,29,FALSE,FALSE,FALSE,FALSE,credit-card-common-point-hikaku;point-niju-sanjudori-kumiawase;vpoint-no-carrier;vpoint-tamekata;credit-card-point-hikaku;ana-amex-poikatsu;apple-pay-poikatsu;dcard-poikatsu;gasoline-point-tameru;hokenryo-point-tameru
monex-shouken-toha,マネックス証券とは?特徴とポイントの貯め方をわかりやすく解説,kouza,8,14,FALSE,FALSE,TRUE,FALSE,point-toushi-unyou-service-hikaku;docomo-ginkou-dpoint-poikatsu;point-tamaru-ginkou-hikaku;paypaysec-shouken-toha;rakuten-ginkou-happy-program;rakuten-shouken-toha;sbisec-shouken-toha;dmm-kabu-poikatsu;matsui-shouken-ideco-poikatsu;net-ginkou-poikatsu
monitor-town-poikatsu,モニタータウンとは?PC調査モニターの特徴・参加方法をわかりやすく解説,survey,12,10,FALSE,FALSE,TRUE,FALSE,enquete-monitor-poikatsu;ipsos-isay-poikatsu;iresearch-poikatsu;macromill-poikatsu;fancrew-poikatsu;opinionworld-poikatsu;cue-monitor-poikatsu;fruitmail-poikatsu;infoq-poikatsu;macromill-tsukaikata
moppy-hajimekata,モッピーでポイ活を始める方法!高還元案件を見る前の確認ポイント,pointsite,2,26,FALSE,FALSE,FALSE,FALSE,pointsite-kyakka-genin;uniqlo-gu-point;amefri-poikatsu;chobirich-poikatsu;chobirich-tsukaikata;ecnavi-poikatsu;ecnavi-tsukaikata;hapitas-poikatsu;muryou-kaiin-touroku-poikatsu;nifty-point-club-poikatsu
muji-otoku-kaimono,無印良品でお得に買い物する方法!マイル・クーポン・決済の基本,shopping,0,0,TRUE,TRUE,FALSE,FALSE,amazon-tsuhan-toha;aupay-market-toha;biccamera-toha;charge-route-point;daimaru-matsuzakaya-toha;docomo-select-toha;dpoint-tsukaimichi;dshopping-toha;ec-current-poikatsu;hikkoshi-poikatsu
muryou-kaiin-touroku-poikatsu,無料会員登録案件でポイ活する方法とは?登録前後の確認ポイントを解説,pointsite,0,13,TRUE,FALSE,FALSE,FALSE,amefri-poikatsu;chobirich-poikatsu;chobirich-tsukaikata;ecnavi-poikatsu;ecnavi-tsukaikata;hapitas-poikatsu;moppy-hajimekata;nifty-point-club-poikatsu;point-museum-poikatsu;pointincome-poikatsu
nanaco-point-kiso,nanacoポイントの貯め方と使い方!セブン系で活用する基本,shopping,0,15,TRUE,FALSE,FALSE,FALSE,seven-eleven-point;abc-mart-poikatsu;bousai-goods-poikatsu;cashless-setsuyaku;dpoint-kiso;hasuu-shiharai-point;hyakkaten-depart-poikatsu;kikangentei-point-tsukaimichi;net-shopping-point-kiso;nyuugaku-shingaku-junbi-point
natsuyasumi-poikatsu-junbi,夏休み前のポイ活準備!旅行・レジャー・日用品を計画的に買う方法,campaign,0,8,TRUE,FALSE,FALSE,FALSE,bonus-tsuki-poikatsu-keikaku;fukubukuro-hatsuuri-poikatsu;fuyujitaku-poikatsu;ikkyu-poikatsu;jcb-airmacau-campaign-2026;kakuyasu-sim-norikae-poikatsu;kessan-sale-poikatsu;nenmatsunenshi-poikatsu;paypay-campaign-katsuyo;paypay-jichitai-campaign-2026
nenkaihi-muryo-card,年会費無料カードでポイ活はできる?無理なく始めるカード活用術,creditcard,0,2,TRUE,FALSE,FALSE,FALSE,creditcard-poikatsu-kiso;debit-card-poikatsu;rakuten-card-poikatsu;dcard-poikatsu;mitsui-sumitomo-card-vpoint;credit-card-mile-hikaku;ana-amex-poikatsu;credit-card-common-point-hikaku;credit-card-point-hikaku;creditcard-tsukurisugi-chuui
nenmatsunenshi-poikatsu,年末年始のポイ活術!帰省・おせち・初売りで使える節約ポイント,campaign,0,7,TRUE,FALSE,FALSE,FALSE,bonus-tsuki-poikatsu-keikaku;fukubukuro-hatsuuri-poikatsu;fuyujitaku-poikatsu;ikkyu-poikatsu;jcb-airmacau-campaign-2026;kakuyasu-sim-norikae-poikatsu;kessan-sale-poikatsu;natsuyasumi-poikatsu-junbi;paypay-campaign-katsuyo;paypay-jichitai-campaign-2026
net-ginkou-poikatsu,ネット銀行を使ったポイ活術!振込・ATM・残高条件の見方,kouza,1,12,FALSE,FALSE,FALSE,FALSE,docomo-ginkou-dpoint-poikatsu;point-tamaru-ginkou-hikaku;dmm-kabu-poikatsu;matsui-shouken-ideco-poikatsu;monex-shouken-toha;paypaysec-shouken-toha;rakuten-ginkou-happy-program;rakuten-shouken-toha;sbisec-shouken-toha;fx-kouza-anken-poikatsu
net-shopping-point-kiso,ネットショッピングでポイントを貯める方法!楽天・Yahoo・Amazonの基本,shopping,0,28,TRUE,FALSE,FALSE,FALSE,yahoo-shopping-toha;amazon-tsuhan-toha;aupay-market-toha;code-kessai-4sha-hikaku;drugstore-point-hikaku;kadenryohanten-point-hikaku;kikangentei-point-5shu-hikaku;kikangentei-point-tsukaimichi;point-niju-sanjudori-kumiawase;point-toushi-unyou-service-hikaku
net-super-poikatsu,ネットスーパーのポイントを比較|Ponta・楽天・WAON POINTなど対応状況を解説,shopping,1,7,FALSE,FALSE,TRUE,FALSE,ponta-supermarket;rakuten-point-supermarket;d-point-supermarket;v-point-supermarket;hikkoshi-seikatsuyohin-poikatsu;ana-jal-mile-hikaku;ana-mileageplus-hikaku;au-uq-ponta;aupay-market-poikatsu;aupay-market-toha
nexus-card-poikatsu,Nexus Cardとは?特徴と申込前に確認したいポイントを解説,creditcard,24,24,FALSE,FALSE,TRUE,FALSE,cosmo-opus-card-poikatsu;epos-card-poikatsu;odakyu-point-card-poikatsu;rakuten-card-poikatsu;dcard-poikatsu;mitsui-sumitomo-card-vpoint;credit-card-mile-hikaku;ana-amex-poikatsu;credit-card-common-point-hikaku;credit-card-point-hikaku
nifty-docomo-hikari-poikatsu,@nifty with ドコモ光とは?キャッシュバックと料金・特典を解説,seikatsu,34,6,FALSE,FALSE,TRUE,FALSE,ahamo-hikari-poikatsu;ana-hikari-poikatsu;auhikari-poikatsu;biglobe-hikari-poikatsu;docomo-denki-poikatsu;rakuten-hikari-poikatsu;rakuten-mobile-poikatsu;softbank-hikari-poikatsu;aupay-furusato-poikatsu;d-value-pass-poikatsu
nifty-point-club-poikatsu,ニフティポイントクラブの活用術!ネット利用者向けのポイ活基本,pointsite,1,24,FALSE,FALSE,FALSE,FALSE,pointsite-kyakka-genin;amefri-poikatsu;chobirich-poikatsu;chobirich-tsukaikata;ecnavi-poikatsu;ecnavi-tsukaikata;hapitas-poikatsu;moppy-hajimekata;muryou-kaiin-touroku-poikatsu;point-museum-poikatsu
nissen-toha,ニッセンとは?特徴とポイントの貯め方をわかりやすく解説,shopping,10,0,FALSE,TRUE,FALSE,FALSE,amazon-tsuhan-toha;aupay-market-toha;biccamera-toha;charge-route-point;daimaru-matsuzakaya-toha;docomo-select-toha;dpoint-tsukaimichi;dshopping-toha;ec-current-poikatsu;hikkoshi-poikatsu
nyuugaku-shingaku-junbi-point,入学・進学準備でポイントを貯める方法!学用品購入の節約術,shopping,0,10,TRUE,FALSE,FALSE,FALSE,abc-mart-poikatsu;bousai-goods-poikatsu;cashless-setsuyaku;dpoint-kiso;hasuu-shiharai-point;hyakkaten-depart-poikatsu;kikangentei-point-tsukaimichi;nanaco-point-kiso;net-shopping-point-kiso;paypay-point-kiso
ocn-online-shop-toha,OCNオンラインショップとは?特徴とお得な買い方をわかりやすく解説,shopping,0,0,TRUE,TRUE,TRUE,FALSE,code-kessai-4sha-hikaku;d-point-supermarket;docomo-ahamo-dpoint;docomo-select-toha;doramori-point;dpoint-d-harai;dpoint-hanei-sarenai;dpoint-kiso;dpoint-ponta-hikaku;dpoint-tsukaimichi
odakyu-point-card-poikatsu,小田急ポイントカードとは?OPポイントの貯め方を解説,creditcard,24,24,FALSE,FALSE,TRUE,FALSE,cosmo-opus-card-poikatsu;epos-card-poikatsu;nexus-card-poikatsu;rakuten-card-poikatsu;dcard-poikatsu;mitsui-sumitomo-card-vpoint;credit-card-mile-hikaku;ana-amex-poikatsu;credit-card-common-point-hikaku;credit-card-point-hikaku
one-receipt-poikatsu,ONEでレシートポイ活を始める方法!撮影前に確認したいポイント,app,1,11,FALSE,FALSE,FALSE,FALSE,receipt-app-poikatsu;code-receipt-poikatsu;reshichare-poikatsu;taxi-app-poikatsu;tiktok-lite-poikatsu;torima-idou-poikatsu;app-hitsuyou;app-install-anken-poikatsu;hashport-wallet-poikatsu;hosuu-app-poikatsu
opinionworld-poikatsu,OpinionWorld(オピニオンワールド)とは?ポイント・交換先・安全性を公式情報で解説,survey,12,12,FALSE,FALSE,TRUE,FALSE,ipsos-isay-poikatsu;iresearch-poikatsu;enquete-monitor-poikatsu;cue-monitor-poikatsu;fancrew-poikatsu;fruitmail-poikatsu;macromill-poikatsu;macromill-tsukaikata;infoq-poikatsu;monitor-town-poikatsu
pasmo-icoca-poikatsu,PASMO・ICOCAでもポイ活できる?交通系IC利用者向けの確認ポイント,shopping,0,0,TRUE,TRUE,FALSE,FALSE,amazon-gift-charge;amazon-poikatsu;chuushajou-yoyaku-poikatsu;dpoint-hanei-sarenai;furusato-nozei-poikatsu;game-kakin-point;halloween-yohin-poikatsu;hikkoshi-seikatsuyohin-poikatsu;iryouhi-shohouyaku-point;koukyou-ryokin-poikatsu
paypay-campaign-katsuyo,PayPayでポイントを効率よく貯める方法!キャンペーン活用の基本,campaign,3,25,FALSE,FALSE,FALSE,FALSE,paypay-jichitai-campaign-2026;paypay-point-tamekata;softbank-ymobile-paypay-point;kakuyasu-sim-norikae-poikatsu;sumaho-kessai-campaign-mikata;travelist-poikatsu;yahoo-travel-poikatsu;yahoo-travel-tsukaikata;bonus-tsuki-poikatsu-keikaku;fukubukuro-hatsuuri-poikatsu
paypay-jichitai-campaign-2026,【2026年10月〜】PayPay自治体キャンペーンまとめ!都城市・宮古島市の還元率・上限を解説,campaign,0,14,TRUE,FALSE,FALSE,FALSE,paypay-point-kiso;paypay-campaign-katsuyo;paypay-point-tsukaikata;kakuyasu-sim-norikae-poikatsu;sumaho-kessai-campaign-mikata;travelist-poikatsu;yahoo-travel-poikatsu;yahoo-travel-tsukaikata;bonus-tsuki-poikatsu-keikaku;fukubukuro-hatsuuri-poikatsu
paypay-point-kiso,PayPayポイントとは?貯め方・使い方・注意点を初心者向けに解説,shopping,5,21,FALSE,FALSE,FALSE,FALSE,paypay-jichitai-campaign-2026;paypay-point-tamekata;softbank-ymobile-paypay-point;starbucks-poikatsu;yahoo-travel-ultrasale-poikatsu;code-kessai-4sha-hikaku;kikangentei-point-5shu-hikaku;kikangentei-point-tsukaimichi;lohaco-toha;paypay-point-tsukaimichi
paypay-point-tamekata,PayPayポイントの貯め方とは?もらう方法・使い方を解説,,0,7,TRUE,FALSE,FALSE,TRUE,yahoo-shopping-toha;yahoo-travel-poikatsu;retty-poikatsu;paypay-point-kiso;paypay-campaign-katsuyo;paypay-point-tsukaikata;paypay-point-tsukanai
paypay-point-tsukaikata,PayPayポイントの使い方とは?店舗・連携・交換まで完全ガイド,,5,7,FALSE,FALSE,FALSE,TRUE,yahoo-travel-poikatsu;retty-poikatsu;paypay-jichitai-campaign-2026;paypay-point-tamekata;paypay-vpoint-koukan;softbank-ymobile-paypay-point;vpoint-tsukaikata
paypay-point-tsukaimichi,PayPayポイントの使い道おすすめ!支払い・運用・貯蓄感覚で使う方法,shopping,0,6,TRUE,FALSE,FALSE,FALSE,code-kessai-4sha-hikaku;kikangentei-point-5shu-hikaku;kikangentei-point-tsukaimichi;lohaco-toha;paypay-point-kiso;paypay-point-tsukanai;paypay-vpoint-koukan;point-niju-sanjudori-kumiawase;point-toushi-unyou-service-hikaku;qr-kessai-poikatsu
paypay-point-tsukanai,PayPayポイントが付かない原因は?確認すべき条件と対策,shopping,1,6,FALSE,FALSE,FALSE,FALSE,paypay-point-tamekata;code-kessai-4sha-hikaku;kikangentei-point-5shu-hikaku;kikangentei-point-tsukaimichi;lohaco-toha;paypay-point-kiso;paypay-point-tsukaimichi;paypay-vpoint-koukan;point-niju-sanjudori-kumiawase;point-toushi-unyou-service-hikaku
paypay-vpoint-koukan,PayPayポイント⇄Vポイント相互交換ガイド|レート・手順・注意点,shopping,0,16,TRUE,FALSE,FALSE,FALSE,point-yuukoukigen-kanri;paypay-point-tsukaikata;vpoint-tsukaikata;ana-jal-mile-hikaku;ana-mileageplus-hikaku;au-uq-ponta;cleaning-poikatsu;code-kessai-4sha-hikaku;docomo-ahamo-dpoint;dpoint-ponta-hikaku
paypaysec-shouken-toha,PayPay証券とは?特徴とポイントの貯め方をわかりやすく解説,kouza,8,14,FALSE,FALSE,FALSE,FALSE,point-toushi-unyou-service-hikaku;point-tamaru-ginkou-hikaku;monex-shouken-toha;rakuten-ginkou-happy-program;rakuten-shouken-toha;sbisec-shouken-toha;docomo-ginkou-dpoint-poikatsu;dmm-kabu-poikatsu;matsui-shouken-ideco-poikatsu;net-ginkou-poikatsu
pet-yohin-poikatsu,ペット用品でポイ活する方法!定期購入とまとめ買いの節約術,shopping,0,0,TRUE,TRUE,FALSE,FALSE,abc-mart-poikatsu;bousai-goods-poikatsu;cashless-setsuyaku;dpoint-kiso;hasuu-shiharai-point;hyakkaten-depart-poikatsu;kikangentei-point-tsukaimichi;nanaco-point-kiso;net-shopping-point-kiso;nyuugaku-shingaku-junbi-point
poikatsu-campaign-shippai-boushi,ポイ活キャンペーンで失敗しない方法!エントリー忘れと上限に注意,campaign,0,4,TRUE,FALSE,FALSE,FALSE,airtrip-tsukaikata;ame-heijitsu-campaign-poikatsu;black-friday-poikatsu;rakuten-travel-supersale-poikatsu;yahoo-travel-tsukaikata;jalan-net-poikatsu;yahoo-travel-poikatsu;paypay-campaign-katsuyo;airtrip-poikatsu;jalan-tsukaikata
poikatsu-demerit,ポイ活のデメリットとは?時間・個人情報・無駄買いのリスクを解説,pointsite,0,13,TRUE,FALSE,FALSE,FALSE,chihou-zaijuu-poikatsu;hoken-soudan-anken-poikatsu;kaigai-zaijuu-point-kanri;kazoku-account-poikatsu-chuui;keiyu-wasure-boushi;poikatsu-kojinjouhou-mamoru;poikatsu-kuchikomi-shinyou;poikatsu-muki-fumuki;poikatsu-yattehaikenai-koto;pointsite-kougaku-anken
poikatsu-kakeibo,ポイ活を家計簿に活かす方法!ポイントを収入ではなく節約として管理する,pointsite,0,11,TRUE,FALSE,FALSE,FALSE,campaign-memo-tsukurikata;entry-calendar-tsukurikata;fuyoyotei-point-mieruka;gendama-poikatsu;hitorigurashi-poikatsu;isogashii-kaishain-shuumatsu-poikatsu;poikatsu-minaoshi-timing;poikatsu-yuusenjyuni;point-shuushihyou-tsukurikata;point-toiawase-junbi
poikatsu-kiso,ポイ活とは?初心者が最初に知っておきたい仕組みと始め方,pointsite,4,15,FALSE,FALSE,FALSE,FALSE,hoken-soudan-anken-poikatsu;hon-denshi-shoseki-poikatsu;ipsos-isay-poikatsu;iresearch-poikatsu;yosekatsu;hapitas-poikatsu;keiyu-wasure-boushi;moppy-hajimekata;pointsite-kyakka-genin;chobirich-poikatsu
poikatsu-kojinjouhou-mamoru,ポイ活で個人情報を守る方法!登録前に確認したい安全チェック,pointsite,1,14,FALSE,FALSE,FALSE,FALSE,point-museum-poikatsu;chihou-zaijuu-poikatsu;hoken-soudan-anken-poikatsu;kaigai-zaijuu-point-kanri;kazoku-account-poikatsu-chuui;keiyu-wasure-boushi;poikatsu-demerit;poikatsu-kuchikomi-shinyou;poikatsu-muki-fumuki;poikatsu-yattehaikenai-koto
poikatsu-kuchikomi-shinyou,ポイ活の口コミは信用できる?体験談を見る時のチェックポイント,pointsite,0,12,TRUE,FALSE,FALSE,FALSE,chihou-zaijuu-poikatsu;hoken-soudan-anken-poikatsu;kaigai-zaijuu-point-kanri;kazoku-account-poikatsu-chuui;keiyu-wasure-boushi;poikatsu-demerit;poikatsu-kojinjouhou-mamoru;poikatsu-muki-fumuki;poikatsu-yattehaikenai-koto;pointsite-kougaku-anken
poikatsu-mail-tsuuchi-seiri,ポイ活メール通知の整理術!必要なキャンペーンだけ見逃さない方法,pointsite,0,18,TRUE,FALSE,FALSE,FALSE,poikatsu-senyou-mail-hitsuyou;cashless-fuan-poikatsu;gakusei-poikatsu;hapitas-tsukaikata;kaimono-nigate-poikatsu;kosodate-setai-poikatsu;koteihi-sukunai-poikatsu;kurumanashi-seikatsu-poikatsu;minimalist-poikatsu;poikatsu-taikai-mae-kakunin
poikatsu-minaoshi-timing,ポイ活の見直しタイミングはいつ?使わないサービスを整理する方法,pointsite,0,11,TRUE,FALSE,FALSE,FALSE,campaign-memo-tsukurikata;entry-calendar-tsukurikata;fuyoyotei-point-mieruka;gendama-poikatsu;hitorigurashi-poikatsu;isogashii-kaishain-shuumatsu-poikatsu;poikatsu-kakeibo;poikatsu-yuusenjyuni;point-shuushihyou-tsukurikata;point-toiawase-junbi
poikatsu-muki-fumuki,ポイ活で節約できる人・できない人の違い!向き不向きを解説,pointsite,0,12,TRUE,FALSE,FALSE,FALSE,chihou-zaijuu-poikatsu;hoken-soudan-anken-poikatsu;kaigai-zaijuu-point-kanri;kazoku-account-poikatsu-chuui;keiyu-wasure-boushi;poikatsu-demerit;poikatsu-kojinjouhou-mamoru;poikatsu-kuchikomi-shinyou;poikatsu-yattehaikenai-koto;pointsite-kougaku-anken
poikatsu-nenkan-keikaku,ポイ活の年間計画を作る方法!セール時期と固定費を整理しよう,pointsite,0,0,TRUE,TRUE,FALSE,FALSE,yosekatsu;poikatsu-kiso;hapitas-poikatsu;keiyu-wasure-boushi;moppy-hajimekata;pointsite-kyakka-genin;chobirich-poikatsu;ecnavi-poikatsu;koteihi-sukunai-poikatsu;nifty-point-club-poikatsu
poikatsu-ranking-hanteikijun,ポイ活でおすすめランキングを見る前に!順位より大切な判断基準,pointsite,0,0,TRUE,TRUE,FALSE,FALSE,yosekatsu;poikatsu-kiso;hapitas-poikatsu;keiyu-wasure-boushi;moppy-hajimekata;pointsite-kyakka-genin;chobirich-poikatsu;ecnavi-poikatsu;koteihi-sukunai-poikatsu;nifty-point-club-poikatsu
poikatsu-senyou-mail-hitsuyou,ポイ活専用メールアドレスは必要?登録管理をラクにする考え方,pointsite,1,17,FALSE,FALSE,FALSE,FALSE,poikatsu-mail-tsuuchi-seiri;cashless-fuan-poikatsu;gakusei-poikatsu;hapitas-tsukaikata;kaimono-nigate-poikatsu;kosodate-setai-poikatsu;koteihi-sukunai-poikatsu;kurumanashi-seikatsu-poikatsu;minimalist-poikatsu;poikatsu-taikai-mae-kakunin
poikatsu-taikai-mae-kakunin,ポイ活サービスを退会する前に確認すること!ポイント失効を防ぐ手順,pointsite,0,11,TRUE,FALSE,FALSE,FALSE,point-yuukoukigen-kanri;point-rireki-mikata;cashless-fuan-poikatsu;gakusei-poikatsu;hapitas-tsukaikata;kaimono-nigate-poikatsu;kosodate-setai-poikatsu;koteihi-sukunai-poikatsu;kurumanashi-seikatsu-poikatsu;minimalist-poikatsu
poikatsu-tsukarenai-kotsu,ポイ活で疲れないコツ!キャンペーン追いすぎを防ぐシンプル運用,pointsite,0,0,TRUE,TRUE,FALSE,FALSE,cashless-fuan-poikatsu;gakusei-poikatsu;hapitas-tsukaikata;kaimono-nigate-poikatsu;kosodate-setai-poikatsu;koteihi-sukunai-poikatsu;kurumanashi-seikatsu-poikatsu;minimalist-poikatsu;poikatsu-mail-tsuuchi-seiri;poikatsu-senyou-mail-hitsuyou
poikatsu-yasumu-kijun,ポイ活を休む判断基準とは?疲れた時に手放していい作業を解説,pointsite,0,0,TRUE,TRUE,FALSE,FALSE,cashless-fuan-poikatsu;gakusei-poikatsu;hapitas-tsukaikata;kaimono-nigate-poikatsu;kosodate-setai-poikatsu;koteihi-sukunai-poikatsu;kurumanashi-seikatsu-poikatsu;minimalist-poikatsu;poikatsu-mail-tsuuchi-seiri;poikatsu-senyou-mail-hitsuyou
poikatsu-yattehaikenai-koto,ポイ活でやってはいけないこと!規約違反・不正利用・危険な案件に注意,pointsite,0,11,TRUE,FALSE,FALSE,FALSE,chihou-zaijuu-poikatsu;hoken-soudan-anken-poikatsu;kaigai-zaijuu-point-kanri;kazoku-account-poikatsu-chuui;keiyu-wasure-boushi;poikatsu-demerit;poikatsu-kojinjouhou-mamoru;poikatsu-kuchikomi-shinyou;poikatsu-muki-fumuki;pointsite-kougaku-anken
poikatsu-yuusenjyuni,ポイ活の優先順位を決める方法!時間効率の良い案件と買い物の選び方,pointsite,0,10,TRUE,FALSE,FALSE,FALSE,campaign-memo-tsukurikata;entry-calendar-tsukurikata;fuyoyotei-point-mieruka;gendama-poikatsu;hitorigurashi-poikatsu;isogashii-kaishain-shuumatsu-poikatsu;poikatsu-kakeibo;poikatsu-minaoshi-timing;point-shuushihyou-tsukurikata;point-toiawase-junbi
point-bairitsu-hyou-yomikata,ポイント倍率表の読み方!何倍表示に惑わされないチェックポイント,shopping,0,0,TRUE,TRUE,FALSE,FALSE,amazon-gift-charge;amazon-poikatsu;chuushajou-yoyaku-poikatsu;dpoint-hanei-sarenai;furusato-nozei-poikatsu;game-kakin-point;halloween-yohin-poikatsu;hikkoshi-seikatsuyohin-poikatsu;iryouhi-shohouyaku-point;koukyou-ryokin-poikatsu
point-kangen-genkin-nebiki-hikaku,ポイント還元と現金値引きはどっちが得?迷った時の比較方法,shopping,1,1,FALSE,FALSE,FALSE,FALSE,jisshitsu-kakaku-keisan;ana-jal-mile-hikaku;ana-mile-tameru-kachi;ana-mileageplus-hikaku;au-uq-ponta;carshare-point-katsuyou;cleaning-poikatsu;code-kessai-4sha-hikaku;d-point-supermarket;denryoku-norikae-point
point-kangenritsu-mikata,ポイント還元率の見方を解説!本当にお得か判断する計算方法,shopping,1,1,FALSE,FALSE,FALSE,FALSE,jisshitsu-kakaku-keisan;amazon-tsuhan-toha;aupay-market-toha;biccamera-toha;charge-route-point;daimaru-matsuzakaya-toha;docomo-select-toha;dpoint-tsukaimichi;dshopping-toha;ec-current-poikatsu
point-koukan-toha,ポイント交換とは?他社ポイント・ギフト券・マイルへの交換方法,shopping,4,10,FALSE,FALSE,FALSE,FALSE,credit-card-mile-hikaku;hon-denshi-shoseki-poikatsu;ipsos-isay-poikatsu;iresearch-poikatsu;ana-furusato-mile;ana-mileage-mall-poikatsu;etc-mileage-toha;jal-mileage-mall-poikatsu;jre-point-kiso;mile-koukan-merit
point-museum-poikatsu,ポイントミュージアムとは?安全性・交換条件・特徴をわかりやすく解説,pointsite,72,72,FALSE,FALSE,TRUE,FALSE,poikatsu-kojinjouhou-mamoru;amefri-poikatsu;chobirich-poikatsu;chobirich-tsukaikata;ecnavi-poikatsu;ecnavi-tsukaikata;hapitas-poikatsu;moppy-hajimekata;muryou-kaiin-touroku-poikatsu;nifty-point-club-poikatsu
point-niju-sanjudori-kumiawase,ポイント二重取り・三重取りの組み合わせ早見表!おすすめルートを解説,shopping,3,29,FALSE,FALSE,FALSE,FALSE,sumaho-kessai-creditcard-hikaku;charge-route-point;rakuten-card-poikatsu;rakuten-ichiba-toha;dcard-poikatsu;mitsui-sumitomo-card-vpoint;yosekatsu;apple-pay-poikatsu;au-uq-ponta;aupay-market-poikatsu
point-rireki-mikata,ポイント履歴の見方を解説!獲得・利用・失効を確認する手順,pointsite,1,1,FALSE,FALSE,FALSE,FALSE,poikatsu-taikai-mae-kakunin;cashless-fuan-poikatsu;gakusei-poikatsu;hapitas-tsukaikata;kaimono-nigate-poikatsu;kosodate-setai-poikatsu;koteihi-sukunai-poikatsu;kurumanashi-seikatsu-poikatsu;minimalist-poikatsu;poikatsu-mail-tsuuchi-seiri
point-seikatsuhi-karuku,ポイントで生活費を軽くする方法!食費・日用品に優先して使う考え方,shopping,0,0,TRUE,TRUE,FALSE,FALSE,abc-mart-poikatsu;bousai-goods-poikatsu;cashless-setsuyaku;dpoint-kiso;hasuu-shiharai-point;hyakkaten-depart-poikatsu;kikangentei-point-tsukaimichi;nanaco-point-kiso;net-shopping-point-kiso;nyuugaku-shingaku-junbi-point
point-shuushihyou-tsukurikata,ポイント収支表の作り方!貯める・使う・失効を見える化する方法,pointsite,0,9,TRUE,FALSE,FALSE,FALSE,campaign-memo-tsukurikata;entry-calendar-tsukurikata;fuyoyotei-point-mieruka;gendama-poikatsu;hitorigurashi-poikatsu;isogashii-kaishain-shuumatsu-poikatsu;poikatsu-kakeibo;poikatsu-minaoshi-timing;poikatsu-yuusenjyuni;point-toiawase-junbi
point-tamaru-ginkou-hikaku,ポイントが貯まる銀行を比較!d・楽天・V・Ponta・PayPay系の選び方,kouza,4,14,FALSE,FALSE,FALSE,FALSE,docomo-ginkou-dpoint-poikatsu;net-ginkou-poikatsu;rakuten-ginkou-happy-program;dpoint-ponta-hikaku;monex-shouken-toha;paypaysec-shouken-toha;rakuten-shouken-toha;sbisec-shouken-toha;kasoshisan-kouza-anken-poikatsu;dmm-kabu-poikatsu
point-toiawase-junbi,ポイント問い合わせの準備方法!必要情報をそろえてスムーズに確認する,pointsite,1,11,FALSE,FALSE,FALSE,FALSE,pointsite-kyakka-genin;campaign-memo-tsukurikata;entry-calendar-tsukurikata;fuyoyotei-point-mieruka;gendama-poikatsu;hitorigurashi-poikatsu;isogashii-kaishain-shuumatsu-poikatsu;poikatsu-kakeibo;poikatsu-minaoshi-timing;poikatsu-yuusenjyuni
point-toushi-toha,ポイント投資とは?貯めたポイントで投資体験を始める方法,shopping,1,1,FALSE,FALSE,FALSE,FALSE,point-toushi-unyou-service-hikaku;abc-mart-poikatsu;bousai-goods-poikatsu;cashless-setsuyaku;dpoint-kiso;hasuu-shiharai-point;hyakkaten-depart-poikatsu;kikangentei-point-tsukaimichi;nanaco-point-kiso;net-shopping-point-kiso
point-toushi-unyou-service-hikaku,ポイント投資・ポイント運用を主要サービスで比較,shopping,7,35,FALSE,FALSE,TRUE,FALSE,point-toushi-toha;point-unyou-toha;monex-shouken-toha;rakuten-shouken-toha;paypaysec-shouken-toha;sbisec-shouken-toha;dpoint-ponta-hikaku;au-uq-ponta;aupay-market-poikatsu;aupay-market-toha
point-tsukaimichi,ポイ活で貯めたポイントの使い道は?節約につながる使い方を解説,shopping,1,1,FALSE,FALSE,FALSE,FALSE,kikangentei-point-tsukaimichi;drugstore-point-hikaku;point-toushi-unyou-service-hikaku;rakuten-ichiba-toha;kikangentei-point-5shu-hikaku;paypay-point-kiso;point-yuukoukigen-kanri;rakuten-mobile-rakuten-point;au-uq-ponta;matsukiyo-cocokara-point
point-tsukanai-genin,ポイントが付かない原因まとめ!問い合わせ前に確認すべきこと,shopping,1,1,FALSE,FALSE,FALSE,FALSE,pointsite-kyakka-genin;amazon-gift-charge;amazon-poikatsu;chuushajou-yoyaku-poikatsu;dpoint-hanei-sarenai;furusato-nozei-poikatsu;game-kakin-point;halloween-yohin-poikatsu;hikkoshi-seikatsuyohin-poikatsu;iryouhi-shohouyaku-point
point-unyou-toha,ポイント運用とは?投資との違いと初心者が知るべき注意点,shopping,1,1,FALSE,FALSE,FALSE,FALSE,point-toushi-unyou-service-hikaku;amazon-gift-charge;amazon-poikatsu;chuushajou-yoyaku-poikatsu;dpoint-hanei-sarenai;furusato-nozei-poikatsu;game-kakin-point;halloween-yohin-poikatsu;hikkoshi-seikatsuyohin-poikatsu;iryouhi-shohouyaku-point
point-yuukoukigen-kanri,ポイントの有効期限を管理する方法!失効を防ぐチェック習慣,shopping,5,11,FALSE,FALSE,FALSE,FALSE,kikangentei-point-5shu-hikaku;ana-jal-mile-hikaku;kikangentei-point-tsukaimichi;paypay-vpoint-koukan;poikatsu-taikai-mae-kakunin;abc-mart-poikatsu;bousai-goods-poikatsu;cashless-setsuyaku;dpoint-kiso;hasuu-shiharai-point
pointincome-poikatsu,ポイントインカムとは?アプリでも貯まるポイントサイトの特徴を解説,pointsite,72,72,FALSE,FALSE,TRUE,FALSE,pointsite-kyakka-genin;amefri-poikatsu;chobirich-poikatsu;chobirich-tsukaikata;ecnavi-poikatsu;ecnavi-tsukaikata;hapitas-poikatsu;moppy-hajimekata;muryou-kaiin-touroku-poikatsu;nifty-point-club-poikatsu
pointincome-tsukaikata,ポイントインカムの特徴とは?買い物・ゲーム・案件を使い分ける方法,pointsite,0,0,TRUE,TRUE,TRUE,FALSE,amefri-poikatsu;chobirich-poikatsu;chobirich-tsukaikata;ecnavi-poikatsu;ecnavi-tsukaikata;hapitas-poikatsu;moppy-hajimekata;muryou-kaiin-touroku-poikatsu;nifty-point-club-poikatsu;point-museum-poikatsu
pointsite-kougaku-anken,ポイントサイトの高額案件を見る前に!口座開設・カード案件の注意点,pointsite,1,8,FALSE,FALSE,FALSE,FALSE,hoken-soudan-anken-poikatsu;chihou-zaijuu-poikatsu;kaigai-zaijuu-point-kanri;kazoku-account-poikatsu-chuui;keiyu-wasure-boushi;poikatsu-demerit;poikatsu-kojinjouhou-mamoru;poikatsu-kuchikomi-shinyou;poikatsu-muki-fumuki;poikatsu-yattehaikenai-koto
pointsite-kyakka-genin,ポイントサイトで却下される原因は?承認条件の読み方を初心者向けに解説,pointsite,2,23,FALSE,FALSE,FALSE,FALSE,point-toiawase-junbi;keiyu-wasure-boushi;hapitas-poikatsu;moppy-hajimekata;pointincome-poikatsu;warau-poikatsu;chobirich-poikatsu;ecnavi-poikatsu;nifty-point-club-poikatsu;point-tsukanai-genin
ponta-kiso,Pontaポイントとは?貯め方・使い方・相性の良いサービスを解説,shopping,1,1,FALSE,FALSE,FALSE,FALSE,au-uq-ponta;aupay-market-poikatsu;aupay-market-toha;aupay-ponta;code-kessai-4sha-hikaku;dpoint-ponta-hikaku;drugstore-point-hikaku;kadenryohanten-point-hikaku;kikangentei-point-5shu-hikaku;kikangentei-point-tsukaimichi
ponta-mile-koukan,Pontaポイントをマイルや他社ポイントに交換する方法!使い道を広げるコツ,shopping,4,10,FALSE,FALSE,FALSE,FALSE,ana-jal-mile-hikaku;jal-mile-tameru-kachi;ponta-tamekata;ponta-tsukaikata;au-uq-ponta;aupay-market-poikatsu;aupay-market-toha;aupay-ponta;code-kessai-4sha-hikaku;dpoint-ponta-hikaku
ponta-supermarket,Pontaが貯まるスーパー一覧|使える店舗・地域スーパーも比較,shopping,3,4,FALSE,FALSE,FALSE,FALSE,au-uq-ponta;d-point-supermarket;net-super-poikatsu;rakuten-point-supermarket;aupay-market-poikatsu;aupay-market-toha;aupay-ponta;code-kessai-4sha-hikaku;dpoint-ponta-hikaku;drugstore-point-hikaku
ponta-tamekata,Pontaポイントの貯め方とは?もらう方法・使い方を解説,,0,8,TRUE,FALSE,FALSE,TRUE,aupay-market-toha;aupay-furusato-poikatsu;jalan-net-poikatsu;lawson-ponta;aupay-ponta;ponta-tsukaikata;ponta-tsukaimichi;ponta-mile-koukan
ponta-tsukaikata,Pontaポイントの使い方とは?店舗・連携・交換まで完全ガイド,,2,6,FALSE,FALSE,FALSE,TRUE,aupay-ponta;aupay-furusato-poikatsu;aupay-market-toha;jalan-net-poikatsu;ponta-mile-koukan;ponta-tamekata
ponta-tsukaimichi,Pontaポイントのおすすめの使い道!ローソン・au・旅行で活用する方法,shopping,1,1,FALSE,FALSE,FALSE,FALSE,ponta-tamekata;au-uq-ponta;aupay-market-poikatsu;aupay-market-toha;aupay-ponta;code-kessai-4sha-hikaku;dpoint-ponta-hikaku;drugstore-point-hikaku;kadenryohanten-point-hikaku;kikangentei-point-5shu-hikaku
prepaid-card-poikatsu,プリペイドカードでポイ活する方法!使いすぎ防止にも役立つ活用術,shopping,0,0,TRUE,TRUE,FALSE,FALSE,abc-mart-poikatsu;bousai-goods-poikatsu;cashless-setsuyaku;dpoint-kiso;hasuu-shiharai-point;hyakkaten-depart-poikatsu;kikangentei-point-tsukaimichi;nanaco-point-kiso;net-shopping-point-kiso;nyuugaku-shingaku-junbi-point
qoo10-poikatsu,Qoo10でポイ活する方法!メガ割前に準備したいチェックリスト,shopping,0,3,TRUE,FALSE,FALSE,FALSE,aeon-point-tameru;hahanohi-chichinohi-gift-point;rakuten-ichiba-kaimawari;welcia-point;welkatsu-poikatsu;drugstore-point-hikaku;point-toushi-unyou-service-hikaku;rakuten-ichiba-toha;kikangentei-point-5shu-hikaku;paypay-point-kiso
qr-kessai-poikatsu,QRコード決済でポイントを貯める方法!支払い前のチェックポイント,shopping,1,3,FALSE,FALSE,FALSE,FALSE,code-kessai-4sha-hikaku;kikangentei-point-5shu-hikaku;kikangentei-point-tsukaimichi;lohaco-toha;paypay-point-kiso;paypay-point-tsukaimichi;paypay-point-tsukanai;paypay-vpoint-koukan;point-niju-sanjudori-kumiawase;point-toushi-unyou-service-hikaku
rakuten-ana-mile-koukan,楽天ポイントをANAマイルに交換できる?交換ルートと注意点を解説,shopping,3,15,FALSE,FALSE,FALSE,FALSE,ana-jal-mile-hikaku;ana-mile-tameru-kachi;rakuten-mobile-rakuten-point;code-kessai-4sha-hikaku;drugstore-point-hikaku;kadenryohanten-point-hikaku;kikangentei-point-5shu-hikaku;kikangentei-point-tsukaimichi;net-shopping-point-kiso;point-niju-sanjudori-kumiawase
rakuten-beauty-poikatsu,楽天ビューティとは?美容室・ネイル・エステの検索・予約ができるサービス,seikatsu,37,29,FALSE,FALSE,TRUE,FALSE,rakuten-car-shaken-poikatsu;rakuten-carwash-poikatsu;rakuten-denwa-poikatsu;rakuten-hikari-poikatsu;rakuten-kakeibo-poikatsu;rakuten-mobile-poikatsu;rakuten-music-poikatsu;rakuten-shashinkan-poikatsu;ubereats-poikatsu;d-value-pass-poikatsu
rakuten-car-shaken-poikatsu,楽天Car車検とは?見積もり比較・予約で楽天ポイントがもらえるサービス,seikatsu,37,29,FALSE,FALSE,TRUE,FALSE,rakuten-beauty-poikatsu;rakuten-carwash-poikatsu;rakuten-denwa-poikatsu;rakuten-hikari-poikatsu;rakuten-kakeibo-poikatsu;rakuten-mobile-poikatsu;rakuten-music-poikatsu;rakuten-shashinkan-poikatsu;ubereats-poikatsu;d-value-pass-poikatsu
rakuten-card-poikatsu,楽天カードはポイ活に向いている?メリットと注意点を初心者向けに解説,creditcard,31,33,FALSE,FALSE,TRUE,FALSE,credit-card-common-point-hikaku;point-niju-sanjudori-kumiawase;rakuten-ginkou-happy-program;rakuten-mobile-rakuten-point;rakuten-point-tsukaikata;rakuten-travel-supersale-entry-coupon;credit-card-point-hikaku;keitai-ryokin-point;ana-amex-poikatsu;apple-pay-poikatsu
rakuten-carwash-poikatsu,楽天Car洗車・コーティングとは?予約方法と楽天ポイントを解説,seikatsu,0,9,TRUE,FALSE,TRUE,FALSE,rakuten-beauty-poikatsu;rakuten-car-shaken-poikatsu;rakuten-denwa-poikatsu;rakuten-hikari-poikatsu;rakuten-kakeibo-poikatsu;rakuten-mobile-poikatsu;rakuten-music-poikatsu;rakuten-shashinkan-poikatsu;ubereats-poikatsu;ahamo-toha
rakuten-check-poikatsu,楽天チェックで来店ポイントを貯める方法!外出ついでに使う基本,shopping,0,3,TRUE,FALSE,FALSE,FALSE,code-kessai-4sha-hikaku;drugstore-point-hikaku;kadenryohanten-point-hikaku;kikangentei-point-5shu-hikaku;kikangentei-point-tsukaimichi;net-shopping-point-kiso;point-niju-sanjudori-kumiawase;point-toushi-unyou-service-hikaku;rakuten-ana-mile-koukan;rakuten-ichiba-kaimawari
rakuten-denwa-poikatsu,楽天でんわとは?番号そのままで通話料を半額にできる電話アプリを解説,seikatsu,34,12,FALSE,FALSE,TRUE,FALSE,rakuten-beauty-poikatsu;rakuten-car-shaken-poikatsu;rakuten-carwash-poikatsu;rakuten-hikari-poikatsu;rakuten-kakeibo-poikatsu;rakuten-mobile-poikatsu;rakuten-music-poikatsu;rakuten-shashinkan-poikatsu;ubereats-poikatsu;d-value-pass-poikatsu
rakuten-ginkou-happy-program,楽天銀行ハッピープログラムの基本!銀行取引で楽天ポイントを貯める方法,kouza,1,17,FALSE,FALSE,FALSE,FALSE,rakuten-card-poikatsu;rakuten-ichiba-toha;rakuten-point-tamekata;rakuten-poikatsu-kiso;point-tamaru-ginkou-hikaku;rakuten-shouken-toha;monex-shouken-toha;paypaysec-shouken-toha;sbisec-shouken-toha;docomo-ginkou-dpoint-poikatsu
rakuten-hikari-poikatsu,楽天ひかりとは?楽天モバイルとセットで楽天市場ポイントが7倍になる光回線,seikatsu,38,38,FALSE,FALSE,TRUE,FALSE,rakuten-beauty-poikatsu;rakuten-car-shaken-poikatsu;rakuten-carwash-poikatsu;rakuten-denwa-poikatsu;rakuten-kakeibo-poikatsu;rakuten-mobile-poikatsu;rakuten-music-poikatsu;rakuten-shashinkan-poikatsu;ubereats-poikatsu;ahamo-hikari-poikatsu
rakuten-ichiba-kaimawari,楽天市場でポイントを効率よく貯める方法!買い回り前に確認すること,shopping,1,6,FALSE,FALSE,FALSE,FALSE,rakuten-point-tamekata;code-kessai-4sha-hikaku;drugstore-point-hikaku;kadenryohanten-point-hikaku;kikangentei-point-5shu-hikaku;kikangentei-point-tsukaimichi;net-shopping-point-kiso;point-niju-sanjudori-kumiawase;point-toushi-unyou-service-hikaku;rakuten-ana-mile-koukan
rakuten-ichiba-toha,楽天市場とは?特徴とポイントの貯め方をわかりやすく解説,shopping,196,196,FALSE,FALSE,FALSE,FALSE,point-niju-sanjudori-kumiawase;rakuten-ginkou-happy-program;rakuten-mobile-rakuten-point;rakuten-point-tamekata;rakuten-point-tsukaikata;rakuten-travel-supersale-entry-coupon;code-kessai-4sha-hikaku;drugstore-point-hikaku;kadenryohanten-point-hikaku;kikangentei-point-5shu-hikaku
rakuten-insight-tsukaikata,楽天インサイトの使い方!楽天ポイントをアンケートで貯める方法,survey,0,0,TRUE,TRUE,FALSE,FALSE,ipsos-isay-poikatsu;iresearch-poikatsu;macromill-poikatsu;enquete-monitor-poikatsu;fancrew-poikatsu;opinionworld-poikatsu;cue-monitor-poikatsu;fruitmail-poikatsu;infoq-poikatsu;macromill-tsukaikata
rakuten-kakeibo-poikatsu,Rakuten家計簿とは?無料で使える家計簿アプリと楽天ポイントを解説,seikatsu,0,9,TRUE,FALSE,TRUE,FALSE,rakuten-beauty-poikatsu;rakuten-car-shaken-poikatsu;rakuten-carwash-poikatsu;rakuten-denwa-poikatsu;rakuten-hikari-poikatsu;rakuten-mobile-poikatsu;rakuten-music-poikatsu;rakuten-shashinkan-poikatsu;ubereats-poikatsu;ahamo-toha
rakuten-mobile-poikatsu,楽天モバイルとは?データ使い放題と楽天ポイント最大+4倍を解説,seikatsu,38,21,FALSE,FALSE,TRUE,FALSE,kakuyasu-sim-norikae-poikatsu;rakuten-mobile-rakuten-point;rakuten-point-tamekata;rakuten-point-tsukaikata;rakuten-beauty-poikatsu;rakuten-car-shaken-poikatsu;rakuten-carwash-poikatsu;rakuten-denwa-poikatsu;rakuten-hikari-poikatsu;rakuten-kakeibo-poikatsu
rakuten-mobile-rakuten-point,楽天モバイルなら楽天ポイントにまとめるべき?楽天経済圏との相性を解説,shopping,5,20,FALSE,FALSE,FALSE,FALSE,rakuten-mobile-poikatsu;rakuten-card-poikatsu;rakuten-pay-tameru;rakuten-ichiba-toha;rakuten-ana-mile-koukan;softbank-ymobile-paypay-point;rakuten-paypay-hikaku;vpoint-rakuten-hikaku;yosekatsu;rakuten-poikatsu-kiso
rakuten-music-poikatsu,楽天ミュージックとは?広告なしで約1億曲聴き放題の音楽アプリを解説,seikatsu,39,38,FALSE,FALSE,TRUE,FALSE,subscription-point-tameru;rakuten-beauty-poikatsu;rakuten-car-shaken-poikatsu;rakuten-carwash-poikatsu;rakuten-denwa-poikatsu;rakuten-hikari-poikatsu;rakuten-kakeibo-poikatsu;rakuten-mobile-poikatsu;rakuten-shashinkan-poikatsu;ubereats-poikatsu
rakuten-pay-tameru,楽天ペイで楽天ポイントを貯める方法!街のお買い物で使うコツ,shopping,2,2,FALSE,FALSE,FALSE,FALSE,rakuten-mobile-rakuten-point;rakuten-point-tsukaikata;code-kessai-4sha-hikaku;drugstore-point-hikaku;kadenryohanten-point-hikaku;kikangentei-point-5shu-hikaku;kikangentei-point-tsukaimichi;net-shopping-point-kiso;point-niju-sanjudori-kumiawase;point-toushi-unyou-service-hikaku
rakuten-paypay-hikaku,楽天ポイントとPayPayポイントはどっち?通販・決済・カードで比較,shopping,2,4,FALSE,FALSE,FALSE,FALSE,rakuten-yahoo-hikaku;rakuten-mobile-rakuten-point;softbank-ymobile-paypay-point;yosekatsu;ana-jal-mile-hikaku;ana-mileageplus-hikaku;au-uq-ponta;cleaning-poikatsu;code-kessai-4sha-hikaku;docomo-ahamo-dpoint
rakuten-poikatsu-kiso,楽天ポイントの貯め方を初心者向けに解説!楽天経済圏の基本,shopping,4,4,FALSE,FALSE,FALSE,FALSE,rakuten-ginkou-happy-program;rakuten-mobile-rakuten-point;rakuten-point-supermarket;rakuten-point-tamekata;code-kessai-4sha-hikaku;drugstore-point-hikaku;kadenryohanten-point-hikaku;kikangentei-point-5shu-hikaku;kikangentei-point-tsukaimichi;net-shopping-point-kiso
rakuten-point-supermarket,楽天ポイントが貯まるスーパー一覧|使える店舗・地域スーパーも比較,shopping,2,4,FALSE,FALSE,FALSE,FALSE,rakuten-poikatsu-kiso;rakuten-mobile-rakuten-point;ponta-supermarket;net-super-poikatsu;v-point-supermarket;code-kessai-4sha-hikaku;drugstore-point-hikaku;kadenryohanten-point-hikaku;kikangentei-point-5shu-hikaku;kikangentei-point-tsukaimichi
rakuten-point-tamekata,楽天ポイントの貯め方とは?もらう方法・使い方を解説,,5,11,FALSE,FALSE,FALSE,FALSE,rakuten-ichiba-toha;rakuten-mobile-poikatsu;rakuten-poikatsu-kiso;rakuten-ichiba-kaimawari;rakuten-point-tsukaikata;rakuten-point-tsukaimichi;hon-denshi-shoseki-poikatsu;hyakkaten-depart-poikatsu;rakuten-ginkou-happy-program;rakuten-travel-supersale-entry-coupon
rakuten-point-tsukaikata,楽天ポイントの使い方とは?店舗・連携・交換まで完全ガイド,,2,6,FALSE,FALSE,FALSE,TRUE,rakuten-ichiba-toha;rakuten-pay-tameru;rakuten-mobile-poikatsu;rakuten-card-poikatsu;ubereats-poikatsu;rakuten-point-tamekata
rakuten-point-tsukaimichi,楽天ポイントの使い道おすすめまとめ!通常ポイントと期間限定ポイントの違い,shopping,1,1,FALSE,FALSE,FALSE,FALSE,rakuten-point-tamekata;code-kessai-4sha-hikaku;drugstore-point-hikaku;kadenryohanten-point-hikaku;kikangentei-point-5shu-hikaku;kikangentei-point-tsukaimichi;net-shopping-point-kiso;point-niju-sanjudori-kumiawase;point-toushi-unyou-service-hikaku;rakuten-ana-mile-koukan
rakuten-rebates-poikatsu,楽天リーベイツでポイ活する方法!公式ストア利用時のポイント経由術,shopping,0,0,TRUE,TRUE,FALSE,FALSE,code-kessai-4sha-hikaku;drugstore-point-hikaku;kadenryohanten-point-hikaku;kikangentei-point-5shu-hikaku;kikangentei-point-tsukaimichi;net-shopping-point-kiso;point-niju-sanjudori-kumiawase;point-toushi-unyou-service-hikaku;rakuten-ana-mile-koukan;rakuten-check-poikatsu
rakuten-shashinkan-poikatsu,楽天写真館とは?写真プリントからフォトブックまで作れるサービスを解説,seikatsu,37,16,FALSE,FALSE,TRUE,FALSE,rakuten-beauty-poikatsu;rakuten-car-shaken-poikatsu;rakuten-carwash-poikatsu;rakuten-denwa-poikatsu;rakuten-hikari-poikatsu;rakuten-kakeibo-poikatsu;rakuten-mobile-poikatsu;rakuten-music-poikatsu;ubereats-poikatsu;d-value-pass-poikatsu
rakuten-shouken-toha,楽天証券とは?特徴とポイントの貯め方をわかりやすく解説,kouza,8,14,FALSE,FALSE,TRUE,FALSE,point-toushi-unyou-service-hikaku;point-tamaru-ginkou-hikaku;rakuten-ginkou-happy-program;monex-shouken-toha;paypaysec-shouken-toha;sbisec-shouken-toha;docomo-ginkou-dpoint-poikatsu;dmm-kabu-poikatsu;matsui-shouken-ideco-poikatsu;net-ginkou-poikatsu
rakuten-travel-supersale-entry-coupon,楽天トラベルスーパーSALE攻略|エントリー条件とクーポン併用ルール,campaign,1,8,FALSE,FALSE,FALSE,FALSE,rakuten-travel-supersale-poikatsu;rakuten-card-poikatsu;rakuten-point-tamekata;rakuten-ichiba-toha;yahoo-travel-poikatsu;jalan-net-poikatsu;airtrip-poikatsu;ana-mileage-mall-poikatsu;kakuyasu-sim-norikae-poikatsu;bonus-tsuki-poikatsu-keikaku
rakuten-travel-supersale-poikatsu,楽天トラベルスーパーセールで失敗しないポイ活!予約前チェックリスト,campaign,3,13,FALSE,FALSE,FALSE,FALSE,ryokou-yoyaku-point;rakuten-travel-supersale-entry-coupon;shukuhaku-yoyaku-point;yahoo-travel-ultrasale-poikatsu;kakuyasu-sim-norikae-poikatsu;airtrip-tsukaikata;ame-heijitsu-campaign-poikatsu;black-friday-poikatsu;poikatsu-campaign-shippai-boushi;yahoo-travel-tsukaikata
rakuten-yahoo-hikaku,楽天市場とYahoo!ショッピングはどっちがお得?ポイ活視点で比較,shopping,1,1,FALSE,FALSE,FALSE,FALSE,rakuten-paypay-hikaku;code-kessai-4sha-hikaku;drugstore-point-hikaku;kadenryohanten-point-hikaku;kikangentei-point-5shu-hikaku;kikangentei-point-tsukaimichi;net-shopping-point-kiso;point-niju-sanjudori-kumiawase;point-toushi-unyou-service-hikaku;rakuten-ana-mile-koukan
receipt-app-poikatsu,レシートアプリでポイ活する方法!買い物後に捨てずに活用するコツ,app,0,8,TRUE,FALSE,FALSE,FALSE,one-receipt-poikatsu;code-receipt-poikatsu;reshichare-poikatsu;app-install-anken-poikatsu;hashport-wallet-poikatsu;torima-idou-poikatsu;app-hitsuyou;hosuu-app-poikatsu;idou-app-erabikata;taxi-app-poikatsu
recruit-ponta,リクルートサービスでPontaポイントを貯める方法!予約・買い物で活用,shopping,0,4,TRUE,FALSE,TRUE,FALSE,au-uq-ponta;aupay-market-poikatsu;aupay-market-toha;aupay-ponta;code-kessai-4sha-hikaku;dpoint-ponta-hikaku;drugstore-point-hikaku;kadenryohanten-point-hikaku;kikangentei-point-5shu-hikaku;kikangentei-point-tsukaimichi
rentacar-yoyaku-poikatsu,レンタカー予約でポイ活する方法!旅行前に確認したい支払いと補償,shopping,0,1,TRUE,FALSE,FALSE,FALSE,gasoline-point-tameru;amazon-gift-charge;amazon-poikatsu;chuushajou-yoyaku-poikatsu;dpoint-hanei-sarenai;furusato-nozei-poikatsu;game-kakin-point;halloween-yohin-poikatsu;hikkoshi-seikatsuyohin-poikatsu;iryouhi-shohouyaku-point
reshichare-poikatsu,レシチャレ(旧クラシルリワード)で貯めるポイ活とは?レシート・移動・広告の使い方,app,2,11,FALSE,FALSE,FALSE,FALSE,idou-app-erabikata;receipt-app-poikatsu;code-receipt-poikatsu;one-receipt-poikatsu;taxi-app-poikatsu;tiktok-lite-poikatsu;torima-idou-poikatsu;app-hitsuyou;app-install-anken-poikatsu;hashport-wallet-poikatsu
retty-poikatsu,Rettyとは?会員登録不要でPayPayポイントが貯まるグルメ予約サービス,seikatsu,3,6,FALSE,FALSE,TRUE,FALSE,paypay-point-tamekata;paypay-point-tsukaikata;d-value-pass-poikatsu;itoyokado-netsuper-onigo-poikatsu;rakuten-beauty-poikatsu;rakuten-car-shaken-poikatsu;rakuten-denwa-poikatsu;rakuten-music-poikatsu;rakuten-shashinkan-poikatsu;ubereats-poikatsu
rimawarikun-toha,利回りくんとは?不動産クラウドファンディングの特徴とリスクを解説,seikatsu,0,0,TRUE,TRUE,TRUE,FALSE,aupay-furusato-poikatsu;docomo-denki-poikatsu;rakuten-mobile-poikatsu;ahamo-hikari-poikatsu;d-value-pass-poikatsu;retty-poikatsu;ahamo-toha;dmmbooks-toha;itoyokado-netsuper-onigo-poikatsu;rakuten-music-poikatsu
roadmap,ポイ活初心者向けロードマップ!登録から初回ポイント獲得までの流れ,pointsite,0,0,TRUE,TRUE,FALSE,FALSE,yosekatsu;poikatsu-kiso;hapitas-poikatsu;keiyu-wasure-boushi;moppy-hajimekata;pointsite-kyakka-genin;chobirich-poikatsu;ecnavi-poikatsu;koteihi-sukunai-poikatsu;nifty-point-club-poikatsu
ryokou-yoyaku-point,旅行予約でポイントを貯める方法!ホテル・航空券・予約サイト活用術,shopping,1,5,FALSE,FALSE,FALSE,FALSE,yahoo-travel-tsukaikata;jalan-tsukaikata;rakuten-travel-supersale-poikatsu;code-kessai-4sha-hikaku;drugstore-point-hikaku;kadenryohanten-point-hikaku;kikangentei-point-5shu-hikaku;kikangentei-point-tsukaimichi;net-shopping-point-kiso;point-niju-sanjudori-kumiawase
ryokou-zuki-poikatsu-keikaku,旅行好きのポイ活計画!普段の買い物を旅費に近づける考え方,pointsite,0,0,TRUE,TRUE,FALSE,FALSE,yosekatsu;poikatsu-kiso;hapitas-poikatsu;keiyu-wasure-boushi;moppy-hajimekata;pointsite-kyakka-genin;chobirich-poikatsu;ecnavi-poikatsu;koteihi-sukunai-poikatsu;nifty-point-club-poikatsu
satofull-poikatsu,さとふるとは?ふるさと納税の流れとポイント制度の現状を解説,seikatsu,0,0,TRUE,TRUE,TRUE,FALSE,ahamo-toha;anshin-security-toha;busnoru-poikatsu;dcarshare-toha;dhealthcare-toha;dhits-toha;dmagazine-toha;dmmbooks-toha;dphoto-toha;hikaritv-toha
sbisec-shouken-toha,SBI証券とは?特徴とポイントの貯め方をわかりやすく解説,kouza,8,14,FALSE,FALSE,FALSE,FALSE,point-toushi-unyou-service-hikaku;point-tamaru-ginkou-hikaku;monex-shouken-toha;paypaysec-shouken-toha;rakuten-ginkou-happy-program;rakuten-shouken-toha;docomo-ginkou-dpoint-poikatsu;dmm-kabu-poikatsu;matsui-shouken-ideco-poikatsu;net-ginkou-poikatsu
screenshot-hozon-poikatsu-miss,スクリーンショット保存でポイ活ミスを減らす方法!残すべき画面を解説,pointsite,0,0,TRUE,TRUE,FALSE,FALSE,chihou-zaijuu-poikatsu;hoken-soudan-anken-poikatsu;kaigai-zaijuu-point-kanri;kazoku-account-poikatsu-chuui;keiyu-wasure-boushi;poikatsu-demerit;poikatsu-kojinjouhou-mamoru;poikatsu-kuchikomi-shinyou;poikatsu-muki-fumuki;poikatsu-yattehaikenai-koto
seims-point,ドラッグセイムスのポイントを解説|セイムスポイントカードと楽天ポイントの関係,shopping,1,1,FALSE,FALSE,FALSE,FALSE,drugstore-point-hikaku;code-kessai-4sha-hikaku;kadenryohanten-point-hikaku;kikangentei-point-5shu-hikaku;kikangentei-point-tsukaimichi;net-shopping-point-kiso;point-niju-sanjudori-kumiawase;point-toushi-unyou-service-hikaku;rakuten-ana-mile-koukan;rakuten-check-poikatsu
seiyu-poikatsu,西友でお得に買い物する方法!ネットスーパーと店舗利用のポイント,shopping,0,0,TRUE,TRUE,FALSE,FALSE,ana-jal-mile-hikaku;ana-mile-tameru-kachi;ana-mileageplus-hikaku;au-uq-ponta;carshare-point-katsuyou;cleaning-poikatsu;code-kessai-4sha-hikaku;d-point-supermarket;denryoku-norikae-point;docomo-ahamo-dpoint
senior-poikatsu,シニア向けポイ活入門!スマホが苦手でも始めやすいポイント活用,pointsite,0,0,TRUE,TRUE,FALSE,FALSE,cashless-fuan-poikatsu;gakusei-poikatsu;hapitas-tsukaikata;kaimono-nigate-poikatsu;kosodate-setai-poikatsu;koteihi-sukunai-poikatsu;kurumanashi-seikatsu-poikatsu;minimalist-poikatsu;poikatsu-mail-tsuuchi-seiri;poikatsu-senyou-mail-hitsuyou
setsuyaku-nigate-poikatsu-nyumon,節約が苦手な人のポイ活入門!頑張らずに支出を見える化する方法,pointsite,0,0,TRUE,TRUE,FALSE,FALSE,cashless-fuan-poikatsu;gakusei-poikatsu;hapitas-tsukaikata;kaimono-nigate-poikatsu;kosodate-setai-poikatsu;koteihi-sukunai-poikatsu;kurumanashi-seikatsu-poikatsu;minimalist-poikatsu;poikatsu-mail-tsuuchi-seiri;poikatsu-senyou-mail-hitsuyou
seven-eleven-point,セブン-イレブンでポイントを貯める方法!nanacoとアプリ活用の基本,shopping,0,1,TRUE,FALSE,FALSE,FALSE,nanaco-point-kiso;aupay-market-poikatsu;aupay-ponta;biyouin-salon-point;coke-on-setsuyaku;demaecan-poikatsu;doutor-tullys-poikatsu;dpoint-d-harai;drugstore-poikatsu;famiresu-cafe-point
sevennet-shopping-poikatsu,セブンネットショッピングとは?セブン‐イレブン受け取りで送料無料になる通販サイト,shopping,0,0,TRUE,TRUE,TRUE,FALSE,amazon-tsuhan-toha;aupay-market-toha;biccamera-toha;charge-route-point;daimaru-matsuzakaya-toha;docomo-select-toha;dpoint-tsukaimichi;dshopping-toha;ec-current-poikatsu;hikkoshi-poikatsu
shein-poikatsu-chuuiten,SHEINでポイ活する時の注意点!海外通販で見るべき費用とポイント,shopping,0,0,TRUE,TRUE,FALSE,FALSE,ana-jal-mile-hikaku;ana-mile-tameru-kachi;ana-mileageplus-hikaku;au-uq-ponta;carshare-point-katsuyou;cleaning-poikatsu;code-kessai-4sha-hikaku;d-point-supermarket;denryoku-norikae-point;docomo-ahamo-dpoint
shinseikatsu-poikatsu-checklist,新生活のポイ活チェックリスト!家具・家電・日用品をお得にそろえる方法,shopping,0,0,TRUE,TRUE,TRUE,FALSE,abc-mart-poikatsu;bousai-goods-poikatsu;cashless-setsuyaku;dpoint-kiso;hasuu-shiharai-point;hyakkaten-depart-poikatsu;kikangentei-point-tsukaimichi;nanaco-point-kiso;net-shopping-point-kiso;nyuugaku-shingaku-junbi-point
shippai-shinai-hajimekata,ポイ活で失敗しない始め方!初心者がやりがちな勘違いを解説,pointsite,0,0,TRUE,TRUE,FALSE,FALSE,yosekatsu;poikatsu-kiso;hapitas-poikatsu;keiyu-wasure-boushi;moppy-hajimekata;pointsite-kyakka-genin;chobirich-poikatsu;ecnavi-poikatsu;koteihi-sukunai-poikatsu;nifty-point-club-poikatsu
shiryouseikyuu-anken-poikatsu,資料請求案件でポイ活する方法!申し込み前に確認したい注意点,pointsite,1,1,FALSE,FALSE,FALSE,FALSE,hoken-soudan-anken-poikatsu;chihou-zaijuu-poikatsu;kaigai-zaijuu-point-kanri;kazoku-account-poikatsu-chuui;keiyu-wasure-boushi;poikatsu-demerit;poikatsu-kojinjouhou-mamoru;poikatsu-kuchikomi-shinyou;poikatsu-muki-fumuki;poikatsu-yattehaikenai-koto
shouken-kouza-anken-poikatsu,証券口座開設案件でポイ活する方法!投資前提で注意したい基本,kouza,0,3,TRUE,FALSE,TRUE,FALSE,matsui-shouken-ideco-poikatsu;dmm-kabu-poikatsu;fx-kouza-anken-poikatsu;point-tamaru-ginkou-hikaku;docomo-ginkou-dpoint-poikatsu;monex-shouken-toha;net-ginkou-poikatsu;paypaysec-shouken-toha;rakuten-ginkou-happy-program;rakuten-shouken-toha
shufu-shufu-poikatsu,主婦・主夫におすすめのポイ活!日用品とスーパーで無理なく節約,pointsite,0,0,TRUE,TRUE,FALSE,FALSE,cashless-fuan-poikatsu;gakusei-poikatsu;hapitas-tsukaikata;kaimono-nigate-poikatsu;kosodate-setai-poikatsu;koteihi-sukunai-poikatsu;kurumanashi-seikatsu-poikatsu;minimalist-poikatsu;poikatsu-mail-tsuuchi-seiri;poikatsu-senyou-mail-hitsuyou
shukuhaku-yoyaku-point,宿泊予約サイトでポイントを取りこぼさない方法!予約前の比較ポイント,shopping,0,4,TRUE,FALSE,FALSE,FALSE,yahoo-travel-tsukaikata;jalan-tsukaikata;airtrip-tsukaikata;rakuten-travel-supersale-poikatsu;ana-jal-mile-hikaku;ana-mile-tameru-kachi;ana-mileageplus-hikaku;au-uq-ponta;carshare-point-katsuyou;cleaning-poikatsu
softbank-hikari-poikatsu,SoftBank 光とは?フレッツ光より安い高速光回線とキャッシュバックを解説,seikatsu,34,34,FALSE,FALSE,TRUE,FALSE,ahamo-hikari-poikatsu;ana-hikari-poikatsu;auhikari-poikatsu;biglobe-hikari-poikatsu;docomo-denki-poikatsu;nifty-docomo-hikari-poikatsu;rakuten-hikari-poikatsu;rakuten-mobile-poikatsu;aupay-furusato-poikatsu;d-value-pass-poikatsu
softbank-ymobile-paypay-point,SoftBank・Y!mobileならPayPayポイント?相性の良いサービスを比較,shopping,2,7,FALSE,FALSE,FALSE,FALSE,paypay-point-tsukaikata;yahoo-shopping-toha;paypay-campaign-katsuyo;rakuten-mobile-rakuten-point;rakuten-paypay-hikaku;yosekatsu;paypay-point-kiso;ana-jal-mile-hikaku;ana-mileageplus-hikaku;au-uq-ponta
souryou-son-poikatsu,送料で損しないポイ活術!送料無料ラインとまとめ買いの考え方,shopping,1,1,FALSE,FALSE,FALSE,FALSE,jisshitsu-kakaku-keisan;amazon-gift-charge;amazon-poikatsu;chuushajou-yoyaku-poikatsu;dpoint-hanei-sarenai;furusato-nozei-poikatsu;game-kakin-point;halloween-yohin-poikatsu;hikkoshi-seikatsuyohin-poikatsu;iryouhi-shohouyaku-point
starbucks-poikatsu,スタバのポイント「Star」はどう貯まる?貯め方・交換先・有効期限を解説,shopping,0,3,TRUE,FALSE,FALSE,FALSE,dpoint-tsukaimichi;rakuten-point-tamekata;hasuu-shiharai-point;paypay-point-kiso;aupay-market-poikatsu;aupay-ponta;biyouin-salon-point;coke-on-setsuyaku;demaecan-poikatsu;doutor-tullys-poikatsu
subscription-point-tameru,サブスク料金でポイントを貯める方法!動画・音楽・クラウドサービスの支払い術,shopping,0,1,TRUE,FALSE,TRUE,FALSE,rakuten-music-poikatsu;aupay-market-poikatsu;aupay-ponta;biyouin-salon-point;coke-on-setsuyaku;demaecan-poikatsu;doutor-tullys-poikatsu;dpoint-d-harai;drugstore-poikatsu;famiresu-cafe-point
subscription-trial-poikatsu,サブスク無料トライアル案件のポイ活!解約忘れを防ぐ管理方法,pointsite,0,0,TRUE,TRUE,FALSE,FALSE,chihou-zaijuu-poikatsu;hoken-soudan-anken-poikatsu;kaigai-zaijuu-point-kanri;kazoku-account-poikatsu-chuui;keiyu-wasure-boushi;poikatsu-demerit;poikatsu-kojinjouhou-mamoru;poikatsu-kuchikomi-shinyou;poikatsu-muki-fumuki;poikatsu-yattehaikenai-koto
sugi-point,スギ薬局のポイント制度!スギポイントの貯め方と使い方,shopping,1,1,FALSE,FALSE,FALSE,FALSE,drugstore-point-hikaku;abc-mart-poikatsu;bousai-goods-poikatsu;cashless-setsuyaku;dpoint-kiso;hasuu-shiharai-point;hyakkaten-depart-poikatsu;kikangentei-point-tsukaimichi;nanaco-point-kiso;net-shopping-point-kiso
suica-point-tameru,Suicaでポイントを貯める方法!JRE POINT登録から使い方まで解説,shopping,1,2,FALSE,FALSE,FALSE,FALSE,apple-pay-poikatsu;jre-point-kiso;aupay-market-poikatsu;aupay-ponta;biyouin-salon-point;coke-on-setsuyaku;demaecan-poikatsu;doutor-tullys-poikatsu;dpoint-d-harai;drugstore-poikatsu
sukairaku-group-poikatsu,すかいらーくグループでポイ活する方法!外食前のアプリ確認術,shopping,0,2,TRUE,FALSE,FALSE,FALSE,gyudon-chain-poikatsu;keitai-ryokin-setsuyaku;mcdonalds-poikatsu;drugstore-point-hikaku;point-toushi-unyou-service-hikaku;rakuten-ichiba-toha;kikangentei-point-5shu-hikaku;paypay-point-kiso;point-yuukoukigen-kanri;rakuten-mobile-rakuten-point
sumaho-kessai-campaign-mikata,スマホ決済キャンペーンの見方!エントリー・上限・対象店舗を確認しよう,campaign,0,5,TRUE,FALSE,FALSE,FALSE,kakuyasu-sim-norikae-poikatsu;paypay-campaign-katsuyo;paypay-jichitai-campaign-2026;travelist-poikatsu;yahoo-travel-poikatsu;yahoo-travel-tsukaikata;bonus-tsuki-poikatsu-keikaku;fukubukuro-hatsuuri-poikatsu;fuyujitaku-poikatsu;ikkyu-poikatsu
sumaho-kessai-creditcard-hikaku,スマホ決済とクレジットカードはどっちがお得?ポイント二重取りの基本,creditcard,1,5,FALSE,FALSE,FALSE,FALSE,point-niju-sanjudori-kumiawase;credit-card-common-point-hikaku;credit-card-point-hikaku;creditcard-erabikata;creditcard-kangenritsu;creditcard-seiri-poikatsu;kuukou-lounge-poikatsu;rakuten-card-poikatsu;dcard-poikatsu;mitsui-sumitomo-card-vpoint
sumaho-kessai-poikatsu,スマホ決済でポイ活する方法!PayPay・楽天ペイ・d払いの使い分け,shopping,2,2,FALSE,FALSE,FALSE,FALSE,code-kessai-4sha-hikaku;apple-pay-poikatsu;d-point-supermarket;docomo-ahamo-dpoint;docomo-select-toha;doramori-point;dpoint-d-harai;dpoint-hanei-sarenai;dpoint-kiso;dpoint-ponta-hikaku
super-point-tameru,スーパーでポイントを貯める方法!日用品の買い物を節約につなげるコツ,shopping,0,0,TRUE,TRUE,FALSE,FALSE,abc-mart-poikatsu;bousai-goods-poikatsu;cashless-setsuyaku;dpoint-kiso;hasuu-shiharai-point;hyakkaten-depart-poikatsu;kikangentei-point-tsukaimichi;nanaco-point-kiso;net-shopping-point-kiso;nyuugaku-shingaku-junbi-point
takashimaya-online-toha,高島屋オンラインストアとは?特徴とポイントの貯め方をわかりやすく解説,shopping,1,1,FALSE,FALSE,FALSE,FALSE,hyakkaten-depart-poikatsu;amazon-tsuhan-toha;aupay-market-toha;biccamera-toha;charge-route-point;daimaru-matsuzakaya-toha;docomo-select-toha;dpoint-tsukaimichi;dshopping-toha;ec-current-poikatsu
takuhai-delivery-poikatsu,宅配・デリバリーでポイ活する方法!割引とポイントの使い分け,shopping,0,0,TRUE,TRUE,FALSE,FALSE,amazon-gift-charge;amazon-poikatsu;chuushajou-yoyaku-poikatsu;dpoint-hanei-sarenai;furusato-nozei-poikatsu;game-kakin-point;halloween-yohin-poikatsu;hikkoshi-seikatsuyohin-poikatsu;iryouhi-shohouyaku-point;koukyou-ryokin-poikatsu
tanjoubi-tokuten-poikatsu,誕生日特典を活用したポイ活!会員登録前に確認したい注意点,campaign,0,0,TRUE,TRUE,FALSE,FALSE,bonus-tsuki-poikatsu-keikaku;fukubukuro-hatsuuri-poikatsu;fuyujitaku-poikatsu;ikkyu-poikatsu;jcb-airmacau-campaign-2026;kakuyasu-sim-norikae-poikatsu;kessan-sale-poikatsu;natsuyasumi-poikatsu-junbi;nenmatsunenshi-poikatsu;paypay-campaign-katsuyo
tanshinfunin-poikatsu,単身赴任中のポイ活術!二重生活の支出をポイントで軽くする方法,pointsite,0,0,TRUE,TRUE,FALSE,FALSE,cashless-fuan-poikatsu;gakusei-poikatsu;hapitas-tsukaikata;kaimono-nigate-poikatsu;kosodate-setai-poikatsu;koteihi-sukunai-poikatsu;kurumanashi-seikatsu-poikatsu;minimalist-poikatsu;poikatsu-mail-tsuuchi-seiri;poikatsu-senyou-mail-hitsuyou
taxi-app-poikatsu,タクシーアプリでポイ活する方法!クーポンと決済ポイントの使い方,app,0,11,TRUE,FALSE,FALSE,FALSE,code-receipt-poikatsu;one-receipt-poikatsu;reshichare-poikatsu;tiktok-lite-poikatsu;torima-idou-poikatsu;app-hitsuyou;app-install-anken-poikatsu;hashport-wallet-poikatsu;hosuu-app-poikatsu;idou-app-erabikata
tiktok-lite-poikatsu,TikTok Liteのポイ活はどう使う?登録前に確認したい条件と注意点,app,0,5,TRUE,FALSE,FALSE,FALSE,code-receipt-poikatsu;one-receipt-poikatsu;reshichare-poikatsu;taxi-app-poikatsu;torima-idou-poikatsu;app-hitsuyou;app-install-anken-poikatsu;hashport-wallet-poikatsu;hosuu-app-poikatsu;idou-app-erabikata
tomobataraki-katei-poikatsu,共働き家庭のポイ活術!忙しくても続く支払い管理と役割分担,pointsite,0,0,TRUE,TRUE,FALSE,FALSE,cashless-fuan-poikatsu;gakusei-poikatsu;hapitas-tsukaikata;kaimono-nigate-poikatsu;kosodate-setai-poikatsu;koteihi-sukunai-poikatsu;kurumanashi-seikatsu-poikatsu;minimalist-poikatsu;poikatsu-mail-tsuuchi-seiri;poikatsu-senyou-mail-hitsuyou
torima-idou-poikatsu,トリマで移動ポイ活する方法!歩く・移動する前に知るべき注意点,app,1,11,FALSE,FALSE,FALSE,FALSE,idou-app-erabikata;code-receipt-poikatsu;one-receipt-poikatsu;reshichare-poikatsu;taxi-app-poikatsu;tiktok-lite-poikatsu;app-hitsuyou;app-install-anken-poikatsu;hashport-wallet-poikatsu;hosuu-app-poikatsu
toshibu-zaijuu-poikatsu,都市部在住者のポイ活術!店舗・交通・外食を使い分ける方法,pointsite,0,0,TRUE,TRUE,FALSE,FALSE,cashless-fuan-poikatsu;gakusei-poikatsu;hapitas-tsukaikata;kaimono-nigate-poikatsu;kosodate-setai-poikatsu;koteihi-sukunai-poikatsu;kurumanashi-seikatsu-poikatsu;minimalist-poikatsu;poikatsu-mail-tsuuchi-seiri;poikatsu-senyou-mail-hitsuyou
travelist-kaigai-poikatsu,トラベリスト(海外航空券)とは?IATA認可代理店の予約サービスを解説,campaign,28,27,FALSE,FALSE,TRUE,FALSE,travelist-poikatsu;aeoncompass-travelmall-poikatsu;aeoncompass-travelmall-yado-poikatsu;airtrip-poikatsu;jalan-net-poikatsu;yahoo-travel-poikatsu;paypay-campaign-katsuyo;rakuten-travel-supersale-poikatsu;yahoo-travel-tsukaikata;airtrip-tsukaikata
travelist-poikatsu,トラベリストとは?発券方法・ポイント還元・手数料をわかりやすく解説,campaign,29,10,FALSE,FALSE,TRUE,FALSE,travelist-kaigai-poikatsu;kakuyasu-sim-norikae-poikatsu;paypay-campaign-katsuyo;paypay-jichitai-campaign-2026;sumaho-kessai-campaign-mikata;yahoo-travel-poikatsu;yahoo-travel-tsukaikata;aeoncompass-travelmall-poikatsu;aeoncompass-travelmall-yado-poikatsu;airtrip-poikatsu
tsukihatsu-tsukimatsu-poikatsu-routine,月初・月末のポイ活ルーティン|ポイント失効・キャンペーンを10分で確認,pointsite,0,2,TRUE,FALSE,FALSE,FALSE,kikangentei-point-5shu-hikaku;jisshitsu-kakaku-keisan;campaign-memo-tsukurikata;entry-calendar-tsukurikata;fuyoyotei-point-mieruka;gendama-poikatsu;hitorigurashi-poikatsu;isogashii-kaishain-shuumatsu-poikatsu;poikatsu-kakeibo;poikatsu-minaoshi-timing
tsukiikura-setsuyaku,ポイ活で月いくら節約できる?目安金額と現実的な稼ぎ方,pointsite,0,0,TRUE,TRUE,FALSE,FALSE,yosekatsu;poikatsu-kiso;hapitas-poikatsu;keiyu-wasure-boushi;moppy-hajimekata;pointsite-kyakka-genin;chobirich-poikatsu;ecnavi-poikatsu;koteihi-sukunai-poikatsu;nifty-point-club-poikatsu
tsukin-teiki-koutsuhi-point,通勤定期・交通費でポイントを貯める方法!毎月の移動費を見直そう,shopping,0,0,TRUE,TRUE,FALSE,FALSE,amazon-tsuhan-toha;aupay-market-toha;biccamera-toha;charge-route-point;daimaru-matsuzakaya-toha;docomo-select-toha;dpoint-tsukaimichi;dshopping-toha;ec-current-poikatsu;hikkoshi-poikatsu
tsuruha-point,ツルハのポイント制度!ツルハポイントカードと楽天ポイントの併用,shopping,1,1,FALSE,FALSE,FALSE,FALSE,drugstore-point-hikaku;code-kessai-4sha-hikaku;kadenryohanten-point-hikaku;kikangentei-point-5shu-hikaku;kikangentei-point-tsukaimichi;net-shopping-point-kiso;point-niju-sanjudori-kumiawase;point-toushi-unyou-service-hikaku;rakuten-ana-mile-koukan;rakuten-check-poikatsu
ubereats-poikatsu,Uber Eatsでポイ活する方法!クーポン・支払い・手数料の見方,seikatsu,1,12,FALSE,FALSE,FALSE,FALSE,rakuten-point-tsukaikata;rakuten-beauty-poikatsu;rakuten-car-shaken-poikatsu;rakuten-carwash-poikatsu;rakuten-denwa-poikatsu;rakuten-hikari-poikatsu;rakuten-kakeibo-poikatsu;rakuten-mobile-poikatsu;rakuten-music-poikatsu;rakuten-shashinkan-poikatsu
uniqlo-gu-point,ユニクロ・GUでポイントは貯まる?衣類購入でできる節約チェック,shopping,0,2,TRUE,FALSE,FALSE,FALSE,hapitas-poikatsu;moppy-hajimekata;abc-mart-poikatsu;bousai-goods-poikatsu;cashless-setsuyaku;dpoint-kiso;hasuu-shiharai-point;hyakkaten-depart-poikatsu;kikangentei-point-tsukaimichi;nanaco-point-kiso
v-point-supermarket,Vポイントが貯まるスーパー一覧|使える店舗・地域スーパーも比較,shopping,1,6,FALSE,FALSE,FALSE,FALSE,vpoint-no-carrier;vpoint-tamekata;rakuten-point-supermarket;net-super-poikatsu;drugstore-point-hikaku;ec-current-poikatsu;kadenryohanten-point-hikaku;kikangentei-point-5shu-hikaku;kikangentei-point-tsukaimichi;paypay-vpoint-koukan
visa-touch-poikatsu,Visaタッチ決済でポイ活する方法!対象店舗と支払い前の確認ポイント,shopping,1,1,FALSE,FALSE,FALSE,FALSE,apple-pay-poikatsu;drugstore-point-hikaku;point-toushi-unyou-service-hikaku;rakuten-ichiba-toha;kikangentei-point-5shu-hikaku;paypay-point-kiso;point-yuukoukigen-kanri;rakuten-mobile-rakuten-point;au-uq-ponta;matsukiyo-cocokara-point
vpoint-kiso,Vポイントとは?旧Tポイントとの違いとポイ活での使い方,shopping,2,3,FALSE,FALSE,FALSE,FALSE,vpoint-no-carrier;vpoint-tamekata;drugstore-point-hikaku;ec-current-poikatsu;kadenryohanten-point-hikaku;kikangentei-point-5shu-hikaku;kikangentei-point-tsukaimichi;paypay-vpoint-koukan;point-niju-sanjudori-kumiawase;point-toushi-unyou-service-hikaku
vpoint-no-carrier,Vポイントと携帯キャリアの関係|ドコモ・au・ソフトバンクでも使える?,shopping,1,6,FALSE,FALSE,FALSE,FALSE,mitsui-sumitomo-card-vpoint;rakuten-mobile-rakuten-point;vpoint-rakuten-hikaku;yosekatsu;vpoint-kiso;vpoint-tasha-koukan;v-point-supermarket;ana-jal-mile-hikaku;ana-mileageplus-hikaku;au-uq-ponta
vpoint-rakuten-hikaku,Vポイントと楽天ポイントはどっちが使いやすい?生活圏別に比較,shopping,2,2,FALSE,FALSE,FALSE,FALSE,rakuten-mobile-rakuten-point;vpoint-no-carrier;code-kessai-4sha-hikaku;drugstore-point-hikaku;ec-current-poikatsu;kadenryohanten-point-hikaku;kikangentei-point-5shu-hikaku;kikangentei-point-tsukaimichi;net-shopping-point-kiso;paypay-vpoint-koukan
vpoint-tamaranai,Vポイントが貯まらない原因は?よくあるミスと確認ポイント,shopping,0,0,TRUE,TRUE,FALSE,FALSE,drugstore-point-hikaku;ec-current-poikatsu;kadenryohanten-point-hikaku;kikangentei-point-5shu-hikaku;kikangentei-point-tsukaimichi;paypay-vpoint-koukan;point-niju-sanjudori-kumiawase;point-toushi-unyou-service-hikaku;v-point-supermarket;vpoint-kiso
vpoint-tamekata,Vポイントの貯め方とは?もらう方法・使い方を解説,,1,5,FALSE,FALSE,FALSE,TRUE,mitsui-sumitomo-card-vpoint;vpoint-kiso;vpoint-tameru-tsukau;vpoint-tsukaikata;v-point-supermarket
vpoint-tameru-tsukau,Vポイントの貯め方と使い方!コンビニ・カード・アプリ活用術,shopping,1,1,FALSE,FALSE,FALSE,FALSE,vpoint-tamekata;drugstore-point-hikaku;ec-current-poikatsu;kadenryohanten-point-hikaku;kikangentei-point-5shu-hikaku;kikangentei-point-tsukaimichi;paypay-vpoint-koukan;point-niju-sanjudori-kumiawase;point-toushi-unyou-service-hikaku;v-point-supermarket
vpoint-tasha-koukan,Vポイントを他社ポイントへ交換する方法!交換先の選び方と注意点,shopping,3,3,FALSE,FALSE,FALSE,FALSE,ana-jal-mile-hikaku;vpoint-no-carrier;vpoint-tsukaikata;drugstore-point-hikaku;ec-current-poikatsu;kadenryohanten-point-hikaku;kikangentei-point-5shu-hikaku;kikangentei-point-tsukaimichi;paypay-vpoint-koukan;point-niju-sanjudori-kumiawase
vpoint-tsukaikata,Vポイントの使い方とは?店舗・連携・交換まで完全ガイド,,2,4,FALSE,FALSE,FALSE,TRUE,paypay-point-tsukaikata;vpoint-tasha-koukan;paypay-vpoint-koukan;vpoint-tamekata
waon-point-chigai,WAON POINTと電子マネーWAONポイントの違いは?初心者向けに整理,shopping,0,2,TRUE,FALSE,FALSE,FALSE,aeon-point-tameru;waon-point-kiso;ana-jal-mile-hikaku;ana-mile-tameru-kachi;ana-mileageplus-hikaku;au-uq-ponta;carshare-point-katsuyou;cleaning-poikatsu;code-kessai-4sha-hikaku;d-point-supermarket
waon-point-kiso,WAON POINTの貯め方を解説!イオンで得するポイ活の基本,shopping,0,2,TRUE,FALSE,FALSE,FALSE,aeon-point-tameru;waon-point-chigai;abc-mart-poikatsu;bousai-goods-poikatsu;cashless-setsuyaku;dpoint-kiso;hasuu-shiharai-point;hyakkaten-depart-poikatsu;kikangentei-point-tsukaimichi;nanaco-point-kiso
warau-poikatsu,ワラウとは?老舗ポイントサイトの貯め方・交換方法をわかりやすく解説,pointsite,72,72,FALSE,FALSE,TRUE,FALSE,pointsite-kyakka-genin;amefri-poikatsu;chobirich-poikatsu;chobirich-tsukaikata;ecnavi-poikatsu;ecnavi-tsukaikata;hapitas-poikatsu;moppy-hajimekata;muryou-kaiin-touroku-poikatsu;nifty-point-club-poikatsu
warau-tsukaikata,ワラウでできるポイ活とは?遊びながら貯める前に知りたい基本,pointsite,0,0,TRUE,TRUE,TRUE,FALSE,amefri-poikatsu;chobirich-poikatsu;chobirich-tsukaikata;ecnavi-poikatsu;ecnavi-tsukaikata;hapitas-poikatsu;moppy-hajimekata;muryou-kaiin-touroku-poikatsu;nifty-point-club-poikatsu;point-museum-poikatsu
welcia-point,ウエルシアのポイント制度!WAON POINT・Vポイントと「ウエル活」の仕組み,shopping,1,6,FALSE,FALSE,FALSE,FALSE,welkatsu-poikatsu;drugstore-poikatsu;drugstore-point-hikaku;ec-current-poikatsu;kadenryohanten-point-hikaku;kikangentei-point-5shu-hikaku;kikangentei-point-tsukaimichi;paypay-vpoint-koukan;point-niju-sanjudori-kumiawase;point-toushi-unyou-service-hikaku
welkatsu-poikatsu,ウエル活とは?ドラッグストアでポイントを活用する基本と注意点,shopping,1,5,FALSE,FALSE,FALSE,FALSE,drugstore-poikatsu;welcia-point;aeon-point-tameru;hahanohi-chichinohi-gift-point;qoo10-poikatsu;rakuten-ichiba-kaimawari;drugstore-point-hikaku;point-toushi-unyou-service-hikaku;rakuten-ichiba-toha;kikangentei-point-5shu-hikaku
yachin-point-chuui,家賃支払いでポイントは貯まる?対応サービスと注意点を解説,shopping,0,0,TRUE,TRUE,FALSE,FALSE,amazon-gift-charge;amazon-poikatsu;chuushajou-yoyaku-poikatsu;dpoint-hanei-sarenai;furusato-nozei-poikatsu;game-kakin-point;halloween-yohin-poikatsu;hikkoshi-seikatsuyohin-poikatsu;iryouhi-shohouyaku-point;koukyou-ryokin-poikatsu
yahoo-shopping-paypay,Yahoo!ショッピングでPayPayポイントを貯める方法!買い物前のチェックリスト,shopping,0,0,TRUE,TRUE,FALSE,FALSE,code-kessai-4sha-hikaku;kikangentei-point-5shu-hikaku;kikangentei-point-tsukaimichi;lohaco-toha;paypay-point-kiso;paypay-point-tsukaimichi;paypay-point-tsukanai;paypay-vpoint-koukan;point-niju-sanjudori-kumiawase;point-toushi-unyou-service-hikaku
yahoo-shopping-toha,Yahoo!ショッピングとは?特徴とポイントの貯め方をわかりやすく解説,shopping,185,185,FALSE,FALSE,TRUE,FALSE,net-shopping-point-kiso;paypay-point-tamekata;softbank-ymobile-paypay-point;code-kessai-4sha-hikaku;kikangentei-point-5shu-hikaku;kikangentei-point-tsukaimichi;lohaco-toha;paypay-point-kiso;paypay-point-tsukaimichi;paypay-point-tsukanai
yahoo-travel-poikatsu,Yahoo!トラベルとは?PayPayポイントが貯まる・使える宿泊予約サービス,campaign,34,34,FALSE,FALSE,TRUE,FALSE,paypay-point-tamekata;paypay-point-tsukaikata;rakuten-travel-supersale-entry-coupon;yahoo-travel-tsukaikata;yahoo-travel-ultrasale-poikatsu;kakuyasu-sim-norikae-poikatsu;paypay-campaign-katsuyo;paypay-jichitai-campaign-2026;sumaho-kessai-campaign-mikata;travelist-poikatsu
yahoo-travel-tsukaikata,Yahoo!トラベルでポイントを活用する方法!宿泊予約前の確認ポイント,campaign,3,17,FALSE,FALSE,TRUE,FALSE,yahoo-travel-poikatsu;ryokou-yoyaku-point;shukuhaku-yoyaku-point;yahoo-travel-ultrasale-poikatsu;kakuyasu-sim-norikae-poikatsu;paypay-campaign-katsuyo;paypay-jichitai-campaign-2026;sumaho-kessai-campaign-mikata;travelist-poikatsu;airtrip-tsukaikata
yahoo-travel-ultrasale-poikatsu,Yahoo!トラベル「ウルトラセール」とは?最大3万円クーポン・PayPayポイント特典を解説,campaign,0,4,TRUE,FALSE,TRUE,FALSE,yahoo-travel-poikatsu;yahoo-travel-tsukaikata;rakuten-travel-supersale-poikatsu;paypay-point-kiso;bonus-tsuki-poikatsu-keikaku;fukubukuro-hatsuuri-poikatsu;fuyujitaku-poikatsu;ikkyu-poikatsu;jcb-airmacau-campaign-2026;kakuyasu-sim-norikae-poikatsu
yodobashi-toha,ヨドバシ.comとは?特徴とポイントの貯め方をわかりやすく解説,shopping,173,6,FALSE,FALSE,FALSE,FALSE,amazon-tsuhan-toha;aupay-market-toha;biccamera-toha;charge-route-point;daimaru-matsuzakaya-toha;docomo-select-toha;dpoint-tsukaimichi;dshopping-toha;ec-current-poikatsu;hikkoshi-poikatsu
yosekatsu,ポイ活の新常識!ポイントを分散せず効率よく貯める「寄せ活」の始め方,pointsite,8,19,FALSE,FALSE,FALSE,FALSE,au-uq-ponta;docomo-ahamo-dpoint;dpoint-ponta-hikaku;point-niju-sanjudori-kumiawase;rakuten-mobile-rakuten-point;rakuten-paypay-hikaku;softbank-ymobile-paypay-point;vpoint-no-carrier;poikatsu-kiso;hapitas-poikatsu
zadankai-kaijouchousa-poikatsu,座談会・会場調査のポイ活とは?高単価案件に参加する前の注意点,survey,0,0,TRUE,TRUE,FALSE,FALSE,ipsos-isay-poikatsu;iresearch-poikatsu;macromill-poikatsu;enquete-monitor-poikatsu;fancrew-poikatsu;opinionworld-poikatsu;cue-monitor-poikatsu;fruitmail-poikatsu;infoq-poikatsu;macromill-tsukaikata
zeikin-shiharai-point,税金支払いでポイントを貯める方法はある?手数料と還元率の考え方,creditcard,0,3,TRUE,FALSE,FALSE,FALSE,creca-tsumitate-point;creditcard-hakkou-anken-poikatsu;creditcard-tsukurisugi-chuui;rakuten-card-poikatsu;dcard-poikatsu;mitsui-sumitomo-card-vpoint;credit-card-mile-hikaku;ana-amex-poikatsu;credit-card-common-point-hikaku;credit-card-point-hikaku
zozotown-poikatsu,ZOZOTOWNでポイ活する方法!服を買う前に確認したい支払いと送料,shopping,0,0,TRUE,TRUE,FALSE,FALSE,amazon-gift-charge;amazon-poikatsu;chuushajou-yoyaku-poikatsu;dpoint-hanei-sarenai;furusato-nozei-poikatsu;game-kakin-point;halloween-yohin-poikatsu;hikkoshi-seikatsuyohin-poikatsu;iryouhi-shohouyaku-point;koukyou-ryokin-poikatsu