source_slug,source_title,source_category,position,band,destination_slug,destination_title,destination_category,module_name
abc-mart-poikatsu,ABC-MARTでポイ活する方法!靴購入時のアプリ・決済チェック,shopping,1,4_same_thumb_type,bousai-goods-poikatsu,防災グッズ購入でポイ活する方法!備蓄を無駄なくそろえるコツ,shopping,popular_articles
abc-mart-poikatsu,ABC-MARTでポイ活する方法!靴購入時のアプリ・決済チェック,shopping,2,4_same_thumb_type,cashless-setsuyaku,キャッシュレス決済で節約する方法!現金派から始めるポイ活入門,shopping,popular_articles
abc-mart-poikatsu,ABC-MARTでポイ活する方法!靴購入時のアプリ・決済チェック,shopping,3,4_same_thumb_type,dpoint-kiso,dポイントの貯め方を初心者向けに解説!ドコモ以外の人でも使える?,shopping,popular_articles
abc-mart-poikatsu,ABC-MARTでポイ活する方法!靴購入時のアプリ・決済チェック,shopping,4,4_same_thumb_type,hasuu-shiharai-point,端数支払いでポイントを使う方法!少額ポイントを無駄にしないコツ,shopping,popular_articles
abc-mart-poikatsu,ABC-MARTでポイ活する方法!靴購入時のアプリ・決済チェック,shopping,5,4_same_thumb_type,hyakkaten-depart-poikatsu,百貨店のポイントを比較!高島屋・三越伊勢丹・大丸松坂屋など,shopping,popular_articles
abc-mart-poikatsu,ABC-MARTでポイ活する方法!靴購入時のアプリ・決済チェック,shopping,6,4_same_thumb_type,kikangentei-point-tsukaimichi,期間限定ポイントのおすすめ使い道|失効前にすぐ使える交換先ガイド,shopping,popular_articles
abc-mart-poikatsu,ABC-MARTでポイ活する方法!靴購入時のアプリ・決済チェック,shopping,7,4_same_thumb_type,nanaco-point-kiso,nanacoポイントの貯め方と使い方!セブン系で活用する基本,shopping,popular_articles
abc-mart-poikatsu,ABC-MARTでポイ活する方法!靴購入時のアプリ・決済チェック,shopping,8,4_same_thumb_type,net-shopping-point-kiso,ネットショッピングでポイントを貯める方法!楽天・Yahoo・Amazonの基本,shopping,popular_articles
abc-mart-poikatsu,ABC-MARTでポイ活する方法!靴購入時のアプリ・決済チェック,shopping,9,4_same_thumb_type,nyuugaku-shingaku-junbi-point,入学・進学準備でポイントを貯める方法!学用品購入の節約術,shopping,popular_articles
abc-mart-poikatsu,ABC-MARTでポイ活する方法!靴購入時のアプリ・決済チェック,shopping,10,4_same_thumb_type,paypay-point-kiso,PayPayポイントとは?貯め方・使い方・注意点を初心者向けに解説,shopping,popular_articles
aeon-point-tameru,イオンでポイントを効率よく貯める方法!WAON POINTと支払い方法の選び方,shopping,1,3_tag_match,waon-point-chigai,WAON POINTと電子マネーWAONポイントの違いは?初心者向けに整理,shopping,popular_articles
aeon-point-tameru,イオンでポイントを効率よく貯める方法!WAON POINTと支払い方法の選び方,shopping,2,3_tag_match,waon-point-kiso,WAON POINTの貯め方を解説!イオンで得するポイ活の基本,shopping,popular_articles
aeon-point-tameru,イオンでポイントを効率よく貯める方法!WAON POINTと支払い方法の選び方,shopping,3,4_same_thumb_type,hahanohi-chichinohi-gift-point,母の日・父の日ギフトでポイントを貯める方法!早割と配送日の確認術,shopping,popular_articles
aeon-point-tameru,イオンでポイントを効率よく貯める方法!WAON POINTと支払い方法の選び方,shopping,4,4_same_thumb_type,qoo10-poikatsu,Qoo10でポイ活する方法!メガ割前に準備したいチェックリスト,shopping,popular_articles
aeon-point-tameru,イオンでポイントを効率よく貯める方法!WAON POINTと支払い方法の選び方,shopping,5,4_same_thumb_type,rakuten-ichiba-kaimawari,楽天市場でポイントを効率よく貯める方法!買い回り前に確認すること,shopping,popular_articles
aeon-point-tameru,イオンでポイントを効率よく貯める方法!WAON POINTと支払い方法の選び方,shopping,6,4_same_thumb_type,welcia-point,ウエルシアのポイント制度!WAON POINT・Vポイントと「ウエル活」の仕組み,shopping,popular_articles
aeon-point-tameru,イオンでポイントを効率よく貯める方法!WAON POINTと支払い方法の選び方,shopping,7,4_same_thumb_type,welkatsu-poikatsu,ウエル活とは?ドラッグストアでポイントを活用する基本と注意点,shopping,popular_articles
aeon-point-tameru,イオンでポイントを効率よく貯める方法!WAON POINTと支払い方法の選び方,shopping,8,5_category_hub,drugstore-point-hikaku,ドラッグストアのポイントを徹底比較|マツキヨ・ウエルシア・スギ薬局・ツルハなど,shopping,popular_articles
aeon-point-tameru,イオンでポイントを効率よく貯める方法!WAON POINTと支払い方法の選び方,shopping,9,5_category_hub,point-toushi-unyou-service-hikaku,ポイント投資・ポイント運用を主要サービスで比較,shopping,popular_articles
aeon-point-tameru,イオンでポイントを効率よく貯める方法!WAON POINTと支払い方法の選び方,shopping,10,6_same_category,rakuten-ichiba-toha,楽天市場とは?特徴とポイントの貯め方をわかりやすく解説,shopping,popular_articles
aeoncompass-travelmall-poikatsu,イオンコンパストラベルモール(レンタカー予約)とは?WAON POINTを貯める方法,campaign,1,4_same_thumb_type,aeoncompass-travelmall-yado-poikatsu,イオンコンパストラベルモール(宿泊予約)とは?WAON POINTが貯まる予約サービス,campaign,popular_articles
aeoncompass-travelmall-poikatsu,イオンコンパストラベルモール(レンタカー予約)とは?WAON POINTを貯める方法,campaign,2,4_same_thumb_type,airtrip-poikatsu,エアトリポイントの使い道は?貯め方・有効期限をわかりやすく解説,campaign,popular_articles
aeoncompass-travelmall-poikatsu,イオンコンパストラベルモール(レンタカー予約)とは?WAON POINTを貯める方法,campaign,3,4_same_thumb_type,jalan-net-poikatsu,じゃらんnetとは?宿・ホテル予約でポイントが貯まる仕組みを解説,campaign,popular_articles
aeoncompass-travelmall-poikatsu,イオンコンパストラベルモール(レンタカー予約)とは?WAON POINTを貯める方法,campaign,4,4_same_thumb_type,travelist-kaigai-poikatsu,トラベリスト(海外航空券)とは?IATA認可代理店の予約サービスを解説,campaign,popular_articles
aeoncompass-travelmall-poikatsu,イオンコンパストラベルモール(レンタカー予約)とは?WAON POINTを貯める方法,campaign,5,4_same_thumb_type,travelist-poikatsu,トラベリストとは?発券方法・ポイント還元・手数料をわかりやすく解説,campaign,popular_articles
aeoncompass-travelmall-poikatsu,イオンコンパストラベルモール(レンタカー予約)とは?WAON POINTを貯める方法,campaign,6,4_same_thumb_type,yahoo-travel-poikatsu,Yahoo!トラベルとは?PayPayポイントが貯まる・使える宿泊予約サービス,campaign,popular_articles
aeoncompass-travelmall-poikatsu,イオンコンパストラベルモール(レンタカー予約)とは?WAON POINTを貯める方法,campaign,7,6_same_category,paypay-campaign-katsuyo,PayPayでポイントを効率よく貯める方法!キャンペーン活用の基本,campaign,popular_articles
aeoncompass-travelmall-poikatsu,イオンコンパストラベルモール(レンタカー予約)とは?WAON POINTを貯める方法,campaign,8,6_same_category,rakuten-travel-supersale-poikatsu,楽天トラベルスーパーセールで失敗しないポイ活!予約前チェックリスト,campaign,popular_articles
aeoncompass-travelmall-poikatsu,イオンコンパストラベルモール(レンタカー予約)とは?WAON POINTを貯める方法,campaign,9,6_same_category,yahoo-travel-tsukaikata,Yahoo!トラベルでポイントを活用する方法!宿泊予約前の確認ポイント,campaign,popular_articles
aeoncompass-travelmall-poikatsu,イオンコンパストラベルモール(レンタカー予約)とは?WAON POINTを貯める方法,campaign,10,6_same_category,airtrip-tsukaikata,エアトリで旅行予約ポイ活!航空券購入前に見るべき費用とポイント,campaign,popular_articles
aeoncompass-travelmall-yado-poikatsu,イオンコンパストラベルモール(宿泊予約)とは?WAON POINTが貯まる予約サービス,campaign,1,4_same_thumb_type,aeoncompass-travelmall-poikatsu,イオンコンパストラベルモール(レンタカー予約)とは?WAON POINTを貯める方法,campaign,popular_articles
aeoncompass-travelmall-yado-poikatsu,イオンコンパストラベルモール(宿泊予約)とは?WAON POINTが貯まる予約サービス,campaign,2,4_same_thumb_type,airtrip-poikatsu,エアトリポイントの使い道は?貯め方・有効期限をわかりやすく解説,campaign,popular_articles
aeoncompass-travelmall-yado-poikatsu,イオンコンパストラベルモール(宿泊予約)とは?WAON POINTが貯まる予約サービス,campaign,3,4_same_thumb_type,jalan-net-poikatsu,じゃらんnetとは?宿・ホテル予約でポイントが貯まる仕組みを解説,campaign,popular_articles
aeoncompass-travelmall-yado-poikatsu,イオンコンパストラベルモール(宿泊予約)とは?WAON POINTが貯まる予約サービス,campaign,4,4_same_thumb_type,travelist-kaigai-poikatsu,トラベリスト(海外航空券)とは?IATA認可代理店の予約サービスを解説,campaign,popular_articles
aeoncompass-travelmall-yado-poikatsu,イオンコンパストラベルモール(宿泊予約)とは?WAON POINTが貯まる予約サービス,campaign,5,4_same_thumb_type,travelist-poikatsu,トラベリストとは?発券方法・ポイント還元・手数料をわかりやすく解説,campaign,popular_articles
aeoncompass-travelmall-yado-poikatsu,イオンコンパストラベルモール(宿泊予約)とは?WAON POINTが貯まる予約サービス,campaign,6,4_same_thumb_type,yahoo-travel-poikatsu,Yahoo!トラベルとは?PayPayポイントが貯まる・使える宿泊予約サービス,campaign,popular_articles
aeoncompass-travelmall-yado-poikatsu,イオンコンパストラベルモール(宿泊予約)とは?WAON POINTが貯まる予約サービス,campaign,7,6_same_category,paypay-campaign-katsuyo,PayPayでポイントを効率よく貯める方法!キャンペーン活用の基本,campaign,popular_articles
aeoncompass-travelmall-yado-poikatsu,イオンコンパストラベルモール(宿泊予約)とは?WAON POINTが貯まる予約サービス,campaign,8,6_same_category,rakuten-travel-supersale-poikatsu,楽天トラベルスーパーセールで失敗しないポイ活!予約前チェックリスト,campaign,popular_articles
aeoncompass-travelmall-yado-poikatsu,イオンコンパストラベルモール(宿泊予約)とは?WAON POINTが貯まる予約サービス,campaign,9,6_same_category,yahoo-travel-tsukaikata,Yahoo!トラベルでポイントを活用する方法!宿泊予約前の確認ポイント,campaign,popular_articles
aeoncompass-travelmall-yado-poikatsu,イオンコンパストラベルモール(宿泊予約)とは?WAON POINTが貯まる予約サービス,campaign,10,6_same_category,airtrip-tsukaikata,エアトリで旅行予約ポイ活!航空券購入前に見るべき費用とポイント,campaign,popular_articles
ahamo-hikari-poikatsu,ahamo光とは?料金・dポイント特典・工事費無料の条件を解説,seikatsu,1,2_inbound_link,docomo-ahamo-dpoint,ドコモ・ahamoユーザーはdポイントにまとめるべき?相性の良いサービスを解説,shopping,popular_articles
ahamo-hikari-poikatsu,ahamo光とは?料金・dポイント特典・工事費無料の条件を解説,seikatsu,2,2_inbound_link,dpoint-dharai-tamekata,dポイント・d払いの貯め方とは?もらう方法・使い方を解説,,popular_articles
ahamo-hikari-poikatsu,ahamo光とは?料金・dポイント特典・工事費無料の条件を解説,seikatsu,3,2_inbound_link,dpoint-tsukaikata,dポイントの使い方とは?店舗・連携・交換まで完全ガイド,,popular_articles
ahamo-hikari-poikatsu,ahamo光とは?料金・dポイント特典・工事費無料の条件を解説,seikatsu,4,4_same_thumb_type,ana-hikari-poikatsu,ANAマイルが貯まる光回線が登場!「ANA光 powered by SoftBank」を徹底解説,seikatsu,popular_articles
ahamo-hikari-poikatsu,ahamo光とは?料金・dポイント特典・工事費無料の条件を解説,seikatsu,5,4_same_thumb_type,auhikari-poikatsu,auひかりとは?NEXT経由の申込みでキャッシュバックが早いって本当?,seikatsu,popular_articles
ahamo-hikari-poikatsu,ahamo光とは?料金・dポイント特典・工事費無料の条件を解説,seikatsu,6,4_same_thumb_type,biglobe-hikari-poikatsu,BIGLOBE光とは?フレッツ光の設備を使った高速・格安光回線を解説,seikatsu,popular_articles
ahamo-hikari-poikatsu,ahamo光とは?料金・dポイント特典・工事費無料の条件を解説,seikatsu,7,4_same_thumb_type,docomo-denki-poikatsu,ドコモでんきとは?電気代でdポイントが貯まる仕組みを解説,seikatsu,popular_articles
ahamo-hikari-poikatsu,ahamo光とは?料金・dポイント特典・工事費無料の条件を解説,seikatsu,8,4_same_thumb_type,nifty-docomo-hikari-poikatsu,@nifty with ドコモ光とは?キャッシュバックと料金・特典を解説,seikatsu,popular_articles
ahamo-hikari-poikatsu,ahamo光とは?料金・dポイント特典・工事費無料の条件を解説,seikatsu,9,4_same_thumb_type,rakuten-hikari-poikatsu,楽天ひかりとは?楽天モバイルとセットで楽天市場ポイントが7倍になる光回線,seikatsu,popular_articles
ahamo-hikari-poikatsu,ahamo光とは?料金・dポイント特典・工事費無料の条件を解説,seikatsu,10,4_same_thumb_type,rakuten-mobile-poikatsu,楽天モバイルとは?データ使い放題と楽天ポイント最大+4倍を解説,seikatsu,popular_articles
ahamo-toha,ahamoとは?月額料金とdポイントの貯め方をわかりやすく解説,seikatsu,1,2_inbound_link,kakuyasu-sim-norikae-poikatsu,格安SIM乗り換えでポイ活する方法!通信費を下げながら得する流れ,campaign,popular_articles
ahamo-toha,ahamoとは?月額料金とdポイントの貯め方をわかりやすく解説,seikatsu,2,3_tag_match,dcarshare-toha,dカーシェアとは?特徴とdポイントの貯め方をわかりやすく解説,seikatsu,popular_articles
ahamo-toha,ahamoとは?月額料金とdポイントの貯め方をわかりやすく解説,seikatsu,3,3_tag_match,dhealthcare-toha,dヘルスケアとは?歩数・体重記録でdポイントが貯まる仕組みを解説,seikatsu,popular_articles
ahamo-toha,ahamoとは?月額料金とdポイントの貯め方をわかりやすく解説,seikatsu,4,3_tag_match,dmagazine-toha,dマガジンとは?月額料金と読める雑誌数をわかりやすく解説,seikatsu,popular_articles
ahamo-toha,ahamoとは?月額料金とdポイントの貯め方をわかりやすく解説,seikatsu,5,3_tag_match,hikaritv-toha,ひかりTVとは?特徴と料金プランをわかりやすく解説,seikatsu,popular_articles
ahamo-toha,ahamoとは?月額料金とdポイントの貯め方をわかりやすく解説,seikatsu,6,3_tag_match,jalan-golf-toha,じゃらんゴルフとは?特徴とポイントの貯め方をわかりやすく解説,seikatsu,popular_articles
ahamo-toha,ahamoとは?月額料金とdポイントの貯め方をわかりやすく解説,seikatsu,7,3_tag_match,lemino-premium-toha,Leminoプレミアムとは?月額料金とdポイント還元をわかりやすく解説,seikatsu,popular_articles
ahamo-toha,ahamoとは?月額料金とdポイントの貯め方をわかりやすく解説,seikatsu,8,4_same_thumb_type,anshin-security-toha,あんしんセキュリティとは?月額料金と機能をわかりやすく解説,seikatsu,popular_articles
ahamo-toha,ahamoとは?月額料金とdポイントの貯め方をわかりやすく解説,seikatsu,9,4_same_thumb_type,busnoru-poikatsu,バスのるとは?高速バス予約と「バスのるポイント」を解説,seikatsu,popular_articles
ahamo-toha,ahamoとは?月額料金とdポイントの貯め方をわかりやすく解説,seikatsu,10,4_same_thumb_type,dhits-toha,dヒッツとは?月額300円からの音楽聴き放題サービスを解説,seikatsu,popular_articles
airtrip-poikatsu,エアトリポイントの使い道は?貯め方・有効期限をわかりやすく解説,campaign,1,1_own_outbound_link,airtrip-tsukaikata,エアトリで旅行予約ポイ活!航空券購入前に見るべき費用とポイント,campaign,popular_articles
airtrip-poikatsu,エアトリポイントの使い道は?貯め方・有効期限をわかりやすく解説,campaign,2,2_inbound_link,rakuten-travel-supersale-entry-coupon,楽天トラベルスーパーSALE攻略|エントリー条件とクーポン併用ルール,campaign,popular_articles
airtrip-poikatsu,エアトリポイントの使い道は?貯め方・有効期限をわかりやすく解説,campaign,3,4_same_thumb_type,aeoncompass-travelmall-poikatsu,イオンコンパストラベルモール(レンタカー予約)とは?WAON POINTを貯める方法,campaign,popular_articles
airtrip-poikatsu,エアトリポイントの使い道は?貯め方・有効期限をわかりやすく解説,campaign,4,4_same_thumb_type,aeoncompass-travelmall-yado-poikatsu,イオンコンパストラベルモール(宿泊予約)とは?WAON POINTが貯まる予約サービス,campaign,popular_articles
airtrip-poikatsu,エアトリポイントの使い道は?貯め方・有効期限をわかりやすく解説,campaign,5,4_same_thumb_type,jalan-net-poikatsu,じゃらんnetとは?宿・ホテル予約でポイントが貯まる仕組みを解説,campaign,popular_articles
airtrip-poikatsu,エアトリポイントの使い道は?貯め方・有効期限をわかりやすく解説,campaign,6,4_same_thumb_type,travelist-kaigai-poikatsu,トラベリスト(海外航空券)とは?IATA認可代理店の予約サービスを解説,campaign,popular_articles
airtrip-poikatsu,エアトリポイントの使い道は?貯め方・有効期限をわかりやすく解説,campaign,7,4_same_thumb_type,travelist-poikatsu,トラベリストとは?発券方法・ポイント還元・手数料をわかりやすく解説,campaign,popular_articles
airtrip-poikatsu,エアトリポイントの使い道は?貯め方・有効期限をわかりやすく解説,campaign,8,4_same_thumb_type,yahoo-travel-poikatsu,Yahoo!トラベルとは?PayPayポイントが貯まる・使える宿泊予約サービス,campaign,popular_articles
airtrip-poikatsu,エアトリポイントの使い道は?貯め方・有効期限をわかりやすく解説,campaign,9,6_same_category,paypay-campaign-katsuyo,PayPayでポイントを効率よく貯める方法!キャンペーン活用の基本,campaign,popular_articles
airtrip-poikatsu,エアトリポイントの使い道は?貯め方・有効期限をわかりやすく解説,campaign,10,6_same_category,rakuten-travel-supersale-poikatsu,楽天トラベルスーパーセールで失敗しないポイ活!予約前チェックリスト,campaign,popular_articles
airtrip-tsukaikata,エアトリで旅行予約ポイ活!航空券購入前に見るべき費用とポイント,campaign,1,1_own_outbound_link,airtrip-poikatsu,エアトリポイントの使い道は?貯め方・有効期限をわかりやすく解説,campaign,popular_articles
airtrip-tsukaikata,エアトリで旅行予約ポイ活!航空券購入前に見るべき費用とポイント,campaign,2,2_inbound_link,shukuhaku-yoyaku-point,宿泊予約サイトでポイントを取りこぼさない方法!予約前の比較ポイント,shopping,popular_articles
airtrip-tsukaikata,エアトリで旅行予約ポイ活!航空券購入前に見るべき費用とポイント,campaign,3,4_same_thumb_type,ame-heijitsu-campaign-poikatsu,雨の日・平日限定キャンペーンのポイ活術!条件を見落とさないコツ,campaign,popular_articles
airtrip-tsukaikata,エアトリで旅行予約ポイ活!航空券購入前に見るべき費用とポイント,campaign,4,4_same_thumb_type,black-friday-poikatsu,ブラックフライデーで失敗しないポイ活!買うものリストと上限確認の基本,campaign,popular_articles
airtrip-tsukaikata,エアトリで旅行予約ポイ活!航空券購入前に見るべき費用とポイント,campaign,5,4_same_thumb_type,poikatsu-campaign-shippai-boushi,ポイ活キャンペーンで失敗しない方法!エントリー忘れと上限に注意,campaign,popular_articles
airtrip-tsukaikata,エアトリで旅行予約ポイ活!航空券購入前に見るべき費用とポイント,campaign,6,4_same_thumb_type,rakuten-travel-supersale-poikatsu,楽天トラベルスーパーセールで失敗しないポイ活!予約前チェックリスト,campaign,popular_articles
airtrip-tsukaikata,エアトリで旅行予約ポイ活!航空券購入前に見るべき費用とポイント,campaign,7,4_same_thumb_type,yahoo-travel-tsukaikata,Yahoo!トラベルでポイントを活用する方法!宿泊予約前の確認ポイント,campaign,popular_articles
airtrip-tsukaikata,エアトリで旅行予約ポイ活!航空券購入前に見るべき費用とポイント,campaign,8,5_category_hub,jalan-net-poikatsu,じゃらんnetとは?宿・ホテル予約でポイントが貯まる仕組みを解説,campaign,popular_articles
airtrip-tsukaikata,エアトリで旅行予約ポイ活!航空券購入前に見るべき費用とポイント,campaign,9,5_category_hub,yahoo-travel-poikatsu,Yahoo!トラベルとは?PayPayポイントが貯まる・使える宿泊予約サービス,campaign,popular_articles
airtrip-tsukaikata,エアトリで旅行予約ポイ活!航空券購入前に見るべき費用とポイント,campaign,10,6_same_category,paypay-campaign-katsuyo,PayPayでポイントを効率よく貯める方法!キャンペーン活用の基本,campaign,popular_articles
amazon-gift-charge,Amazonギフト券チャージで損しない考え方!支払い方法と使い切りのコツ,shopping,1,4_same_thumb_type,amazon-poikatsu,Amazonでポイ活はできる?ポイントを貯める方法と注意点を解説,shopping,popular_articles
amazon-gift-charge,Amazonギフト券チャージで損しない考え方!支払い方法と使い切りのコツ,shopping,2,4_same_thumb_type,chuushajou-yoyaku-poikatsu,駐車場予約サービスでポイ活する方法!イベント前に確認したい条件,shopping,popular_articles
amazon-gift-charge,Amazonギフト券チャージで損しない考え方!支払い方法と使い切りのコツ,shopping,3,4_same_thumb_type,dpoint-hanei-sarenai,dポイントが反映されない原因は?dポイントマーケットの確認方法も解説,shopping,popular_articles
amazon-gift-charge,Amazonギフト券チャージで損しない考え方!支払い方法と使い切りのコツ,shopping,4,4_same_thumb_type,furusato-nozei-poikatsu,ふるさと納税でポイ活はできる?ポイント還元と注意点をわかりやすく解説,shopping,popular_articles
amazon-gift-charge,Amazonギフト券チャージで損しない考え方!支払い方法と使い切りのコツ,shopping,5,4_same_thumb_type,game-kakin-point,ゲーム課金でポイントを貯める方法!Apple・Google残高利用時の注意,shopping,popular_articles
amazon-gift-charge,Amazonギフト券チャージで損しない考え方!支払い方法と使い切りのコツ,shopping,6,4_same_thumb_type,halloween-yohin-poikatsu,ハロウィン用品でポイ活する方法!衣装・お菓子を買いすぎないコツ,shopping,popular_articles
amazon-gift-charge,Amazonギフト券チャージで損しない考え方!支払い方法と使い切りのコツ,shopping,7,4_same_thumb_type,hikkoshi-seikatsuyohin-poikatsu,引越し後の生活用品で使えるポイ活術!支出が増える前に確認したい節約ポイント,shopping,popular_articles
amazon-gift-charge,Amazonギフト券チャージで損しない考え方!支払い方法と使い切りのコツ,shopping,8,4_same_thumb_type,iryouhi-shohouyaku-point,医療費・処方薬でポイントは貯まる?支払い前に確認したい注意点,shopping,popular_articles
amazon-gift-charge,Amazonギフト券チャージで損しない考え方!支払い方法と使い切りのコツ,shopping,9,4_same_thumb_type,koukyou-ryokin-poikatsu,電気・ガス・水道でポイントは貯まる?公共料金ポイ活の基本,shopping,popular_articles
amazon-gift-charge,Amazonギフト券チャージで損しない考え方!支払い方法と使い切りのコツ,shopping,10,4_same_thumb_type,maebarai-shisugi-poikatsu,前払いしすぎないポイ活術!ポイント目当ての出費を防ぐ考え方,shopping,popular_articles
amazon-poikatsu,Amazonでポイ活はできる?ポイントを貯める方法と注意点を解説,shopping,1,4_same_thumb_type,amazon-gift-charge,Amazonギフト券チャージで損しない考え方!支払い方法と使い切りのコツ,shopping,popular_articles
amazon-poikatsu,Amazonでポイ活はできる?ポイントを貯める方法と注意点を解説,shopping,2,4_same_thumb_type,chuushajou-yoyaku-poikatsu,駐車場予約サービスでポイ活する方法!イベント前に確認したい条件,shopping,popular_articles
amazon-poikatsu,Amazonでポイ活はできる?ポイントを貯める方法と注意点を解説,shopping,3,4_same_thumb_type,dpoint-hanei-sarenai,dポイントが反映されない原因は?dポイントマーケットの確認方法も解説,shopping,popular_articles
amazon-poikatsu,Amazonでポイ活はできる?ポイントを貯める方法と注意点を解説,shopping,4,4_same_thumb_type,furusato-nozei-poikatsu,ふるさと納税でポイ活はできる?ポイント還元と注意点をわかりやすく解説,shopping,popular_articles
amazon-poikatsu,Amazonでポイ活はできる?ポイントを貯める方法と注意点を解説,shopping,5,4_same_thumb_type,game-kakin-point,ゲーム課金でポイントを貯める方法!Apple・Google残高利用時の注意,shopping,popular_articles
amazon-poikatsu,Amazonでポイ活はできる?ポイントを貯める方法と注意点を解説,shopping,6,4_same_thumb_type,halloween-yohin-poikatsu,ハロウィン用品でポイ活する方法!衣装・お菓子を買いすぎないコツ,shopping,popular_articles
amazon-poikatsu,Amazonでポイ活はできる?ポイントを貯める方法と注意点を解説,shopping,7,4_same_thumb_type,hikkoshi-seikatsuyohin-poikatsu,引越し後の生活用品で使えるポイ活術!支出が増える前に確認したい節約ポイント,shopping,popular_articles
amazon-poikatsu,Amazonでポイ活はできる?ポイントを貯める方法と注意点を解説,shopping,8,4_same_thumb_type,iryouhi-shohouyaku-point,医療費・処方薬でポイントは貯まる?支払い前に確認したい注意点,shopping,popular_articles
amazon-poikatsu,Amazonでポイ活はできる?ポイントを貯める方法と注意点を解説,shopping,9,4_same_thumb_type,koukyou-ryokin-poikatsu,電気・ガス・水道でポイントは貯まる?公共料金ポイ活の基本,shopping,popular_articles
amazon-poikatsu,Amazonでポイ活はできる?ポイントを貯める方法と注意点を解説,shopping,10,4_same_thumb_type,maebarai-shisugi-poikatsu,前払いしすぎないポイ活術!ポイント目当ての出費を防ぐ考え方,shopping,popular_articles
amazon-tsuhan-toha,Amazonとは?特徴とポイントの貯め方をわかりやすく解説,shopping,1,2_inbound_link,net-shopping-point-kiso,ネットショッピングでポイントを貯める方法!楽天・Yahoo・Amazonの基本,shopping,popular_articles
amazon-tsuhan-toha,Amazonとは?特徴とポイントの貯め方をわかりやすく解説,shopping,2,4_same_thumb_type,aupay-market-toha,au PAY マーケットとは?特徴とポイントの貯め方をわかりやすく解説,shopping,popular_articles
amazon-tsuhan-toha,Amazonとは?特徴とポイントの貯め方をわかりやすく解説,shopping,3,4_same_thumb_type,biccamera-toha,ビックカメラ.comとは?特徴とポイントの貯め方をわかりやすく解説,shopping,popular_articles
amazon-tsuhan-toha,Amazonとは?特徴とポイントの貯め方をわかりやすく解説,shopping,4,4_same_thumb_type,charge-route-point,チャージルートでポイントを増やす考え方!複雑にしすぎない決済設計,shopping,popular_articles
amazon-tsuhan-toha,Amazonとは?特徴とポイントの貯め方をわかりやすく解説,shopping,5,4_same_thumb_type,daimaru-matsuzakaya-toha,大丸松坂屋オンラインストアとは?特徴とポイントの貯め方をわかりやすく解説,shopping,popular_articles
amazon-tsuhan-toha,Amazonとは?特徴とポイントの貯め方をわかりやすく解説,shopping,6,4_same_thumb_type,docomo-select-toha,docomo selectとは?スマホアクセサリー購入とdポイントを解説,shopping,popular_articles
amazon-tsuhan-toha,Amazonとは?特徴とポイントの貯め方をわかりやすく解説,shopping,7,4_same_thumb_type,dpoint-tsukaimichi,dポイントのおすすめの使い道!コンビニ・ドラッグストア・ネットで使う方法,shopping,popular_articles
amazon-tsuhan-toha,Amazonとは?特徴とポイントの貯め方をわかりやすく解説,shopping,8,4_same_thumb_type,dshopping-toha,dショッピングとは?特徴とポイントの貯め方をわかりやすく解説,shopping,popular_articles
amazon-tsuhan-toha,Amazonとは?特徴とポイントの貯め方をわかりやすく解説,shopping,9,4_same_thumb_type,ec-current-poikatsu,ECカレントとは?家電通販の特徴とポイント制度を解説,shopping,popular_articles
amazon-tsuhan-toha,Amazonとは?特徴とポイントの貯め方をわかりやすく解説,shopping,10,4_same_thumb_type,hikkoshi-poikatsu,引っ越しでポイ活する方法!見積もり・家具購入・手続きの確認ポイント,shopping,popular_articles
ame-heijitsu-campaign-poikatsu,雨の日・平日限定キャンペーンのポイ活術!条件を見落とさないコツ,campaign,1,4_same_thumb_type,airtrip-tsukaikata,エアトリで旅行予約ポイ活!航空券購入前に見るべき費用とポイント,campaign,popular_articles
ame-heijitsu-campaign-poikatsu,雨の日・平日限定キャンペーンのポイ活術!条件を見落とさないコツ,campaign,2,4_same_thumb_type,black-friday-poikatsu,ブラックフライデーで失敗しないポイ活!買うものリストと上限確認の基本,campaign,popular_articles
ame-heijitsu-campaign-poikatsu,雨の日・平日限定キャンペーンのポイ活術!条件を見落とさないコツ,campaign,3,4_same_thumb_type,poikatsu-campaign-shippai-boushi,ポイ活キャンペーンで失敗しない方法!エントリー忘れと上限に注意,campaign,popular_articles
ame-heijitsu-campaign-poikatsu,雨の日・平日限定キャンペーンのポイ活術!条件を見落とさないコツ,campaign,4,4_same_thumb_type,rakuten-travel-supersale-poikatsu,楽天トラベルスーパーセールで失敗しないポイ活!予約前チェックリスト,campaign,popular_articles
ame-heijitsu-campaign-poikatsu,雨の日・平日限定キャンペーンのポイ活術!条件を見落とさないコツ,campaign,5,4_same_thumb_type,yahoo-travel-tsukaikata,Yahoo!トラベルでポイントを活用する方法!宿泊予約前の確認ポイント,campaign,popular_articles
ame-heijitsu-campaign-poikatsu,雨の日・平日限定キャンペーンのポイ活術!条件を見落とさないコツ,campaign,6,5_category_hub,jalan-net-poikatsu,じゃらんnetとは?宿・ホテル予約でポイントが貯まる仕組みを解説,campaign,popular_articles
ame-heijitsu-campaign-poikatsu,雨の日・平日限定キャンペーンのポイ活術!条件を見落とさないコツ,campaign,7,5_category_hub,yahoo-travel-poikatsu,Yahoo!トラベルとは?PayPayポイントが貯まる・使える宿泊予約サービス,campaign,popular_articles
ame-heijitsu-campaign-poikatsu,雨の日・平日限定キャンペーンのポイ活術!条件を見落とさないコツ,campaign,8,6_same_category,paypay-campaign-katsuyo,PayPayでポイントを効率よく貯める方法!キャンペーン活用の基本,campaign,popular_articles
ame-heijitsu-campaign-poikatsu,雨の日・平日限定キャンペーンのポイ活術!条件を見落とさないコツ,campaign,9,6_same_category,airtrip-poikatsu,エアトリポイントの使い道は?貯め方・有効期限をわかりやすく解説,campaign,popular_articles
ame-heijitsu-campaign-poikatsu,雨の日・平日限定キャンペーンのポイ活術!条件を見落とさないコツ,campaign,10,6_same_category,jalan-tsukaikata,じゃらんでポイ活する方法!宿泊・遊び体験予約でポイントを貯めるコツ,campaign,popular_articles
amefri-poikatsu,アメフリとは?すきま時間で貯まるポイントサイトの特徴を解説,pointsite,1,4_same_thumb_type,chobirich-poikatsu,ちょびリッチとは?評判・特徴からポイントの貯め方まで徹底解説,pointsite,popular_articles
amefri-poikatsu,アメフリとは?すきま時間で貯まるポイントサイトの特徴を解説,pointsite,2,4_same_thumb_type,chobirich-tsukaikata,ちょびリッチの使い方!ポイントサイト初心者が見るべき案件と交換先,pointsite,popular_articles
amefri-poikatsu,アメフリとは?すきま時間で貯まるポイントサイトの特徴を解説,pointsite,3,4_same_thumb_type,ecnavi-poikatsu,ECナビとは?多彩な方法でポイントが貯まるポイントサイトの特徴を解説,pointsite,popular_articles
amefri-poikatsu,アメフリとは?すきま時間で貯まるポイントサイトの特徴を解説,pointsite,4,4_same_thumb_type,ecnavi-tsukaikata,ECナビでポイントを貯める方法!アンケートと買い物を組み合わせるコツ,pointsite,popular_articles
amefri-poikatsu,アメフリとは?すきま時間で貯まるポイントサイトの特徴を解説,pointsite,5,4_same_thumb_type,hapitas-poikatsu,ハピタスとは?ポイント還元率・交換方法・登録方法をわかりやすく解説,pointsite,popular_articles
amefri-poikatsu,アメフリとは?すきま時間で貯まるポイントサイトの特徴を解説,pointsite,6,4_same_thumb_type,moppy-hajimekata,モッピーでポイ活を始める方法!高還元案件を見る前の確認ポイント,pointsite,popular_articles
amefri-poikatsu,アメフリとは?すきま時間で貯まるポイントサイトの特徴を解説,pointsite,7,4_same_thumb_type,muryou-kaiin-touroku-poikatsu,無料会員登録案件でポイ活する方法とは?登録前後の確認ポイントを解説,pointsite,popular_articles
amefri-poikatsu,アメフリとは?すきま時間で貯まるポイントサイトの特徴を解説,pointsite,8,4_same_thumb_type,nifty-point-club-poikatsu,ニフティポイントクラブの活用術!ネット利用者向けのポイ活基本,pointsite,popular_articles
amefri-poikatsu,アメフリとは?すきま時間で貯まるポイントサイトの特徴を解説,pointsite,9,4_same_thumb_type,point-museum-poikatsu,ポイントミュージアムとは?安全性・交換条件・特徴をわかりやすく解説,pointsite,popular_articles
amefri-poikatsu,アメフリとは?すきま時間で貯まるポイントサイトの特徴を解説,pointsite,10,4_same_thumb_type,pointincome-poikatsu,ポイントインカムとは?アプリでも貯まるポイントサイトの特徴を解説,pointsite,popular_articles
ana-amex-campaign-2026,"【期間限定】ANAアメックス新規入会キャンペーン特集|最大242,000マイル",creditcard,1,1_own_outbound_link,ana-amex-poikatsu,ANAアメックスが大幅刷新!ゴールド・プレミアムの新特典とマイル還元まとめ,creditcard,popular_articles
ana-amex-campaign-2026,"【期間限定】ANAアメックス新規入会キャンペーン特集|最大242,000マイル",creditcard,2,5_category_hub,rakuten-card-poikatsu,楽天カードはポイ活に向いている?メリットと注意点を初心者向けに解説,creditcard,popular_articles
ana-amex-campaign-2026,"【期間限定】ANAアメックス新規入会キャンペーン特集|最大242,000マイル",creditcard,3,5_category_hub,dcard-poikatsu,dカードはポイ活におすすめ?dポイントを貯めやすい人の特徴,creditcard,popular_articles
ana-amex-campaign-2026,"【期間限定】ANAアメックス新規入会キャンペーン特集|最大242,000マイル",creditcard,4,6_same_category,mitsui-sumitomo-card-vpoint,三井住友カードでVポイントを貯める方法!対象店舗とタッチ決済の基本,creditcard,popular_articles
ana-amex-campaign-2026,"【期間限定】ANAアメックス新規入会キャンペーン特集|最大242,000マイル",creditcard,5,6_same_category,credit-card-mile-hikaku,マイルが貯まるクレジットカード比較|ANA・JALの還元と移行条件,creditcard,popular_articles
ana-amex-campaign-2026,"【期間限定】ANAアメックス新規入会キャンペーン特集|最大242,000マイル",creditcard,6,6_same_category,credit-card-common-point-hikaku,共通ポイント別クレジットカード比較|d・楽天・Ponta・Vポイントで選ぶ,creditcard,popular_articles
ana-amex-campaign-2026,"【期間限定】ANAアメックス新規入会キャンペーン特集|最大242,000マイル",creditcard,7,6_same_category,credit-card-point-hikaku,クレジットカードのポイントを徹底比較|還元率・年会費・使い道で選ぶ,creditcard,popular_articles
ana-amex-campaign-2026,"【期間限定】ANAアメックス新規入会キャンペーン特集|最大242,000マイル",creditcard,8,6_same_category,creditcard-tsukurisugi-chuui,クレジットカードを作りすぎると危険?ポイ活で注意したい信用情報の基本,creditcard,popular_articles
ana-amex-campaign-2026,"【期間限定】ANAアメックス新規入会キャンペーン特集|最大242,000マイル",creditcard,9,6_same_category,kuukou-lounge-poikatsu,空港ラウンジ特典はポイ活に役立つ?カード特典の見極め方,creditcard,popular_articles
ana-amex-campaign-2026,"【期間限定】ANAアメックス新規入会キャンペーン特集|最大242,000マイル",creditcard,10,6_same_category,creditcard-erabikata,ポイ活向けクレジットカードの選び方!初心者が見るべき5つのポイント,creditcard,popular_articles
ana-amex-poikatsu,ANAアメックスが大幅刷新!ゴールド・プレミアムの新特典とマイル還元まとめ,creditcard,1,1_own_outbound_link,ana-amex-campaign-2026,"【期間限定】ANAアメックス新規入会キャンペーン特集|最大242,000マイル",creditcard,popular_articles
ana-amex-poikatsu,ANAアメックスが大幅刷新!ゴールド・プレミアムの新特典とマイル還元まとめ,creditcard,2,1_own_outbound_link,kuukou-lounge-poikatsu,空港ラウンジ特典はポイ活に役立つ?カード特典の見極め方,creditcard,popular_articles
ana-amex-poikatsu,ANAアメックスが大幅刷新!ゴールド・プレミアムの新特典とマイル還元まとめ,creditcard,3,4_same_thumb_type,apple-pay-poikatsu,Apple Payでポイ活する方法!ポイント還元とiD・QUICPay・タッチ決済の違い,creditcard,popular_articles
ana-amex-poikatsu,ANAアメックスが大幅刷新!ゴールド・プレミアムの新特典とマイル還元まとめ,creditcard,4,4_same_thumb_type,dcard-poikatsu,dカードはポイ活におすすめ?dポイントを貯めやすい人の特徴,creditcard,popular_articles
ana-amex-poikatsu,ANAアメックスが大幅刷新!ゴールド・プレミアムの新特典とマイル還元まとめ,creditcard,5,4_same_thumb_type,gasoline-point-tameru,ガソリン代でポイントを貯める方法!車利用者向けポイ活の基本,creditcard,popular_articles
ana-amex-poikatsu,ANAアメックスが大幅刷新!ゴールド・プレミアムの新特典とマイル還元まとめ,creditcard,6,4_same_thumb_type,hokenryo-point-tameru,保険料でポイントを貯める方法!クレジットカード払いの確認ポイント,creditcard,popular_articles
ana-amex-poikatsu,ANAアメックスが大幅刷新!ゴールド・プレミアムの新特典とマイル還元まとめ,creditcard,7,4_same_thumb_type,jcb-jpoint-poikatsu,JCBのJ-POINT(旧Oki Dokiポイント)活用術!交換先と還元率の考え方,creditcard,popular_articles
ana-amex-poikatsu,ANAアメックスが大幅刷新!ゴールド・プレミアムの新特典とマイル還元まとめ,creditcard,8,4_same_thumb_type,mitsui-sumitomo-card-vpoint,三井住友カードでVポイントを貯める方法!対象店舗とタッチ決済の基本,creditcard,popular_articles
ana-amex-poikatsu,ANAアメックスが大幅刷新!ゴールド・プレミアムの新特典とマイル還元まとめ,creditcard,9,4_same_thumb_type,rakuten-card-poikatsu,楽天カードはポイ活に向いている?メリットと注意点を初心者向けに解説,creditcard,popular_articles
ana-amex-poikatsu,ANAアメックスが大幅刷新!ゴールド・プレミアムの新特典とマイル還元まとめ,creditcard,10,6_same_category,credit-card-mile-hikaku,マイルが貯まるクレジットカード比較|ANA・JALの還元と移行条件,creditcard,popular_articles
ana-furusato-mile,ANAのふるさと納税でマイルを貯める方法!旅行好き向けの基本,shopping,1,1_own_outbound_link,furusato-nozei-poikatsu,ふるさと納税でポイ活はできる?ポイント還元と注意点をわかりやすく解説,shopping,popular_articles
ana-furusato-mile,ANAのふるさと納税でマイルを貯める方法!旅行好き向けの基本,shopping,2,4_same_thumb_type,ana-mileage-mall-poikatsu,ANAマイレージモールの使い方!通販前にマイルを貯める経由術,shopping,popular_articles
ana-furusato-mile,ANAのふるさと納税でマイルを貯める方法!旅行好き向けの基本,shopping,3,4_same_thumb_type,etc-mileage-toha,ETCマイレージサービスとは?高速道路利用者が知っておきたい基本,shopping,popular_articles
ana-furusato-mile,ANAのふるさと納税でマイルを貯める方法!旅行好き向けの基本,shopping,4,4_same_thumb_type,jal-mileage-mall-poikatsu,JALマイレージモールでマイルを貯める方法!ネット通販前の基本,shopping,popular_articles
ana-furusato-mile,ANAのふるさと納税でマイルを貯める方法!旅行好き向けの基本,shopping,5,4_same_thumb_type,jre-point-kiso,JRE POINTの貯め方と使い方!Suica利用者向けポイ活入門,shopping,popular_articles
ana-furusato-mile,ANAのふるさと納税でマイルを貯める方法!旅行好き向けの基本,shopping,6,4_same_thumb_type,mile-koukan-merit,ポイントをマイルに交換するメリットは?旅行好き向けポイ活入門,shopping,popular_articles
ana-furusato-mile,ANAのふるさと納税でマイルを貯める方法!旅行好き向けの基本,shopping,7,4_same_thumb_type,point-koukan-toha,ポイント交換とは?他社ポイント・ギフト券・マイルへの交換方法,shopping,popular_articles
ana-furusato-mile,ANAのふるさと納税でマイルを貯める方法!旅行好き向けの基本,shopping,8,4_same_thumb_type,ponta-mile-koukan,Pontaポイントをマイルや他社ポイントに交換する方法!使い道を広げるコツ,shopping,popular_articles
ana-furusato-mile,ANAのふるさと納税でマイルを貯める方法!旅行好き向けの基本,shopping,9,4_same_thumb_type,rakuten-ana-mile-koukan,楽天ポイントをANAマイルに交換できる?交換ルートと注意点を解説,shopping,popular_articles
ana-furusato-mile,ANAのふるさと納税でマイルを貯める方法!旅行好き向けの基本,shopping,10,4_same_thumb_type,recruit-ponta,リクルートサービスでPontaポイントを貯める方法!予約・買い物で活用,shopping,popular_articles
ana-hikari-poikatsu,ANAマイルが貯まる光回線が登場!「ANA光 powered by SoftBank」を徹底解説,seikatsu,1,4_same_thumb_type,ahamo-hikari-poikatsu,ahamo光とは?料金・dポイント特典・工事費無料の条件を解説,seikatsu,popular_articles
ana-hikari-poikatsu,ANAマイルが貯まる光回線が登場!「ANA光 powered by SoftBank」を徹底解説,seikatsu,2,4_same_thumb_type,auhikari-poikatsu,auひかりとは?NEXT経由の申込みでキャッシュバックが早いって本当?,seikatsu,popular_articles
ana-hikari-poikatsu,ANAマイルが貯まる光回線が登場!「ANA光 powered by SoftBank」を徹底解説,seikatsu,3,4_same_thumb_type,biglobe-hikari-poikatsu,BIGLOBE光とは?フレッツ光の設備を使った高速・格安光回線を解説,seikatsu,popular_articles
ana-hikari-poikatsu,ANAマイルが貯まる光回線が登場!「ANA光 powered by SoftBank」を徹底解説,seikatsu,4,4_same_thumb_type,docomo-denki-poikatsu,ドコモでんきとは?電気代でdポイントが貯まる仕組みを解説,seikatsu,popular_articles
ana-hikari-poikatsu,ANAマイルが貯まる光回線が登場!「ANA光 powered by SoftBank」を徹底解説,seikatsu,5,4_same_thumb_type,nifty-docomo-hikari-poikatsu,@nifty with ドコモ光とは?キャッシュバックと料金・特典を解説,seikatsu,popular_articles
ana-hikari-poikatsu,ANAマイルが貯まる光回線が登場!「ANA光 powered by SoftBank」を徹底解説,seikatsu,6,4_same_thumb_type,rakuten-hikari-poikatsu,楽天ひかりとは?楽天モバイルとセットで楽天市場ポイントが7倍になる光回線,seikatsu,popular_articles
ana-hikari-poikatsu,ANAマイルが貯まる光回線が登場!「ANA光 powered by SoftBank」を徹底解説,seikatsu,7,4_same_thumb_type,rakuten-mobile-poikatsu,楽天モバイルとは?データ使い放題と楽天ポイント最大+4倍を解説,seikatsu,popular_articles
ana-hikari-poikatsu,ANAマイルが貯まる光回線が登場!「ANA光 powered by SoftBank」を徹底解説,seikatsu,8,4_same_thumb_type,softbank-hikari-poikatsu,SoftBank 光とは?フレッツ光より安い高速光回線とキャッシュバックを解説,seikatsu,popular_articles
ana-hikari-poikatsu,ANAマイルが貯まる光回線が登場!「ANA光 powered by SoftBank」を徹底解説,seikatsu,9,5_category_hub,aupay-furusato-poikatsu,au PAYふるさと納税のPontaポイントは貯まる?2025年10月の変更を解説,seikatsu,popular_articles
ana-hikari-poikatsu,ANAマイルが貯まる光回線が登場!「ANA光 powered by SoftBank」を徹底解説,seikatsu,10,6_same_category,d-value-pass-poikatsu,dバリューパスとは?初月無料で壁紙・待受が使い放題のサブスク,seikatsu,popular_articles
ana-jal-mile-hikaku,ANAマイルとJALマイルはどっち?貯めやすさ・使いやすさを比較,shopping,1,1_own_outbound_link,point-yuukoukigen-kanri,ポイントの有効期限を管理する方法!失効を防ぐチェック習慣,shopping,popular_articles
ana-jal-mile-hikaku,ANAマイルとJALマイルはどっち?貯めやすさ・使いやすさを比較,shopping,2,1_own_outbound_link,rakuten-ana-mile-koukan,楽天ポイントをANAマイルに交換できる?交換ルートと注意点を解説,shopping,popular_articles
ana-jal-mile-hikaku,ANAマイルとJALマイルはどっち?貯めやすさ・使いやすさを比較,shopping,3,1_own_outbound_link,ponta-mile-koukan,Pontaポイントをマイルや他社ポイントに交換する方法!使い道を広げるコツ,shopping,popular_articles
ana-jal-mile-hikaku,ANAマイルとJALマイルはどっち?貯めやすさ・使いやすさを比較,shopping,4,1_own_outbound_link,vpoint-tasha-koukan,Vポイントを他社ポイントへ交換する方法!交換先の選び方と注意点,shopping,popular_articles
ana-jal-mile-hikaku,ANAマイルとJALマイルはどっち?貯めやすさ・使いやすさを比較,shopping,5,1_own_outbound_link,ana-mile-tameru-kachi,ANAマイルを貯めるべき人・貯めない方がいい人を解説,shopping,popular_articles
ana-jal-mile-hikaku,ANAマイルとJALマイルはどっち?貯めやすさ・使いやすさを比較,shopping,6,1_own_outbound_link,ana-mileage-mall-poikatsu,ANAマイレージモールの使い方!通販前にマイルを貯める経由術,shopping,popular_articles
ana-jal-mile-hikaku,ANAマイルとJALマイルはどっち?貯めやすさ・使いやすさを比較,shopping,7,1_own_outbound_link,jal-mile-tameru-kachi,JALマイルを貯めるべき人・貯めない方がいい人を解説,shopping,popular_articles
ana-jal-mile-hikaku,ANAマイルとJALマイルはどっち?貯めやすさ・使いやすさを比較,shopping,8,1_own_outbound_link,mile-koukan-merit,ポイントをマイルに交換するメリットは?旅行好き向けポイ活入門,shopping,popular_articles
ana-jal-mile-hikaku,ANAマイルとJALマイルはどっち?貯めやすさ・使いやすさを比較,shopping,9,2_inbound_link,ana-mileageplus-hikaku,ANAマイルとMileagePlusはどっち?同じスターアライアンスで何が違う?,shopping,popular_articles
ana-jal-mile-hikaku,ANAマイルとJALマイルはどっち?貯めやすさ・使いやすさを比較,shopping,10,3_tag_match,au-uq-ponta,au・UQユーザーはPontaポイントにまとめるべき?相性の良いサービスを解説,shopping,popular_articles
ana-mile-tameru-kachi,ANAマイルを貯めるべき人・貯めない方がいい人を解説,shopping,1,1_own_outbound_link,ana-mileage-mall-poikatsu,ANAマイレージモールの使い方!通販前にマイルを貯める経由術,shopping,popular_articles
ana-mile-tameru-kachi,ANAマイルを貯めるべき人・貯めない方がいい人を解説,shopping,2,1_own_outbound_link,rakuten-ana-mile-koukan,楽天ポイントをANAマイルに交換できる?交換ルートと注意点を解説,shopping,popular_articles
ana-mile-tameru-kachi,ANAマイルを貯めるべき人・貯めない方がいい人を解説,shopping,3,1_own_outbound_link,ana-jal-mile-hikaku,ANAマイルとJALマイルはどっち?貯めやすさ・使いやすさを比較,shopping,popular_articles
ana-mile-tameru-kachi,ANAマイルを貯めるべき人・貯めない方がいい人を解説,shopping,4,1_own_outbound_link,ana-mileageplus-hikaku,ANAマイルとMileagePlusはどっち?同じスターアライアンスで何が違う?,shopping,popular_articles
ana-mile-tameru-kachi,ANAマイルを貯めるべき人・貯めない方がいい人を解説,shopping,5,3_tag_match,jal-mile-tameru-kachi,JALマイルを貯めるべき人・貯めない方がいい人を解説,shopping,popular_articles
ana-mile-tameru-kachi,ANAマイルを貯めるべき人・貯めない方がいい人を解説,shopping,6,3_tag_match,mileageplus-nihon-zaijuu,MileagePlusは日本在住でも貯める価値がある?メリット・注意点を解説,shopping,popular_articles
ana-mile-tameru-kachi,ANAマイルを貯めるべき人・貯めない方がいい人を解説,shopping,7,4_same_thumb_type,au-uq-ponta,au・UQユーザーはPontaポイントにまとめるべき?相性の良いサービスを解説,shopping,popular_articles
ana-mile-tameru-kachi,ANAマイルを貯めるべき人・貯めない方がいい人を解説,shopping,8,4_same_thumb_type,carshare-point-katsuyou,カーシェアでポイ活する方法とは?短時間利用の節約ポイントを解説,shopping,popular_articles
ana-mile-tameru-kachi,ANAマイルを貯めるべき人・貯めない方がいい人を解説,shopping,9,4_same_thumb_type,cleaning-poikatsu,クリーニング代でポイントを貯める方法!宅配と店舗を比較するコツ,shopping,popular_articles
ana-mile-tameru-kachi,ANAマイルを貯めるべき人・貯めない方がいい人を解説,shopping,10,4_same_thumb_type,code-kessai-4sha-hikaku,コード決済4社を徹底比較|PayPay・d払い・楽天ペイ・au PAY,shopping,popular_articles
ana-mileage-mall-poikatsu,ANAマイレージモールの使い方!通販前にマイルを貯める経由術,shopping,1,1_own_outbound_link,mile-koukan-merit,ポイントをマイルに交換するメリットは?旅行好き向けポイ活入門,shopping,popular_articles
ana-mileage-mall-poikatsu,ANAマイレージモールの使い方!通販前にマイルを貯める経由術,shopping,2,2_inbound_link,ana-jal-mile-hikaku,ANAマイルとJALマイルはどっち?貯めやすさ・使いやすさを比較,shopping,popular_articles
ana-mileage-mall-poikatsu,ANAマイレージモールの使い方!通販前にマイルを貯める経由術,shopping,3,2_inbound_link,ana-mile-tameru-kachi,ANAマイルを貯めるべき人・貯めない方がいい人を解説,shopping,popular_articles
ana-mileage-mall-poikatsu,ANAマイレージモールの使い方!通販前にマイルを貯める経由術,shopping,4,2_inbound_link,rakuten-travel-supersale-entry-coupon,楽天トラベルスーパーSALE攻略|エントリー条件とクーポン併用ルール,campaign,popular_articles
ana-mileage-mall-poikatsu,ANAマイレージモールの使い方!通販前にマイルを貯める経由術,shopping,5,4_same_thumb_type,ana-furusato-mile,ANAのふるさと納税でマイルを貯める方法!旅行好き向けの基本,shopping,popular_articles
ana-mileage-mall-poikatsu,ANAマイレージモールの使い方!通販前にマイルを貯める経由術,shopping,6,4_same_thumb_type,etc-mileage-toha,ETCマイレージサービスとは?高速道路利用者が知っておきたい基本,shopping,popular_articles
ana-mileage-mall-poikatsu,ANAマイレージモールの使い方!通販前にマイルを貯める経由術,shopping,7,4_same_thumb_type,jal-mileage-mall-poikatsu,JALマイレージモールでマイルを貯める方法!ネット通販前の基本,shopping,popular_articles
ana-mileage-mall-poikatsu,ANAマイレージモールの使い方!通販前にマイルを貯める経由術,shopping,8,4_same_thumb_type,jre-point-kiso,JRE POINTの貯め方と使い方!Suica利用者向けポイ活入門,shopping,popular_articles
ana-mileage-mall-poikatsu,ANAマイレージモールの使い方!通販前にマイルを貯める経由術,shopping,9,4_same_thumb_type,point-koukan-toha,ポイント交換とは?他社ポイント・ギフト券・マイルへの交換方法,shopping,popular_articles
ana-mileage-mall-poikatsu,ANAマイレージモールの使い方!通販前にマイルを貯める経由術,shopping,10,4_same_thumb_type,ponta-mile-koukan,Pontaポイントをマイルや他社ポイントに交換する方法!使い道を広げるコツ,shopping,popular_articles
ana-mileageplus-hikaku,ANAマイルとMileagePlusはどっち?同じスターアライアンスで何が違う?,shopping,1,1_own_outbound_link,ana-jal-mile-hikaku,ANAマイルとJALマイルはどっち?貯めやすさ・使いやすさを比較,shopping,popular_articles
ana-mileageplus-hikaku,ANAマイルとMileagePlusはどっち?同じスターアライアンスで何が違う?,shopping,2,1_own_outbound_link,mileageplus-nihon-zaijuu,MileagePlusは日本在住でも貯める価値がある?メリット・注意点を解説,shopping,popular_articles
ana-mileageplus-hikaku,ANAマイルとMileagePlusはどっち?同じスターアライアンスで何が違う?,shopping,3,2_inbound_link,ana-mile-tameru-kachi,ANAマイルを貯めるべき人・貯めない方がいい人を解説,shopping,popular_articles
ana-mileageplus-hikaku,ANAマイルとMileagePlusはどっち?同じスターアライアンスで何が違う?,shopping,4,3_tag_match,au-uq-ponta,au・UQユーザーはPontaポイントにまとめるべき?相性の良いサービスを解説,shopping,popular_articles
ana-mileageplus-hikaku,ANAマイルとMileagePlusはどっち?同じスターアライアンスで何が違う?,shopping,5,3_tag_match,cleaning-poikatsu,クリーニング代でポイントを貯める方法!宅配と店舗を比較するコツ,shopping,popular_articles
ana-mileageplus-hikaku,ANAマイルとMileagePlusはどっち?同じスターアライアンスで何が違う?,shopping,6,3_tag_match,code-kessai-4sha-hikaku,コード決済4社を徹底比較|PayPay・d払い・楽天ペイ・au PAY,shopping,popular_articles
ana-mileageplus-hikaku,ANAマイルとMileagePlusはどっち?同じスターアライアンスで何が違う?,shopping,7,3_tag_match,docomo-ahamo-dpoint,ドコモ・ahamoユーザーはdポイントにまとめるべき?相性の良いサービスを解説,shopping,popular_articles
ana-mileageplus-hikaku,ANAマイルとMileagePlusはどっち?同じスターアライアンスで何が違う?,shopping,8,3_tag_match,dpoint-ponta-hikaku,dポイントとPontaはどっちが得?貯め方・使える店・有効期限を比較,shopping,popular_articles
ana-mileageplus-hikaku,ANAマイルとMileagePlusはどっち?同じスターアライアンスで何が違う?,shopping,9,3_tag_match,jal-mile-tameru-kachi,JALマイルを貯めるべき人・貯めない方がいい人を解説,shopping,popular_articles
ana-mileageplus-hikaku,ANAマイルとMileagePlusはどっち?同じスターアライアンスで何が違う?,shopping,10,3_tag_match,net-super-poikatsu,ネットスーパーのポイントを比較|Ponta・楽天・WAON POINTなど対応状況を解説,shopping,popular_articles
anshin-security-toha,あんしんセキュリティとは?月額料金と機能をわかりやすく解説,seikatsu,1,4_same_thumb_type,ahamo-toha,ahamoとは?月額料金とdポイントの貯め方をわかりやすく解説,seikatsu,popular_articles
anshin-security-toha,あんしんセキュリティとは?月額料金と機能をわかりやすく解説,seikatsu,2,4_same_thumb_type,busnoru-poikatsu,バスのるとは?高速バス予約と「バスのるポイント」を解説,seikatsu,popular_articles
anshin-security-toha,あんしんセキュリティとは?月額料金と機能をわかりやすく解説,seikatsu,3,4_same_thumb_type,dcarshare-toha,dカーシェアとは?特徴とdポイントの貯め方をわかりやすく解説,seikatsu,popular_articles
anshin-security-toha,あんしんセキュリティとは?月額料金と機能をわかりやすく解説,seikatsu,4,4_same_thumb_type,dhealthcare-toha,dヘルスケアとは?歩数・体重記録でdポイントが貯まる仕組みを解説,seikatsu,popular_articles
anshin-security-toha,あんしんセキュリティとは?月額料金と機能をわかりやすく解説,seikatsu,5,4_same_thumb_type,dhits-toha,dヒッツとは?月額300円からの音楽聴き放題サービスを解説,seikatsu,popular_articles
anshin-security-toha,あんしんセキュリティとは?月額料金と機能をわかりやすく解説,seikatsu,6,4_same_thumb_type,dmagazine-toha,dマガジンとは?月額料金と読める雑誌数をわかりやすく解説,seikatsu,popular_articles
anshin-security-toha,あんしんセキュリティとは?月額料金と機能をわかりやすく解説,seikatsu,7,4_same_thumb_type,dmmbooks-toha,DMMブックスとは?特徴とポイントの貯め方をわかりやすく解説,seikatsu,popular_articles
anshin-security-toha,あんしんセキュリティとは?月額料金と機能をわかりやすく解説,seikatsu,8,4_same_thumb_type,dphoto-toha,dフォトとは?毎月フォトブックが届くサービスをわかりやすく解説,seikatsu,popular_articles
anshin-security-toha,あんしんセキュリティとは?月額料金と機能をわかりやすく解説,seikatsu,9,4_same_thumb_type,hikaritv-toha,ひかりTVとは?特徴と料金プランをわかりやすく解説,seikatsu,popular_articles
anshin-security-toha,あんしんセキュリティとは?月額料金と機能をわかりやすく解説,seikatsu,10,4_same_thumb_type,jalan-golf-toha,じゃらんゴルフとは?特徴とポイントの貯め方をわかりやすく解説,seikatsu,popular_articles
app-hitsuyou,ポイ活アプリは必要?初心者におすすめの使い分けと管理方法,app,1,5_category_hub,code-receipt-poikatsu,CODEで商品バーコードを使ったポイ活!レシート登録と案件活用の基本,app,popular_articles
app-hitsuyou,ポイ活アプリは必要?初心者におすすめの使い分けと管理方法,app,2,5_category_hub,reshichare-poikatsu,レシチャレ(旧クラシルリワード)で貯めるポイ活とは?レシート・移動・広告の使い方,app,popular_articles
app-hitsuyou,ポイ活アプリは必要?初心者におすすめの使い分けと管理方法,app,3,6_same_category,one-receipt-poikatsu,ONEでレシートポイ活を始める方法!撮影前に確認したいポイント,app,popular_articles
app-hitsuyou,ポイ活アプリは必要?初心者におすすめの使い分けと管理方法,app,4,6_same_category,torima-idou-poikatsu,トリマで移動ポイ活する方法!歩く・移動する前に知るべき注意点,app,popular_articles
app-hitsuyou,ポイ活アプリは必要?初心者におすすめの使い分けと管理方法,app,5,6_same_category,app-install-anken-poikatsu,アプリインストール案件のポイ活とは?条件達成・アンインストールの注意点を解説,app,popular_articles
app-hitsuyou,ポイ活アプリは必要?初心者におすすめの使い分けと管理方法,app,6,6_same_category,hashport-wallet-poikatsu,HashPort Walletとは?暗号資産・ポイント・NFTを一元管理できるアプリ,app,popular_articles
app-hitsuyou,ポイ活アプリは必要?初心者におすすめの使い分けと管理方法,app,7,6_same_category,hosuu-app-poikatsu,歩数アプリでポイントを貯める方法!健康習慣と節約を両立するコツ,app,popular_articles
app-hitsuyou,ポイ活アプリは必要?初心者におすすめの使い分けと管理方法,app,8,6_same_category,idou-app-erabikata,移動系ポイ活アプリの選び方!歩数・移動距離・広告視聴の違い,app,popular_articles
app-hitsuyou,ポイ活アプリは必要?初心者におすすめの使い分けと管理方法,app,9,6_same_category,receipt-app-poikatsu,レシートアプリでポイ活する方法!買い物後に捨てずに活用するコツ,app,popular_articles
app-hitsuyou,ポイ活アプリは必要?初心者におすすめの使い分けと管理方法,app,10,6_same_category,taxi-app-poikatsu,タクシーアプリでポイ活する方法!クーポンと決済ポイントの使い方,app,popular_articles
app-install-anken-poikatsu,アプリインストール案件のポイ活とは?条件達成・アンインストールの注意点を解説,app,1,4_same_thumb_type,hashport-wallet-poikatsu,HashPort Walletとは?暗号資産・ポイント・NFTを一元管理できるアプリ,app,popular_articles
app-install-anken-poikatsu,アプリインストール案件のポイ活とは?条件達成・アンインストールの注意点を解説,app,2,4_same_thumb_type,receipt-app-poikatsu,レシートアプリでポイ活する方法!買い物後に捨てずに活用するコツ,app,popular_articles
app-install-anken-poikatsu,アプリインストール案件のポイ活とは?条件達成・アンインストールの注意点を解説,app,3,5_category_hub,code-receipt-poikatsu,CODEで商品バーコードを使ったポイ活!レシート登録と案件活用の基本,app,popular_articles
app-install-anken-poikatsu,アプリインストール案件のポイ活とは?条件達成・アンインストールの注意点を解説,app,4,5_category_hub,reshichare-poikatsu,レシチャレ(旧クラシルリワード)で貯めるポイ活とは?レシート・移動・広告の使い方,app,popular_articles
app-install-anken-poikatsu,アプリインストール案件のポイ活とは?条件達成・アンインストールの注意点を解説,app,5,6_same_category,one-receipt-poikatsu,ONEでレシートポイ活を始める方法!撮影前に確認したいポイント,app,popular_articles
app-install-anken-poikatsu,アプリインストール案件のポイ活とは?条件達成・アンインストールの注意点を解説,app,6,6_same_category,torima-idou-poikatsu,トリマで移動ポイ活する方法!歩く・移動する前に知るべき注意点,app,popular_articles
app-install-anken-poikatsu,アプリインストール案件のポイ活とは?条件達成・アンインストールの注意点を解説,app,7,6_same_category,app-hitsuyou,ポイ活アプリは必要?初心者におすすめの使い分けと管理方法,app,popular_articles
app-install-anken-poikatsu,アプリインストール案件のポイ活とは?条件達成・アンインストールの注意点を解説,app,8,6_same_category,hosuu-app-poikatsu,歩数アプリでポイントを貯める方法!健康習慣と節約を両立するコツ,app,popular_articles
app-install-anken-poikatsu,アプリインストール案件のポイ活とは?条件達成・アンインストールの注意点を解説,app,9,6_same_category,idou-app-erabikata,移動系ポイ活アプリの選び方!歩数・移動距離・広告視聴の違い,app,popular_articles
app-install-anken-poikatsu,アプリインストール案件のポイ活とは?条件達成・アンインストールの注意点を解説,app,10,6_same_category,taxi-app-poikatsu,タクシーアプリでポイ活する方法!クーポンと決済ポイントの使い方,app,popular_articles
apple-pay-poikatsu,Apple Payでポイ活する方法!ポイント還元とiD・QUICPay・タッチ決済の違い,creditcard,1,1_own_outbound_link,creditcard-kangenritsu,クレジットカードのポイント還元率とは?1%と0.5%の違いをわかりやすく解説,creditcard,popular_articles
apple-pay-poikatsu,Apple Payでポイ活する方法!ポイント還元とiD・QUICPay・タッチ決済の違い,creditcard,2,1_own_outbound_link,suica-point-tameru,Suicaでポイントを貯める方法!JRE POINT登録から使い方まで解説,shopping,popular_articles
apple-pay-poikatsu,Apple Payでポイ活する方法!ポイント還元とiD・QUICPay・タッチ決済の違い,creditcard,3,1_own_outbound_link,point-niju-sanjudori-kumiawase,ポイント二重取り・三重取りの組み合わせ早見表!おすすめルートを解説,shopping,popular_articles
apple-pay-poikatsu,Apple Payでポイ活する方法!ポイント還元とiD・QUICPay・タッチ決済の違い,creditcard,4,1_own_outbound_link,visa-touch-poikatsu,Visaタッチ決済でポイ活する方法!対象店舗と支払い前の確認ポイント,shopping,popular_articles
apple-pay-poikatsu,Apple Payでポイ活する方法!ポイント還元とiD・QUICPay・タッチ決済の違い,creditcard,5,1_own_outbound_link,sumaho-kessai-poikatsu,スマホ決済でポイ活する方法!PayPay・楽天ペイ・d払いの使い分け,shopping,popular_articles
apple-pay-poikatsu,Apple Payでポイ活する方法!ポイント還元とiD・QUICPay・タッチ決済の違い,creditcard,6,1_own_outbound_link,cashless-setsuyaku,キャッシュレス決済で節約する方法!現金派から始めるポイ活入門,shopping,popular_articles
apple-pay-poikatsu,Apple Payでポイ活する方法!ポイント還元とiD・QUICPay・タッチ決済の違い,creditcard,7,4_same_thumb_type,ana-amex-poikatsu,ANAアメックスが大幅刷新!ゴールド・プレミアムの新特典とマイル還元まとめ,creditcard,popular_articles
apple-pay-poikatsu,Apple Payでポイ活する方法!ポイント還元とiD・QUICPay・タッチ決済の違い,creditcard,8,4_same_thumb_type,dcard-poikatsu,dカードはポイ活におすすめ?dポイントを貯めやすい人の特徴,creditcard,popular_articles
apple-pay-poikatsu,Apple Payでポイ活する方法!ポイント還元とiD・QUICPay・タッチ決済の違い,creditcard,9,4_same_thumb_type,gasoline-point-tameru,ガソリン代でポイントを貯める方法!車利用者向けポイ活の基本,creditcard,popular_articles
apple-pay-poikatsu,Apple Payでポイ活する方法!ポイント還元とiD・QUICPay・タッチ決済の違い,creditcard,10,4_same_thumb_type,hokenryo-point-tameru,保険料でポイントを貯める方法!クレジットカード払いの確認ポイント,creditcard,popular_articles
au-uq-ponta,au・UQユーザーはPontaポイントにまとめるべき?相性の良いサービスを解説,shopping,1,1_own_outbound_link,aupay-ponta,au PAYでPontaポイントを貯める方法!スマホ決済との組み合わせを解説,shopping,popular_articles
au-uq-ponta,au・UQユーザーはPontaポイントにまとめるべき?相性の良いサービスを解説,shopping,2,1_own_outbound_link,lawson-ponta,ローソンでPontaポイントを貯める方法!買い物前に知っておきたい基本,shopping,popular_articles
au-uq-ponta,au・UQユーザーはPontaポイントにまとめるべき?相性の良いサービスを解説,shopping,3,1_own_outbound_link,aupay-furusato-poikatsu,au PAYふるさと納税のPontaポイントは貯まる?2025年10月の変更を解説,seikatsu,popular_articles
au-uq-ponta,au・UQユーザーはPontaポイントにまとめるべき?相性の良いサービスを解説,shopping,4,1_own_outbound_link,docomo-ahamo-dpoint,ドコモ・ahamoユーザーはdポイントにまとめるべき?相性の良いサービスを解説,shopping,popular_articles
au-uq-ponta,au・UQユーザーはPontaポイントにまとめるべき?相性の良いサービスを解説,shopping,5,1_own_outbound_link,dpoint-ponta-hikaku,dポイントとPontaはどっちが得?貯め方・使える店・有効期限を比較,shopping,popular_articles
au-uq-ponta,au・UQユーザーはPontaポイントにまとめるべき?相性の良いサービスを解説,shopping,6,1_own_outbound_link,yosekatsu,ポイ活の新常識!ポイントを分散せず効率よく貯める「寄せ活」の始め方,pointsite,popular_articles
au-uq-ponta,au・UQユーザーはPontaポイントにまとめるべき?相性の良いサービスを解説,shopping,7,1_own_outbound_link,ponta-kiso,Pontaポイントとは?貯め方・使い方・相性の良いサービスを解説,shopping,popular_articles
au-uq-ponta,au・UQユーザーはPontaポイントにまとめるべき?相性の良いサービスを解説,shopping,8,2_inbound_link,ponta-supermarket,Pontaが貯まるスーパー一覧|使える店舗・地域スーパーも比較,shopping,popular_articles
au-uq-ponta,au・UQユーザーはPontaポイントにまとめるべき?相性の良いサービスを解説,shopping,9,3_tag_match,ana-jal-mile-hikaku,ANAマイルとJALマイルはどっち?貯めやすさ・使いやすさを比較,shopping,popular_articles
au-uq-ponta,au・UQユーザーはPontaポイントにまとめるべき?相性の良いサービスを解説,shopping,10,3_tag_match,ana-mileageplus-hikaku,ANAマイルとMileagePlusはどっち?同じスターアライアンスで何が違う?,shopping,popular_articles
auhikari-poikatsu,auひかりとは?NEXT経由の申込みでキャッシュバックが早いって本当?,seikatsu,1,4_same_thumb_type,ahamo-hikari-poikatsu,ahamo光とは?料金・dポイント特典・工事費無料の条件を解説,seikatsu,popular_articles
auhikari-poikatsu,auひかりとは?NEXT経由の申込みでキャッシュバックが早いって本当?,seikatsu,2,4_same_thumb_type,ana-hikari-poikatsu,ANAマイルが貯まる光回線が登場!「ANA光 powered by SoftBank」を徹底解説,seikatsu,popular_articles
auhikari-poikatsu,auひかりとは?NEXT経由の申込みでキャッシュバックが早いって本当?,seikatsu,3,4_same_thumb_type,biglobe-hikari-poikatsu,BIGLOBE光とは?フレッツ光の設備を使った高速・格安光回線を解説,seikatsu,popular_articles
auhikari-poikatsu,auひかりとは?NEXT経由の申込みでキャッシュバックが早いって本当?,seikatsu,4,4_same_thumb_type,docomo-denki-poikatsu,ドコモでんきとは?電気代でdポイントが貯まる仕組みを解説,seikatsu,popular_articles
auhikari-poikatsu,auひかりとは?NEXT経由の申込みでキャッシュバックが早いって本当?,seikatsu,5,4_same_thumb_type,nifty-docomo-hikari-poikatsu,@nifty with ドコモ光とは?キャッシュバックと料金・特典を解説,seikatsu,popular_articles
auhikari-poikatsu,auひかりとは?NEXT経由の申込みでキャッシュバックが早いって本当?,seikatsu,6,4_same_thumb_type,rakuten-hikari-poikatsu,楽天ひかりとは?楽天モバイルとセットで楽天市場ポイントが7倍になる光回線,seikatsu,popular_articles
auhikari-poikatsu,auひかりとは?NEXT経由の申込みでキャッシュバックが早いって本当?,seikatsu,7,4_same_thumb_type,rakuten-mobile-poikatsu,楽天モバイルとは?データ使い放題と楽天ポイント最大+4倍を解説,seikatsu,popular_articles
auhikari-poikatsu,auひかりとは?NEXT経由の申込みでキャッシュバックが早いって本当?,seikatsu,8,4_same_thumb_type,softbank-hikari-poikatsu,SoftBank 光とは?フレッツ光より安い高速光回線とキャッシュバックを解説,seikatsu,popular_articles
auhikari-poikatsu,auひかりとは?NEXT経由の申込みでキャッシュバックが早いって本当?,seikatsu,9,5_category_hub,aupay-furusato-poikatsu,au PAYふるさと納税のPontaポイントは貯まる?2025年10月の変更を解説,seikatsu,popular_articles
auhikari-poikatsu,auひかりとは?NEXT経由の申込みでキャッシュバックが早いって本当?,seikatsu,10,6_same_category,d-value-pass-poikatsu,dバリューパスとは?初月無料で壁紙・待受が使い放題のサブスク,seikatsu,popular_articles
aupay-furusato-poikatsu,au PAYふるさと納税のPontaポイントは貯まる?2025年10月の変更を解説,seikatsu,1,1_own_outbound_link,ponta-tsukaikata,Pontaポイントの使い方とは?店舗・連携・交換まで完全ガイド,,popular_articles
aupay-furusato-poikatsu,au PAYふるさと納税のPontaポイントは貯まる?2025年10月の変更を解説,seikatsu,2,1_own_outbound_link,au-uq-ponta,au・UQユーザーはPontaポイントにまとめるべき?相性の良いサービスを解説,shopping,popular_articles
aupay-furusato-poikatsu,au PAYふるさと納税のPontaポイントは貯まる?2025年10月の変更を解説,seikatsu,3,1_own_outbound_link,furusato-nozei-poikatsu,ふるさと納税でポイ活はできる?ポイント還元と注意点をわかりやすく解説,shopping,popular_articles
aupay-furusato-poikatsu,au PAYふるさと納税のPontaポイントは貯まる?2025年10月の変更を解説,seikatsu,4,2_inbound_link,furusato-portal-erabikata,ふるさと納税ポータルの選び方!ポイント重視で比較する時の注意点,shopping,popular_articles
aupay-furusato-poikatsu,au PAYふるさと納税のPontaポイントは貯まる?2025年10月の変更を解説,seikatsu,5,2_inbound_link,ponta-tamekata,Pontaポイントの貯め方とは?もらう方法・使い方を解説,,popular_articles
aupay-furusato-poikatsu,au PAYふるさと納税のPontaポイントは貯まる?2025年10月の変更を解説,seikatsu,6,3_tag_match,jalan-golf-toha,じゃらんゴルフとは?特徴とポイントの貯め方をわかりやすく解説,seikatsu,popular_articles
aupay-furusato-poikatsu,au PAYふるさと納税のPontaポイントは貯まる?2025年10月の変更を解説,seikatsu,7,5_category_hub,docomo-denki-poikatsu,ドコモでんきとは?電気代でdポイントが貯まる仕組みを解説,seikatsu,popular_articles
aupay-furusato-poikatsu,au PAYふるさと納税のPontaポイントは貯まる?2025年10月の変更を解説,seikatsu,8,6_same_category,rakuten-mobile-poikatsu,楽天モバイルとは?データ使い放題と楽天ポイント最大+4倍を解説,seikatsu,popular_articles
aupay-furusato-poikatsu,au PAYふるさと納税のPontaポイントは貯まる?2025年10月の変更を解説,seikatsu,9,6_same_category,ahamo-hikari-poikatsu,ahamo光とは?料金・dポイント特典・工事費無料の条件を解説,seikatsu,popular_articles
aupay-furusato-poikatsu,au PAYふるさと納税のPontaポイントは貯まる?2025年10月の変更を解説,seikatsu,10,6_same_category,d-value-pass-poikatsu,dバリューパスとは?初月無料で壁紙・待受が使い放題のサブスク,seikatsu,popular_articles
aupay-market-poikatsu,au PAYマーケットでポイントを活用する方法!買い物前の確認ポイント,shopping,1,3_tag_match,au-uq-ponta,au・UQユーザーはPontaポイントにまとめるべき?相性の良いサービスを解説,shopping,popular_articles
aupay-market-poikatsu,au PAYマーケットでポイントを活用する方法!買い物前の確認ポイント,shopping,2,3_tag_match,aupay-market-toha,au PAY マーケットとは?特徴とポイントの貯め方をわかりやすく解説,shopping,popular_articles
aupay-market-poikatsu,au PAYマーケットでポイントを活用する方法!買い物前の確認ポイント,shopping,3,3_tag_match,aupay-ponta,au PAYでPontaポイントを貯める方法!スマホ決済との組み合わせを解説,shopping,popular_articles
aupay-market-poikatsu,au PAYマーケットでポイントを活用する方法!買い物前の確認ポイント,shopping,4,3_tag_match,code-kessai-4sha-hikaku,コード決済4社を徹底比較|PayPay・d払い・楽天ペイ・au PAY,shopping,popular_articles
aupay-market-poikatsu,au PAYマーケットでポイントを活用する方法!買い物前の確認ポイント,shopping,5,3_tag_match,dpoint-ponta-hikaku,dポイントとPontaはどっちが得?貯め方・使える店・有効期限を比較,shopping,popular_articles
aupay-market-poikatsu,au PAYマーケットでポイントを活用する方法!買い物前の確認ポイント,shopping,6,3_tag_match,drugstore-point-hikaku,ドラッグストアのポイントを徹底比較|マツキヨ・ウエルシア・スギ薬局・ツルハなど,shopping,popular_articles
aupay-market-poikatsu,au PAYマーケットでポイントを活用する方法!買い物前の確認ポイント,shopping,7,3_tag_match,kadenryohanten-point-hikaku,家電量販店のポイント比較|還元率・現金値引き・支払い方法を7社で比較,shopping,popular_articles
aupay-market-poikatsu,au PAYマーケットでポイントを活用する方法!買い物前の確認ポイント,shopping,8,3_tag_match,kikangentei-point-5shu-hikaku,期間限定ポイント5種を比較!失効前に使い切る方法,shopping,popular_articles
aupay-market-poikatsu,au PAYマーケットでポイントを活用する方法!買い物前の確認ポイント,shopping,9,3_tag_match,kikangentei-point-tsukaimichi,期間限定ポイントのおすすめ使い道|失効前にすぐ使える交換先ガイド,shopping,popular_articles
aupay-market-poikatsu,au PAYマーケットでポイントを活用する方法!買い物前の確認ポイント,shopping,10,3_tag_match,lawson-ponta,ローソンでPontaポイントを貯める方法!買い物前に知っておきたい基本,shopping,popular_articles
aupay-market-toha,au PAY マーケットとは?特徴とポイントの貯め方をわかりやすく解説,shopping,1,2_inbound_link,net-shopping-point-kiso,ネットショッピングでポイントを貯める方法!楽天・Yahoo・Amazonの基本,shopping,popular_articles
aupay-market-toha,au PAY マーケットとは?特徴とポイントの貯め方をわかりやすく解説,shopping,2,2_inbound_link,ponta-tamekata,Pontaポイントの貯め方とは?もらう方法・使い方を解説,,popular_articles
aupay-market-toha,au PAY マーケットとは?特徴とポイントの貯め方をわかりやすく解説,shopping,3,2_inbound_link,ponta-tsukaikata,Pontaポイントの使い方とは?店舗・連携・交換まで完全ガイド,,popular_articles
aupay-market-toha,au PAY マーケットとは?特徴とポイントの貯め方をわかりやすく解説,shopping,4,3_tag_match,au-uq-ponta,au・UQユーザーはPontaポイントにまとめるべき?相性の良いサービスを解説,shopping,popular_articles
aupay-market-toha,au PAY マーケットとは?特徴とポイントの貯め方をわかりやすく解説,shopping,5,3_tag_match,aupay-market-poikatsu,au PAYマーケットでポイントを活用する方法!買い物前の確認ポイント,shopping,popular_articles
aupay-market-toha,au PAY マーケットとは?特徴とポイントの貯め方をわかりやすく解説,shopping,6,3_tag_match,aupay-ponta,au PAYでPontaポイントを貯める方法!スマホ決済との組み合わせを解説,shopping,popular_articles
aupay-market-toha,au PAY マーケットとは?特徴とポイントの貯め方をわかりやすく解説,shopping,7,3_tag_match,code-kessai-4sha-hikaku,コード決済4社を徹底比較|PayPay・d払い・楽天ペイ・au PAY,shopping,popular_articles
aupay-market-toha,au PAY マーケットとは?特徴とポイントの貯め方をわかりやすく解説,shopping,8,3_tag_match,dpoint-ponta-hikaku,dポイントとPontaはどっちが得?貯め方・使える店・有効期限を比較,shopping,popular_articles
aupay-market-toha,au PAY マーケットとは?特徴とポイントの貯め方をわかりやすく解説,shopping,9,3_tag_match,drugstore-point-hikaku,ドラッグストアのポイントを徹底比較|マツキヨ・ウエルシア・スギ薬局・ツルハなど,shopping,popular_articles
aupay-market-toha,au PAY マーケットとは?特徴とポイントの貯め方をわかりやすく解説,shopping,10,3_tag_match,kadenryohanten-point-hikaku,家電量販店のポイント比較|還元率・現金値引き・支払い方法を7社で比較,shopping,popular_articles
aupay-ponta,au PAYでPontaポイントを貯める方法!スマホ決済との組み合わせを解説,shopping,1,2_inbound_link,au-uq-ponta,au・UQユーザーはPontaポイントにまとめるべき?相性の良いサービスを解説,shopping,popular_articles
aupay-ponta,au PAYでPontaポイントを貯める方法!スマホ決済との組み合わせを解説,shopping,2,2_inbound_link,ponta-tamekata,Pontaポイントの貯め方とは?もらう方法・使い方を解説,,popular_articles
aupay-ponta,au PAYでPontaポイントを貯める方法!スマホ決済との組み合わせを解説,shopping,3,2_inbound_link,ponta-tsukaikata,Pontaポイントの使い方とは?店舗・連携・交換まで完全ガイド,,popular_articles
aupay-ponta,au PAYでPontaポイントを貯める方法!スマホ決済との組み合わせを解説,shopping,4,3_tag_match,aupay-market-poikatsu,au PAYマーケットでポイントを活用する方法!買い物前の確認ポイント,shopping,popular_articles
aupay-ponta,au PAYでPontaポイントを貯める方法!スマホ決済との組み合わせを解説,shopping,5,3_tag_match,aupay-market-toha,au PAY マーケットとは?特徴とポイントの貯め方をわかりやすく解説,shopping,popular_articles
aupay-ponta,au PAYでPontaポイントを貯める方法!スマホ決済との組み合わせを解説,shopping,6,3_tag_match,code-kessai-4sha-hikaku,コード決済4社を徹底比較|PayPay・d払い・楽天ペイ・au PAY,shopping,popular_articles
aupay-ponta,au PAYでPontaポイントを貯める方法!スマホ決済との組み合わせを解説,shopping,7,3_tag_match,dpoint-ponta-hikaku,dポイントとPontaはどっちが得?貯め方・使える店・有効期限を比較,shopping,popular_articles
aupay-ponta,au PAYでPontaポイントを貯める方法!スマホ決済との組み合わせを解説,shopping,8,3_tag_match,drugstore-point-hikaku,ドラッグストアのポイントを徹底比較|マツキヨ・ウエルシア・スギ薬局・ツルハなど,shopping,popular_articles
aupay-ponta,au PAYでPontaポイントを貯める方法!スマホ決済との組み合わせを解説,shopping,9,3_tag_match,kadenryohanten-point-hikaku,家電量販店のポイント比較|還元率・現金値引き・支払い方法を7社で比較,shopping,popular_articles
aupay-ponta,au PAYでPontaポイントを貯める方法!スマホ決済との組み合わせを解説,shopping,10,3_tag_match,kikangentei-point-5shu-hikaku,期間限定ポイント5種を比較!失効前に使い切る方法,shopping,popular_articles
biccamera-toha,ビックカメラ.comとは?特徴とポイントの貯め方をわかりやすく解説,shopping,1,4_same_thumb_type,amazon-tsuhan-toha,Amazonとは?特徴とポイントの貯め方をわかりやすく解説,shopping,popular_articles
biccamera-toha,ビックカメラ.comとは?特徴とポイントの貯め方をわかりやすく解説,shopping,2,4_same_thumb_type,aupay-market-toha,au PAY マーケットとは?特徴とポイントの貯め方をわかりやすく解説,shopping,popular_articles
biccamera-toha,ビックカメラ.comとは?特徴とポイントの貯め方をわかりやすく解説,shopping,3,4_same_thumb_type,charge-route-point,チャージルートでポイントを増やす考え方!複雑にしすぎない決済設計,shopping,popular_articles
biccamera-toha,ビックカメラ.comとは?特徴とポイントの貯め方をわかりやすく解説,shopping,4,4_same_thumb_type,daimaru-matsuzakaya-toha,大丸松坂屋オンラインストアとは?特徴とポイントの貯め方をわかりやすく解説,shopping,popular_articles
biccamera-toha,ビックカメラ.comとは?特徴とポイントの貯め方をわかりやすく解説,shopping,5,4_same_thumb_type,docomo-select-toha,docomo selectとは?スマホアクセサリー購入とdポイントを解説,shopping,popular_articles
biccamera-toha,ビックカメラ.comとは?特徴とポイントの貯め方をわかりやすく解説,shopping,6,4_same_thumb_type,dpoint-tsukaimichi,dポイントのおすすめの使い道!コンビニ・ドラッグストア・ネットで使う方法,shopping,popular_articles
biccamera-toha,ビックカメラ.comとは?特徴とポイントの貯め方をわかりやすく解説,shopping,7,4_same_thumb_type,dshopping-toha,dショッピングとは?特徴とポイントの貯め方をわかりやすく解説,shopping,popular_articles
biccamera-toha,ビックカメラ.comとは?特徴とポイントの貯め方をわかりやすく解説,shopping,8,4_same_thumb_type,ec-current-poikatsu,ECカレントとは?家電通販の特徴とポイント制度を解説,shopping,popular_articles
biccamera-toha,ビックカメラ.comとは?特徴とポイントの貯め方をわかりやすく解説,shopping,9,4_same_thumb_type,hikkoshi-poikatsu,引っ越しでポイ活する方法!見積もり・家具購入・手続きの確認ポイント,shopping,popular_articles
biccamera-toha,ビックカメラ.comとは?特徴とポイントの貯め方をわかりやすく解説,shopping,10,4_same_thumb_type,irisplaza-toha,アイリスプラザとは?特徴とポイントの貯め方をわかりやすく解説,shopping,popular_articles
biglobe-hikari-poikatsu,BIGLOBE光とは?フレッツ光の設備を使った高速・格安光回線を解説,seikatsu,1,4_same_thumb_type,ahamo-hikari-poikatsu,ahamo光とは?料金・dポイント特典・工事費無料の条件を解説,seikatsu,popular_articles
biglobe-hikari-poikatsu,BIGLOBE光とは?フレッツ光の設備を使った高速・格安光回線を解説,seikatsu,2,4_same_thumb_type,ana-hikari-poikatsu,ANAマイルが貯まる光回線が登場!「ANA光 powered by SoftBank」を徹底解説,seikatsu,popular_articles
biglobe-hikari-poikatsu,BIGLOBE光とは?フレッツ光の設備を使った高速・格安光回線を解説,seikatsu,3,4_same_thumb_type,auhikari-poikatsu,auひかりとは?NEXT経由の申込みでキャッシュバックが早いって本当?,seikatsu,popular_articles
biglobe-hikari-poikatsu,BIGLOBE光とは?フレッツ光の設備を使った高速・格安光回線を解説,seikatsu,4,4_same_thumb_type,docomo-denki-poikatsu,ドコモでんきとは?電気代でdポイントが貯まる仕組みを解説,seikatsu,popular_articles
biglobe-hikari-poikatsu,BIGLOBE光とは?フレッツ光の設備を使った高速・格安光回線を解説,seikatsu,5,4_same_thumb_type,nifty-docomo-hikari-poikatsu,@nifty with ドコモ光とは?キャッシュバックと料金・特典を解説,seikatsu,popular_articles
biglobe-hikari-poikatsu,BIGLOBE光とは?フレッツ光の設備を使った高速・格安光回線を解説,seikatsu,6,4_same_thumb_type,rakuten-hikari-poikatsu,楽天ひかりとは?楽天モバイルとセットで楽天市場ポイントが7倍になる光回線,seikatsu,popular_articles
biglobe-hikari-poikatsu,BIGLOBE光とは?フレッツ光の設備を使った高速・格安光回線を解説,seikatsu,7,4_same_thumb_type,rakuten-mobile-poikatsu,楽天モバイルとは?データ使い放題と楽天ポイント最大+4倍を解説,seikatsu,popular_articles
biglobe-hikari-poikatsu,BIGLOBE光とは?フレッツ光の設備を使った高速・格安光回線を解説,seikatsu,8,4_same_thumb_type,softbank-hikari-poikatsu,SoftBank 光とは?フレッツ光より安い高速光回線とキャッシュバックを解説,seikatsu,popular_articles
biglobe-hikari-poikatsu,BIGLOBE光とは?フレッツ光の設備を使った高速・格安光回線を解説,seikatsu,9,5_category_hub,aupay-furusato-poikatsu,au PAYふるさと納税のPontaポイントは貯まる?2025年10月の変更を解説,seikatsu,popular_articles
biglobe-hikari-poikatsu,BIGLOBE光とは?フレッツ光の設備を使った高速・格安光回線を解説,seikatsu,10,6_same_category,d-value-pass-poikatsu,dバリューパスとは?初月無料で壁紙・待受が使い放題のサブスク,seikatsu,popular_articles
biyouin-salon-point,美容院・サロン代をポイントで節約!予約前に見るべき条件と使い方,shopping,1,4_same_thumb_type,aupay-market-poikatsu,au PAYマーケットでポイントを活用する方法!買い物前の確認ポイント,shopping,popular_articles
biyouin-salon-point,美容院・サロン代をポイントで節約!予約前に見るべき条件と使い方,shopping,2,4_same_thumb_type,aupay-ponta,au PAYでPontaポイントを貯める方法!スマホ決済との組み合わせを解説,shopping,popular_articles
biyouin-salon-point,美容院・サロン代をポイントで節約!予約前に見るべき条件と使い方,shopping,3,4_same_thumb_type,coke-on-setsuyaku,Coke ONで飲み物代を節約する方法!スタンプ・チケット活用の基本,shopping,popular_articles
biyouin-salon-point,美容院・サロン代をポイントで節約!予約前に見るべき条件と使い方,shopping,4,4_same_thumb_type,demaecan-poikatsu,出前館でポイ活する方法!注文前に確認したい割引とポイント,shopping,popular_articles
biyouin-salon-point,美容院・サロン代をポイントで節約!予約前に見るべき条件と使い方,shopping,5,4_same_thumb_type,doutor-tullys-poikatsu,ドトール・タリーズでポイ活する方法!カフェ利用時の支払い術,shopping,popular_articles
biyouin-salon-point,美容院・サロン代をポイントで節約!予約前に見るべき条件と使い方,shopping,6,4_same_thumb_type,dpoint-d-harai,d払いでdポイントを貯める方法!日常決済で活用するコツ,shopping,popular_articles
biyouin-salon-point,美容院・サロン代をポイントで節約!予約前に見るべき条件と使い方,shopping,7,4_same_thumb_type,drugstore-poikatsu,ドラッグストアでポイ活する方法!日用品・薬・コスメでポイントを貯める,shopping,popular_articles
biyouin-salon-point,美容院・サロン代をポイントで節約!予約前に見るべき条件と使い方,shopping,8,4_same_thumb_type,famiresu-cafe-point,ファミレス・カフェでポイントを貯める方法!外食前のアプリ確認術,shopping,popular_articles
biyouin-salon-point,美容院・サロン代をポイントで節約!予約前に見るべき条件と使い方,shopping,9,4_same_thumb_type,gaishoku-point-tameru,外食でポイントを貯める方法!予約サイト・決済・アプリ活用の基本,shopping,popular_articles
biyouin-salon-point,美容院・サロン代をポイントで節約!予約前に見るべき条件と使い方,shopping,10,4_same_thumb_type,homecenter-app-katsuyou,ホームセンターの会員アプリ活用術!DIY用品と日用品をお得に買う方法,shopping,popular_articles
black-friday-poikatsu,ブラックフライデーで失敗しないポイ活!買うものリストと上限確認の基本,campaign,1,4_same_thumb_type,airtrip-tsukaikata,エアトリで旅行予約ポイ活!航空券購入前に見るべき費用とポイント,campaign,popular_articles
black-friday-poikatsu,ブラックフライデーで失敗しないポイ活!買うものリストと上限確認の基本,campaign,2,4_same_thumb_type,ame-heijitsu-campaign-poikatsu,雨の日・平日限定キャンペーンのポイ活術!条件を見落とさないコツ,campaign,popular_articles
black-friday-poikatsu,ブラックフライデーで失敗しないポイ活!買うものリストと上限確認の基本,campaign,3,4_same_thumb_type,poikatsu-campaign-shippai-boushi,ポイ活キャンペーンで失敗しない方法!エントリー忘れと上限に注意,campaign,popular_articles
black-friday-poikatsu,ブラックフライデーで失敗しないポイ活!買うものリストと上限確認の基本,campaign,4,4_same_thumb_type,rakuten-travel-supersale-poikatsu,楽天トラベルスーパーセールで失敗しないポイ活!予約前チェックリスト,campaign,popular_articles
black-friday-poikatsu,ブラックフライデーで失敗しないポイ活!買うものリストと上限確認の基本,campaign,5,4_same_thumb_type,yahoo-travel-tsukaikata,Yahoo!トラベルでポイントを活用する方法!宿泊予約前の確認ポイント,campaign,popular_articles
black-friday-poikatsu,ブラックフライデーで失敗しないポイ活!買うものリストと上限確認の基本,campaign,6,5_category_hub,jalan-net-poikatsu,じゃらんnetとは?宿・ホテル予約でポイントが貯まる仕組みを解説,campaign,popular_articles
black-friday-poikatsu,ブラックフライデーで失敗しないポイ活!買うものリストと上限確認の基本,campaign,7,5_category_hub,yahoo-travel-poikatsu,Yahoo!トラベルとは?PayPayポイントが貯まる・使える宿泊予約サービス,campaign,popular_articles
black-friday-poikatsu,ブラックフライデーで失敗しないポイ活!買うものリストと上限確認の基本,campaign,8,6_same_category,paypay-campaign-katsuyo,PayPayでポイントを効率よく貯める方法!キャンペーン活用の基本,campaign,popular_articles
black-friday-poikatsu,ブラックフライデーで失敗しないポイ活!買うものリストと上限確認の基本,campaign,9,6_same_category,airtrip-poikatsu,エアトリポイントの使い道は?貯め方・有効期限をわかりやすく解説,campaign,popular_articles
black-friday-poikatsu,ブラックフライデーで失敗しないポイ活!買うものリストと上限確認の基本,campaign,10,6_same_category,jalan-tsukaikata,じゃらんでポイ活する方法!宿泊・遊び体験予約でポイントを貯めるコツ,campaign,popular_articles
bonus-tsuki-poikatsu-keikaku,ボーナス月のポイ活計画!大きな買い物で損しない予算管理,campaign,1,4_same_thumb_type,fukubukuro-hatsuuri-poikatsu,福袋・初売りでポイ活する方法!お得に見えて損しない選び方,campaign,popular_articles
bonus-tsuki-poikatsu-keikaku,ボーナス月のポイ活計画!大きな買い物で損しない予算管理,campaign,2,4_same_thumb_type,fuyujitaku-poikatsu,冬支度のポイ活術!暖房家電・防寒用品をお得に準備する方法,campaign,popular_articles
bonus-tsuki-poikatsu-keikaku,ボーナス月のポイ活計画!大きな買い物で損しない予算管理,campaign,3,4_same_thumb_type,ikkyu-poikatsu,一休.comでお得に予約する考え方!高級宿・レストラン利用時のポイント,campaign,popular_articles
bonus-tsuki-poikatsu-keikaku,ボーナス月のポイ活計画!大きな買い物で損しない予算管理,campaign,4,4_same_thumb_type,jcb-airmacau-campaign-2026,JCB×マカオ航空キャンペーン!日本発マカオ行き航空券が8%OFF【2026年9〜10月】,campaign,popular_articles
bonus-tsuki-poikatsu-keikaku,ボーナス月のポイ活計画!大きな買い物で損しない予算管理,campaign,5,4_same_thumb_type,kakuyasu-sim-norikae-poikatsu,格安SIM乗り換えでポイ活する方法!通信費を下げながら得する流れ,campaign,popular_articles
bonus-tsuki-poikatsu-keikaku,ボーナス月のポイ活計画!大きな買い物で損しない予算管理,campaign,6,4_same_thumb_type,kessan-sale-poikatsu,決算セールでポイ活する方法!家電・日用品をお得に買う判断基準,campaign,popular_articles
bonus-tsuki-poikatsu-keikaku,ボーナス月のポイ活計画!大きな買い物で損しない予算管理,campaign,7,4_same_thumb_type,natsuyasumi-poikatsu-junbi,夏休み前のポイ活準備!旅行・レジャー・日用品を計画的に買う方法,campaign,popular_articles
bonus-tsuki-poikatsu-keikaku,ボーナス月のポイ活計画!大きな買い物で損しない予算管理,campaign,8,4_same_thumb_type,nenmatsunenshi-poikatsu,年末年始のポイ活術!帰省・おせち・初売りで使える節約ポイント,campaign,popular_articles
bonus-tsuki-poikatsu-keikaku,ボーナス月のポイ活計画!大きな買い物で損しない予算管理,campaign,9,4_same_thumb_type,paypay-campaign-katsuyo,PayPayでポイントを効率よく貯める方法!キャンペーン活用の基本,campaign,popular_articles
bonus-tsuki-poikatsu-keikaku,ボーナス月のポイ活計画!大きな買い物で損しない予算管理,campaign,10,4_same_thumb_type,paypay-jichitai-campaign-2026,【2026年10月〜】PayPay自治体キャンペーンまとめ!都城市・宮古島市の還元率・上限を解説,campaign,popular_articles
bousai-goods-poikatsu,防災グッズ購入でポイ活する方法!備蓄を無駄なくそろえるコツ,shopping,1,4_same_thumb_type,abc-mart-poikatsu,ABC-MARTでポイ活する方法!靴購入時のアプリ・決済チェック,shopping,popular_articles
bousai-goods-poikatsu,防災グッズ購入でポイ活する方法!備蓄を無駄なくそろえるコツ,shopping,2,4_same_thumb_type,cashless-setsuyaku,キャッシュレス決済で節約する方法!現金派から始めるポイ活入門,shopping,popular_articles
bousai-goods-poikatsu,防災グッズ購入でポイ活する方法!備蓄を無駄なくそろえるコツ,shopping,3,4_same_thumb_type,dpoint-kiso,dポイントの貯め方を初心者向けに解説!ドコモ以外の人でも使える?,shopping,popular_articles
bousai-goods-poikatsu,防災グッズ購入でポイ活する方法!備蓄を無駄なくそろえるコツ,shopping,4,4_same_thumb_type,hasuu-shiharai-point,端数支払いでポイントを使う方法!少額ポイントを無駄にしないコツ,shopping,popular_articles
bousai-goods-poikatsu,防災グッズ購入でポイ活する方法!備蓄を無駄なくそろえるコツ,shopping,5,4_same_thumb_type,hyakkaten-depart-poikatsu,百貨店のポイントを比較!高島屋・三越伊勢丹・大丸松坂屋など,shopping,popular_articles
bousai-goods-poikatsu,防災グッズ購入でポイ活する方法!備蓄を無駄なくそろえるコツ,shopping,6,4_same_thumb_type,kikangentei-point-tsukaimichi,期間限定ポイントのおすすめ使い道|失効前にすぐ使える交換先ガイド,shopping,popular_articles
bousai-goods-poikatsu,防災グッズ購入でポイ活する方法!備蓄を無駄なくそろえるコツ,shopping,7,4_same_thumb_type,nanaco-point-kiso,nanacoポイントの貯め方と使い方!セブン系で活用する基本,shopping,popular_articles
bousai-goods-poikatsu,防災グッズ購入でポイ活する方法!備蓄を無駄なくそろえるコツ,shopping,8,4_same_thumb_type,net-shopping-point-kiso,ネットショッピングでポイントを貯める方法!楽天・Yahoo・Amazonの基本,shopping,popular_articles
bousai-goods-poikatsu,防災グッズ購入でポイ活する方法!備蓄を無駄なくそろえるコツ,shopping,9,4_same_thumb_type,nyuugaku-shingaku-junbi-point,入学・進学準備でポイントを貯める方法!学用品購入の節約術,shopping,popular_articles
bousai-goods-poikatsu,防災グッズ購入でポイ活する方法!備蓄を無駄なくそろえるコツ,shopping,10,4_same_thumb_type,paypay-point-kiso,PayPayポイントとは?貯め方・使い方・注意点を初心者向けに解説,shopping,popular_articles
browser-kakuchou-poikatsu,ブラウザ拡張機能でポイ活を便利にする方法!使いすぎない管理術,pointsite,1,5_category_hub,yosekatsu,ポイ活の新常識!ポイントを分散せず効率よく貯める「寄せ活」の始め方,pointsite,popular_articles
browser-kakuchou-poikatsu,ブラウザ拡張機能でポイ活を便利にする方法!使いすぎない管理術,pointsite,2,5_category_hub,poikatsu-kiso,ポイ活とは?初心者が最初に知っておきたい仕組みと始め方,pointsite,popular_articles
browser-kakuchou-poikatsu,ブラウザ拡張機能でポイ活を便利にする方法!使いすぎない管理術,pointsite,3,6_same_category,hapitas-poikatsu,ハピタスとは?ポイント還元率・交換方法・登録方法をわかりやすく解説,pointsite,popular_articles
browser-kakuchou-poikatsu,ブラウザ拡張機能でポイ活を便利にする方法!使いすぎない管理術,pointsite,4,6_same_category,keiyu-wasure-boushi,ポイントサイト経由忘れを防ぐ方法!買い物前チェックを習慣化するコツ,pointsite,popular_articles
browser-kakuchou-poikatsu,ブラウザ拡張機能でポイ活を便利にする方法!使いすぎない管理術,pointsite,5,6_same_category,moppy-hajimekata,モッピーでポイ活を始める方法!高還元案件を見る前の確認ポイント,pointsite,popular_articles
browser-kakuchou-poikatsu,ブラウザ拡張機能でポイ活を便利にする方法!使いすぎない管理術,pointsite,6,6_same_category,pointsite-kyakka-genin,ポイントサイトで却下される原因は?承認条件の読み方を初心者向けに解説,pointsite,popular_articles
browser-kakuchou-poikatsu,ブラウザ拡張機能でポイ活を便利にする方法!使いすぎない管理術,pointsite,7,6_same_category,chobirich-poikatsu,ちょびリッチとは?評判・特徴からポイントの貯め方まで徹底解説,pointsite,popular_articles
browser-kakuchou-poikatsu,ブラウザ拡張機能でポイ活を便利にする方法!使いすぎない管理術,pointsite,8,6_same_category,ecnavi-poikatsu,ECナビとは?多彩な方法でポイントが貯まるポイントサイトの特徴を解説,pointsite,popular_articles
browser-kakuchou-poikatsu,ブラウザ拡張機能でポイ活を便利にする方法!使いすぎない管理術,pointsite,9,6_same_category,koteihi-sukunai-poikatsu,固定費が少ない人のポイ活術!少額支出でも効率よく貯める方法,pointsite,popular_articles
browser-kakuchou-poikatsu,ブラウザ拡張機能でポイ活を便利にする方法!使いすぎない管理術,pointsite,10,6_same_category,nifty-point-club-poikatsu,ニフティポイントクラブの活用術!ネット利用者向けのポイ活基本,pointsite,popular_articles
busnoru-poikatsu,バスのるとは?高速バス予約と「バスのるポイント」を解説,seikatsu,1,4_same_thumb_type,ahamo-toha,ahamoとは?月額料金とdポイントの貯め方をわかりやすく解説,seikatsu,popular_articles
busnoru-poikatsu,バスのるとは?高速バス予約と「バスのるポイント」を解説,seikatsu,2,4_same_thumb_type,anshin-security-toha,あんしんセキュリティとは?月額料金と機能をわかりやすく解説,seikatsu,popular_articles
busnoru-poikatsu,バスのるとは?高速バス予約と「バスのるポイント」を解説,seikatsu,3,4_same_thumb_type,dcarshare-toha,dカーシェアとは?特徴とdポイントの貯め方をわかりやすく解説,seikatsu,popular_articles
busnoru-poikatsu,バスのるとは?高速バス予約と「バスのるポイント」を解説,seikatsu,4,4_same_thumb_type,dhealthcare-toha,dヘルスケアとは?歩数・体重記録でdポイントが貯まる仕組みを解説,seikatsu,popular_articles
busnoru-poikatsu,バスのるとは?高速バス予約と「バスのるポイント」を解説,seikatsu,5,4_same_thumb_type,dhits-toha,dヒッツとは?月額300円からの音楽聴き放題サービスを解説,seikatsu,popular_articles
busnoru-poikatsu,バスのるとは?高速バス予約と「バスのるポイント」を解説,seikatsu,6,4_same_thumb_type,dmagazine-toha,dマガジンとは?月額料金と読める雑誌数をわかりやすく解説,seikatsu,popular_articles
busnoru-poikatsu,バスのるとは?高速バス予約と「バスのるポイント」を解説,seikatsu,7,4_same_thumb_type,dmmbooks-toha,DMMブックスとは?特徴とポイントの貯め方をわかりやすく解説,seikatsu,popular_articles
busnoru-poikatsu,バスのるとは?高速バス予約と「バスのるポイント」を解説,seikatsu,8,4_same_thumb_type,dphoto-toha,dフォトとは?毎月フォトブックが届くサービスをわかりやすく解説,seikatsu,popular_articles
busnoru-poikatsu,バスのるとは?高速バス予約と「バスのるポイント」を解説,seikatsu,9,4_same_thumb_type,hikaritv-toha,ひかりTVとは?特徴と料金プランをわかりやすく解説,seikatsu,popular_articles
busnoru-poikatsu,バスのるとは?高速バス予約と「バスのるポイント」を解説,seikatsu,10,4_same_thumb_type,jalan-golf-toha,じゃらんゴルフとは?特徴とポイントの貯め方をわかりやすく解説,seikatsu,popular_articles
campaign-memo-tsukurikata,キャンペーンメモの作り方!エントリー忘れを減らすポイ活管理術,pointsite,1,4_same_thumb_type,entry-calendar-tsukurikata,エントリーカレンダーの作り方!毎月のポイ活予定を見える化する,pointsite,popular_articles
campaign-memo-tsukurikata,キャンペーンメモの作り方!エントリー忘れを減らすポイ活管理術,pointsite,2,4_same_thumb_type,fuyoyotei-point-mieruka,付与予定ポイントの見える化術!反映待ちを忘れないチェック習慣,pointsite,popular_articles
campaign-memo-tsukurikata,キャンペーンメモの作り方!エントリー忘れを減らすポイ活管理術,pointsite,3,4_same_thumb_type,gendama-poikatsu,げん玉とは?ポイントの貯め方・交換方法をわかりやすく解説,pointsite,popular_articles
campaign-memo-tsukurikata,キャンペーンメモの作り方!エントリー忘れを減らすポイ活管理術,pointsite,4,4_same_thumb_type,hitorigurashi-poikatsu,一人暮らしのポイ活術!固定費と日用品をポイントで節約する方法,pointsite,popular_articles
campaign-memo-tsukurikata,キャンペーンメモの作り方!エントリー忘れを減らすポイ活管理術,pointsite,5,4_same_thumb_type,isogashii-kaishain-shuumatsu-poikatsu,忙しい会社員の週末ポイ活ルーティン!平日に追わない管理方法,pointsite,popular_articles
campaign-memo-tsukurikata,キャンペーンメモの作り方!エントリー忘れを減らすポイ活管理術,pointsite,6,4_same_thumb_type,poikatsu-kakeibo,ポイ活を家計簿に活かす方法!ポイントを収入ではなく節約として管理する,pointsite,popular_articles
campaign-memo-tsukurikata,キャンペーンメモの作り方!エントリー忘れを減らすポイ活管理術,pointsite,7,4_same_thumb_type,poikatsu-minaoshi-timing,ポイ活の見直しタイミングはいつ?使わないサービスを整理する方法,pointsite,popular_articles
campaign-memo-tsukurikata,キャンペーンメモの作り方!エントリー忘れを減らすポイ活管理術,pointsite,8,4_same_thumb_type,poikatsu-yuusenjyuni,ポイ活の優先順位を決める方法!時間効率の良い案件と買い物の選び方,pointsite,popular_articles
campaign-memo-tsukurikata,キャンペーンメモの作り方!エントリー忘れを減らすポイ活管理術,pointsite,9,4_same_thumb_type,point-shuushihyou-tsukurikata,ポイント収支表の作り方!貯める・使う・失効を見える化する方法,pointsite,popular_articles
campaign-memo-tsukurikata,キャンペーンメモの作り方!エントリー忘れを減らすポイ活管理術,pointsite,10,4_same_thumb_type,point-toiawase-junbi,ポイント問い合わせの準備方法!必要情報をそろえてスムーズに確認する,pointsite,popular_articles
carshare-point-katsuyou,カーシェアでポイ活する方法とは?短時間利用の節約ポイントを解説,shopping,1,4_same_thumb_type,ana-jal-mile-hikaku,ANAマイルとJALマイルはどっち?貯めやすさ・使いやすさを比較,shopping,popular_articles
carshare-point-katsuyou,カーシェアでポイ活する方法とは?短時間利用の節約ポイントを解説,shopping,2,4_same_thumb_type,ana-mile-tameru-kachi,ANAマイルを貯めるべき人・貯めない方がいい人を解説,shopping,popular_articles
carshare-point-katsuyou,カーシェアでポイ活する方法とは?短時間利用の節約ポイントを解説,shopping,3,4_same_thumb_type,ana-mileageplus-hikaku,ANAマイルとMileagePlusはどっち?同じスターアライアンスで何が違う?,shopping,popular_articles
carshare-point-katsuyou,カーシェアでポイ活する方法とは?短時間利用の節約ポイントを解説,shopping,4,4_same_thumb_type,au-uq-ponta,au・UQユーザーはPontaポイントにまとめるべき?相性の良いサービスを解説,shopping,popular_articles
carshare-point-katsuyou,カーシェアでポイ活する方法とは?短時間利用の節約ポイントを解説,shopping,5,4_same_thumb_type,cleaning-poikatsu,クリーニング代でポイントを貯める方法!宅配と店舗を比較するコツ,shopping,popular_articles
carshare-point-katsuyou,カーシェアでポイ活する方法とは?短時間利用の節約ポイントを解説,shopping,6,4_same_thumb_type,code-kessai-4sha-hikaku,コード決済4社を徹底比較|PayPay・d払い・楽天ペイ・au PAY,shopping,popular_articles
carshare-point-katsuyou,カーシェアでポイ活する方法とは?短時間利用の節約ポイントを解説,shopping,7,4_same_thumb_type,d-point-supermarket,dポイントが貯まるスーパー一覧|使える店舗・地域スーパーも比較,shopping,popular_articles
carshare-point-katsuyou,カーシェアでポイ活する方法とは?短時間利用の節約ポイントを解説,shopping,8,4_same_thumb_type,denryoku-norikae-point,電力会社乗り換えでポイントを貯める方法!料金比較と特典の見方,shopping,popular_articles
carshare-point-katsuyou,カーシェアでポイ活する方法とは?短時間利用の節約ポイントを解説,shopping,9,4_same_thumb_type,docomo-ahamo-dpoint,ドコモ・ahamoユーザーはdポイントにまとめるべき?相性の良いサービスを解説,shopping,popular_articles
carshare-point-katsuyou,カーシェアでポイ活する方法とは?短時間利用の節約ポイントを解説,shopping,10,4_same_thumb_type,doramori-point,ドラッグストアモリのポイントを解説|ポイントデー・使い方・キャッシュレス時の条件,shopping,popular_articles
cashless-fuan-poikatsu,キャッシュレスが不安な人向けポイ活!現金感覚で使うための管理方法,pointsite,1,4_same_thumb_type,gakusei-poikatsu,学生でもできるポイ活!お金をかけずに始める安全な方法,pointsite,popular_articles
cashless-fuan-poikatsu,キャッシュレスが不安な人向けポイ活!現金感覚で使うための管理方法,pointsite,2,4_same_thumb_type,hapitas-tsukaikata,ハピタスの使い方を初心者向けに解説!案件選びとポイント交換の基本,pointsite,popular_articles
cashless-fuan-poikatsu,キャッシュレスが不安な人向けポイ活!現金感覚で使うための管理方法,pointsite,3,4_same_thumb_type,kaimono-nigate-poikatsu,買い物が苦手な人のポイ活術!比較しすぎずに得するシンプル運用,pointsite,popular_articles
cashless-fuan-poikatsu,キャッシュレスが不安な人向けポイ活!現金感覚で使うための管理方法,pointsite,4,4_same_thumb_type,kosodate-setai-poikatsu,子育て世帯のポイ活術!おむつ・ミルク・学用品をお得に買う方法,pointsite,popular_articles
cashless-fuan-poikatsu,キャッシュレスが不安な人向けポイ活!現金感覚で使うための管理方法,pointsite,5,4_same_thumb_type,koteihi-sukunai-poikatsu,固定費が少ない人のポイ活術!少額支出でも効率よく貯める方法,pointsite,popular_articles
cashless-fuan-poikatsu,キャッシュレスが不安な人向けポイ活!現金感覚で使うための管理方法,pointsite,6,4_same_thumb_type,kurumanashi-seikatsu-poikatsu,車なし生活のポイ活術!交通・ネット通販・日用品で節約する方法,pointsite,popular_articles
cashless-fuan-poikatsu,キャッシュレスが不安な人向けポイ活!現金感覚で使うための管理方法,pointsite,7,4_same_thumb_type,minimalist-poikatsu,ミニマリスト向けポイ活!買わない生活でもポイントを活かす方法,pointsite,popular_articles
cashless-fuan-poikatsu,キャッシュレスが不安な人向けポイ活!現金感覚で使うための管理方法,pointsite,8,4_same_thumb_type,poikatsu-mail-tsuuchi-seiri,ポイ活メール通知の整理術!必要なキャンペーンだけ見逃さない方法,pointsite,popular_articles
cashless-fuan-poikatsu,キャッシュレスが不安な人向けポイ活!現金感覚で使うための管理方法,pointsite,9,4_same_thumb_type,poikatsu-senyou-mail-hitsuyou,ポイ活専用メールアドレスは必要?登録管理をラクにする考え方,pointsite,popular_articles
cashless-fuan-poikatsu,キャッシュレスが不安な人向けポイ活!現金感覚で使うための管理方法,pointsite,10,4_same_thumb_type,poikatsu-taikai-mae-kakunin,ポイ活サービスを退会する前に確認すること!ポイント失効を防ぐ手順,pointsite,popular_articles
cashless-setsuyaku,キャッシュレス決済で節約する方法!現金派から始めるポイ活入門,shopping,1,2_inbound_link,apple-pay-poikatsu,Apple Payでポイ活する方法!ポイント還元とiD・QUICPay・タッチ決済の違い,creditcard,popular_articles
cashless-setsuyaku,キャッシュレス決済で節約する方法!現金派から始めるポイ活入門,shopping,2,4_same_thumb_type,abc-mart-poikatsu,ABC-MARTでポイ活する方法!靴購入時のアプリ・決済チェック,shopping,popular_articles
cashless-setsuyaku,キャッシュレス決済で節約する方法!現金派から始めるポイ活入門,shopping,3,4_same_thumb_type,bousai-goods-poikatsu,防災グッズ購入でポイ活する方法!備蓄を無駄なくそろえるコツ,shopping,popular_articles
cashless-setsuyaku,キャッシュレス決済で節約する方法!現金派から始めるポイ活入門,shopping,4,4_same_thumb_type,dpoint-kiso,dポイントの貯め方を初心者向けに解説!ドコモ以外の人でも使える?,shopping,popular_articles
cashless-setsuyaku,キャッシュレス決済で節約する方法!現金派から始めるポイ活入門,shopping,5,4_same_thumb_type,hasuu-shiharai-point,端数支払いでポイントを使う方法!少額ポイントを無駄にしないコツ,shopping,popular_articles
cashless-setsuyaku,キャッシュレス決済で節約する方法!現金派から始めるポイ活入門,shopping,6,4_same_thumb_type,hyakkaten-depart-poikatsu,百貨店のポイントを比較!高島屋・三越伊勢丹・大丸松坂屋など,shopping,popular_articles
cashless-setsuyaku,キャッシュレス決済で節約する方法!現金派から始めるポイ活入門,shopping,7,4_same_thumb_type,kikangentei-point-tsukaimichi,期間限定ポイントのおすすめ使い道|失効前にすぐ使える交換先ガイド,shopping,popular_articles
cashless-setsuyaku,キャッシュレス決済で節約する方法!現金派から始めるポイ活入門,shopping,8,4_same_thumb_type,nanaco-point-kiso,nanacoポイントの貯め方と使い方!セブン系で活用する基本,shopping,popular_articles
cashless-setsuyaku,キャッシュレス決済で節約する方法!現金派から始めるポイ活入門,shopping,9,4_same_thumb_type,net-shopping-point-kiso,ネットショッピングでポイントを貯める方法!楽天・Yahoo・Amazonの基本,shopping,popular_articles
cashless-setsuyaku,キャッシュレス決済で節約する方法!現金派から始めるポイ活入門,shopping,10,4_same_thumb_type,nyuugaku-shingaku-junbi-point,入学・進学準備でポイントを貯める方法!学用品購入の節約術,shopping,popular_articles
charge-route-point,チャージルートでポイントを増やす考え方!複雑にしすぎない決済設計,shopping,1,1_own_outbound_link,point-niju-sanjudori-kumiawase,ポイント二重取り・三重取りの組み合わせ早見表!おすすめルートを解説,shopping,popular_articles
charge-route-point,チャージルートでポイントを増やす考え方!複雑にしすぎない決済設計,shopping,2,4_same_thumb_type,amazon-tsuhan-toha,Amazonとは?特徴とポイントの貯め方をわかりやすく解説,shopping,popular_articles
charge-route-point,チャージルートでポイントを増やす考え方!複雑にしすぎない決済設計,shopping,3,4_same_thumb_type,aupay-market-toha,au PAY マーケットとは?特徴とポイントの貯め方をわかりやすく解説,shopping,popular_articles
charge-route-point,チャージルートでポイントを増やす考え方!複雑にしすぎない決済設計,shopping,4,4_same_thumb_type,biccamera-toha,ビックカメラ.comとは?特徴とポイントの貯め方をわかりやすく解説,shopping,popular_articles
charge-route-point,チャージルートでポイントを増やす考え方!複雑にしすぎない決済設計,shopping,5,4_same_thumb_type,daimaru-matsuzakaya-toha,大丸松坂屋オンラインストアとは?特徴とポイントの貯め方をわかりやすく解説,shopping,popular_articles
charge-route-point,チャージルートでポイントを増やす考え方!複雑にしすぎない決済設計,shopping,6,4_same_thumb_type,docomo-select-toha,docomo selectとは?スマホアクセサリー購入とdポイントを解説,shopping,popular_articles
charge-route-point,チャージルートでポイントを増やす考え方!複雑にしすぎない決済設計,shopping,7,4_same_thumb_type,dpoint-tsukaimichi,dポイントのおすすめの使い道!コンビニ・ドラッグストア・ネットで使う方法,shopping,popular_articles
charge-route-point,チャージルートでポイントを増やす考え方!複雑にしすぎない決済設計,shopping,8,4_same_thumb_type,dshopping-toha,dショッピングとは?特徴とポイントの貯め方をわかりやすく解説,shopping,popular_articles
charge-route-point,チャージルートでポイントを増やす考え方!複雑にしすぎない決済設計,shopping,9,4_same_thumb_type,ec-current-poikatsu,ECカレントとは?家電通販の特徴とポイント制度を解説,shopping,popular_articles
charge-route-point,チャージルートでポイントを増やす考え方!複雑にしすぎない決済設計,shopping,10,4_same_thumb_type,hikkoshi-poikatsu,引っ越しでポイ活する方法!見積もり・家具購入・手続きの確認ポイント,shopping,popular_articles
chihou-zaijuu-poikatsu,地方在住者のポイ活術!使える店舗が少ない時のポイント活用法,pointsite,1,4_same_thumb_type,hoken-soudan-anken-poikatsu,保険相談案件のポイ活とは?面談前に知っておきたいメリットと注意点,pointsite,popular_articles
chihou-zaijuu-poikatsu,地方在住者のポイ活術!使える店舗が少ない時のポイント活用法,pointsite,2,4_same_thumb_type,kaigai-zaijuu-point-kanri,海外在住者が日本のポイントを管理する方法!帰国時に使う前提の考え方,pointsite,popular_articles
chihou-zaijuu-poikatsu,地方在住者のポイ活術!使える店舗が少ない時のポイント活用法,pointsite,3,4_same_thumb_type,kazoku-account-poikatsu-chuui,家族アカウントでポイ活する時の注意点!規約確認とトラブル防止,pointsite,popular_articles
chihou-zaijuu-poikatsu,地方在住者のポイ活術!使える店舗が少ない時のポイント活用法,pointsite,4,4_same_thumb_type,keiyu-wasure-boushi,ポイントサイト経由忘れを防ぐ方法!買い物前チェックを習慣化するコツ,pointsite,popular_articles
chihou-zaijuu-poikatsu,地方在住者のポイ活術!使える店舗が少ない時のポイント活用法,pointsite,5,4_same_thumb_type,poikatsu-demerit,ポイ活のデメリットとは?時間・個人情報・無駄買いのリスクを解説,pointsite,popular_articles
chihou-zaijuu-poikatsu,地方在住者のポイ活術!使える店舗が少ない時のポイント活用法,pointsite,6,4_same_thumb_type,poikatsu-kojinjouhou-mamoru,ポイ活で個人情報を守る方法!登録前に確認したい安全チェック,pointsite,popular_articles
chihou-zaijuu-poikatsu,地方在住者のポイ活術!使える店舗が少ない時のポイント活用法,pointsite,7,4_same_thumb_type,poikatsu-kuchikomi-shinyou,ポイ活の口コミは信用できる?体験談を見る時のチェックポイント,pointsite,popular_articles
chihou-zaijuu-poikatsu,地方在住者のポイ活術!使える店舗が少ない時のポイント活用法,pointsite,8,4_same_thumb_type,poikatsu-muki-fumuki,ポイ活で節約できる人・できない人の違い!向き不向きを解説,pointsite,popular_articles
chihou-zaijuu-poikatsu,地方在住者のポイ活術!使える店舗が少ない時のポイント活用法,pointsite,9,4_same_thumb_type,poikatsu-yattehaikenai-koto,ポイ活でやってはいけないこと!規約違反・不正利用・危険な案件に注意,pointsite,popular_articles
chihou-zaijuu-poikatsu,地方在住者のポイ活術!使える店舗が少ない時のポイント活用法,pointsite,10,4_same_thumb_type,pointsite-kougaku-anken,ポイントサイトの高額案件を見る前に!口座開設・カード案件の注意点,pointsite,popular_articles
chobirich-poikatsu,ちょびリッチとは?評判・特徴からポイントの貯め方まで徹底解説,pointsite,1,2_inbound_link,pointsite-kyakka-genin,ポイントサイトで却下される原因は?承認条件の読み方を初心者向けに解説,pointsite,popular_articles
chobirich-poikatsu,ちょびリッチとは?評判・特徴からポイントの貯め方まで徹底解説,pointsite,2,4_same_thumb_type,amefri-poikatsu,アメフリとは?すきま時間で貯まるポイントサイトの特徴を解説,pointsite,popular_articles
chobirich-poikatsu,ちょびリッチとは?評判・特徴からポイントの貯め方まで徹底解説,pointsite,3,4_same_thumb_type,chobirich-tsukaikata,ちょびリッチの使い方!ポイントサイト初心者が見るべき案件と交換先,pointsite,popular_articles
chobirich-poikatsu,ちょびリッチとは?評判・特徴からポイントの貯め方まで徹底解説,pointsite,4,4_same_thumb_type,ecnavi-poikatsu,ECナビとは?多彩な方法でポイントが貯まるポイントサイトの特徴を解説,pointsite,popular_articles
chobirich-poikatsu,ちょびリッチとは?評判・特徴からポイントの貯め方まで徹底解説,pointsite,5,4_same_thumb_type,ecnavi-tsukaikata,ECナビでポイントを貯める方法!アンケートと買い物を組み合わせるコツ,pointsite,popular_articles
chobirich-poikatsu,ちょびリッチとは?評判・特徴からポイントの貯め方まで徹底解説,pointsite,6,4_same_thumb_type,hapitas-poikatsu,ハピタスとは?ポイント還元率・交換方法・登録方法をわかりやすく解説,pointsite,popular_articles
chobirich-poikatsu,ちょびリッチとは?評判・特徴からポイントの貯め方まで徹底解説,pointsite,7,4_same_thumb_type,moppy-hajimekata,モッピーでポイ活を始める方法!高還元案件を見る前の確認ポイント,pointsite,popular_articles
chobirich-poikatsu,ちょびリッチとは?評判・特徴からポイントの貯め方まで徹底解説,pointsite,8,4_same_thumb_type,muryou-kaiin-touroku-poikatsu,無料会員登録案件でポイ活する方法とは?登録前後の確認ポイントを解説,pointsite,popular_articles
chobirich-poikatsu,ちょびリッチとは?評判・特徴からポイントの貯め方まで徹底解説,pointsite,9,4_same_thumb_type,nifty-point-club-poikatsu,ニフティポイントクラブの活用術!ネット利用者向けのポイ活基本,pointsite,popular_articles
chobirich-poikatsu,ちょびリッチとは?評判・特徴からポイントの貯め方まで徹底解説,pointsite,10,4_same_thumb_type,point-museum-poikatsu,ポイントミュージアムとは?安全性・交換条件・特徴をわかりやすく解説,pointsite,popular_articles
chobirich-tsukaikata,ちょびリッチの使い方!ポイントサイト初心者が見るべき案件と交換先,pointsite,1,4_same_thumb_type,amefri-poikatsu,アメフリとは?すきま時間で貯まるポイントサイトの特徴を解説,pointsite,popular_articles
chobirich-tsukaikata,ちょびリッチの使い方!ポイントサイト初心者が見るべき案件と交換先,pointsite,2,4_same_thumb_type,chobirich-poikatsu,ちょびリッチとは?評判・特徴からポイントの貯め方まで徹底解説,pointsite,popular_articles
chobirich-tsukaikata,ちょびリッチの使い方!ポイントサイト初心者が見るべき案件と交換先,pointsite,3,4_same_thumb_type,ecnavi-poikatsu,ECナビとは?多彩な方法でポイントが貯まるポイントサイトの特徴を解説,pointsite,popular_articles
chobirich-tsukaikata,ちょびリッチの使い方!ポイントサイト初心者が見るべき案件と交換先,pointsite,4,4_same_thumb_type,ecnavi-tsukaikata,ECナビでポイントを貯める方法!アンケートと買い物を組み合わせるコツ,pointsite,popular_articles
chobirich-tsukaikata,ちょびリッチの使い方!ポイントサイト初心者が見るべき案件と交換先,pointsite,5,4_same_thumb_type,hapitas-poikatsu,ハピタスとは?ポイント還元率・交換方法・登録方法をわかりやすく解説,pointsite,popular_articles
chobirich-tsukaikata,ちょびリッチの使い方!ポイントサイト初心者が見るべき案件と交換先,pointsite,6,4_same_thumb_type,moppy-hajimekata,モッピーでポイ活を始める方法!高還元案件を見る前の確認ポイント,pointsite,popular_articles
chobirich-tsukaikata,ちょびリッチの使い方!ポイントサイト初心者が見るべき案件と交換先,pointsite,7,4_same_thumb_type,muryou-kaiin-touroku-poikatsu,無料会員登録案件でポイ活する方法とは?登録前後の確認ポイントを解説,pointsite,popular_articles
chobirich-tsukaikata,ちょびリッチの使い方!ポイントサイト初心者が見るべき案件と交換先,pointsite,8,4_same_thumb_type,nifty-point-club-poikatsu,ニフティポイントクラブの活用術!ネット利用者向けのポイ活基本,pointsite,popular_articles
chobirich-tsukaikata,ちょびリッチの使い方!ポイントサイト初心者が見るべき案件と交換先,pointsite,9,4_same_thumb_type,point-museum-poikatsu,ポイントミュージアムとは?安全性・交換条件・特徴をわかりやすく解説,pointsite,popular_articles
chobirich-tsukaikata,ちょびリッチの使い方!ポイントサイト初心者が見るべき案件と交換先,pointsite,10,4_same_thumb_type,pointincome-poikatsu,ポイントインカムとは?アプリでも貯まるポイントサイトの特徴を解説,pointsite,popular_articles
chuushajou-yoyaku-poikatsu,駐車場予約サービスでポイ活する方法!イベント前に確認したい条件,shopping,1,4_same_thumb_type,amazon-gift-charge,Amazonギフト券チャージで損しない考え方!支払い方法と使い切りのコツ,shopping,popular_articles
chuushajou-yoyaku-poikatsu,駐車場予約サービスでポイ活する方法!イベント前に確認したい条件,shopping,2,4_same_thumb_type,amazon-poikatsu,Amazonでポイ活はできる?ポイントを貯める方法と注意点を解説,shopping,popular_articles
chuushajou-yoyaku-poikatsu,駐車場予約サービスでポイ活する方法!イベント前に確認したい条件,shopping,3,4_same_thumb_type,dpoint-hanei-sarenai,dポイントが反映されない原因は?dポイントマーケットの確認方法も解説,shopping,popular_articles
chuushajou-yoyaku-poikatsu,駐車場予約サービスでポイ活する方法!イベント前に確認したい条件,shopping,4,4_same_thumb_type,furusato-nozei-poikatsu,ふるさと納税でポイ活はできる?ポイント還元と注意点をわかりやすく解説,shopping,popular_articles
chuushajou-yoyaku-poikatsu,駐車場予約サービスでポイ活する方法!イベント前に確認したい条件,shopping,5,4_same_thumb_type,game-kakin-point,ゲーム課金でポイントを貯める方法!Apple・Google残高利用時の注意,shopping,popular_articles
chuushajou-yoyaku-poikatsu,駐車場予約サービスでポイ活する方法!イベント前に確認したい条件,shopping,6,4_same_thumb_type,halloween-yohin-poikatsu,ハロウィン用品でポイ活する方法!衣装・お菓子を買いすぎないコツ,shopping,popular_articles
chuushajou-yoyaku-poikatsu,駐車場予約サービスでポイ活する方法!イベント前に確認したい条件,shopping,7,4_same_thumb_type,hikkoshi-seikatsuyohin-poikatsu,引越し後の生活用品で使えるポイ活術!支出が増える前に確認したい節約ポイント,shopping,popular_articles
chuushajou-yoyaku-poikatsu,駐車場予約サービスでポイ活する方法!イベント前に確認したい条件,shopping,8,4_same_thumb_type,iryouhi-shohouyaku-point,医療費・処方薬でポイントは貯まる?支払い前に確認したい注意点,shopping,popular_articles
chuushajou-yoyaku-poikatsu,駐車場予約サービスでポイ活する方法!イベント前に確認したい条件,shopping,9,4_same_thumb_type,koukyou-ryokin-poikatsu,電気・ガス・水道でポイントは貯まる?公共料金ポイ活の基本,shopping,popular_articles
chuushajou-yoyaku-poikatsu,駐車場予約サービスでポイ活する方法!イベント前に確認したい条件,shopping,10,4_same_thumb_type,maebarai-shisugi-poikatsu,前払いしすぎないポイ活術!ポイント目当ての出費を防ぐ考え方,shopping,popular_articles
cleaning-poikatsu,クリーニング代でポイントを貯める方法!宅配と店舗を比較するコツ,shopping,1,2_inbound_link,hikkoshi-seikatsuyohin-poikatsu,引越し後の生活用品で使えるポイ活術!支出が増える前に確認したい節約ポイント,shopping,popular_articles
cleaning-poikatsu,クリーニング代でポイントを貯める方法!宅配と店舗を比較するコツ,shopping,2,3_tag_match,ana-jal-mile-hikaku,ANAマイルとJALマイルはどっち?貯めやすさ・使いやすさを比較,shopping,popular_articles
cleaning-poikatsu,クリーニング代でポイントを貯める方法!宅配と店舗を比較するコツ,shopping,3,3_tag_match,ana-mileageplus-hikaku,ANAマイルとMileagePlusはどっち?同じスターアライアンスで何が違う?,shopping,popular_articles
cleaning-poikatsu,クリーニング代でポイントを貯める方法!宅配と店舗を比較するコツ,shopping,4,3_tag_match,au-uq-ponta,au・UQユーザーはPontaポイントにまとめるべき?相性の良いサービスを解説,shopping,popular_articles
cleaning-poikatsu,クリーニング代でポイントを貯める方法!宅配と店舗を比較するコツ,shopping,5,3_tag_match,code-kessai-4sha-hikaku,コード決済4社を徹底比較|PayPay・d払い・楽天ペイ・au PAY,shopping,popular_articles
cleaning-poikatsu,クリーニング代でポイントを貯める方法!宅配と店舗を比較するコツ,shopping,6,3_tag_match,docomo-ahamo-dpoint,ドコモ・ahamoユーザーはdポイントにまとめるべき?相性の良いサービスを解説,shopping,popular_articles
cleaning-poikatsu,クリーニング代でポイントを貯める方法!宅配と店舗を比較するコツ,shopping,7,3_tag_match,dpoint-ponta-hikaku,dポイントとPontaはどっちが得?貯め方・使える店・有効期限を比較,shopping,popular_articles
cleaning-poikatsu,クリーニング代でポイントを貯める方法!宅配と店舗を比較するコツ,shopping,8,3_tag_match,net-super-poikatsu,ネットスーパーのポイントを比較|Ponta・楽天・WAON POINTなど対応状況を解説,shopping,popular_articles
cleaning-poikatsu,クリーニング代でポイントを貯める方法!宅配と店舗を比較するコツ,shopping,9,3_tag_match,paypay-vpoint-koukan,PayPayポイント⇄Vポイント相互交換ガイド|レート・手順・注意点,shopping,popular_articles
cleaning-poikatsu,クリーニング代でポイントを貯める方法!宅配と店舗を比較するコツ,shopping,10,3_tag_match,rakuten-mobile-rakuten-point,楽天モバイルなら楽天ポイントにまとめるべき?楽天経済圏との相性を解説,shopping,popular_articles
code-kessai-4sha-hikaku,コード決済4社を徹底比較|PayPay・d払い・楽天ペイ・au PAY,shopping,1,1_own_outbound_link,sumaho-kessai-poikatsu,スマホ決済でポイ活する方法!PayPay・楽天ペイ・d払いの使い分け,shopping,popular_articles
code-kessai-4sha-hikaku,コード決済4社を徹底比較|PayPay・d払い・楽天ペイ・au PAY,shopping,2,1_own_outbound_link,qr-kessai-poikatsu,QRコード決済でポイントを貯める方法!支払い前のチェックポイント,shopping,popular_articles
code-kessai-4sha-hikaku,コード決済4社を徹底比較|PayPay・d払い・楽天ペイ・au PAY,shopping,3,3_tag_match,ana-jal-mile-hikaku,ANAマイルとJALマイルはどっち?貯めやすさ・使いやすさを比較,shopping,popular_articles
code-kessai-4sha-hikaku,コード決済4社を徹底比較|PayPay・d払い・楽天ペイ・au PAY,shopping,4,3_tag_match,ana-mileageplus-hikaku,ANAマイルとMileagePlusはどっち?同じスターアライアンスで何が違う?,shopping,popular_articles
code-kessai-4sha-hikaku,コード決済4社を徹底比較|PayPay・d払い・楽天ペイ・au PAY,shopping,5,3_tag_match,au-uq-ponta,au・UQユーザーはPontaポイントにまとめるべき?相性の良いサービスを解説,shopping,popular_articles
code-kessai-4sha-hikaku,コード決済4社を徹底比較|PayPay・d払い・楽天ペイ・au PAY,shopping,6,3_tag_match,aupay-market-poikatsu,au PAYマーケットでポイントを活用する方法!買い物前の確認ポイント,shopping,popular_articles
code-kessai-4sha-hikaku,コード決済4社を徹底比較|PayPay・d払い・楽天ペイ・au PAY,shopping,7,3_tag_match,aupay-market-toha,au PAY マーケットとは?特徴とポイントの貯め方をわかりやすく解説,shopping,popular_articles
code-kessai-4sha-hikaku,コード決済4社を徹底比較|PayPay・d払い・楽天ペイ・au PAY,shopping,8,3_tag_match,aupay-ponta,au PAYでPontaポイントを貯める方法!スマホ決済との組み合わせを解説,shopping,popular_articles
code-kessai-4sha-hikaku,コード決済4社を徹底比較|PayPay・d払い・楽天ペイ・au PAY,shopping,9,3_tag_match,cleaning-poikatsu,クリーニング代でポイントを貯める方法!宅配と店舗を比較するコツ,shopping,popular_articles
code-kessai-4sha-hikaku,コード決済4社を徹底比較|PayPay・d払い・楽天ペイ・au PAY,shopping,10,3_tag_match,d-point-supermarket,dポイントが貯まるスーパー一覧|使える店舗・地域スーパーも比較,shopping,popular_articles
code-receipt-poikatsu,CODEで商品バーコードを使ったポイ活!レシート登録と案件活用の基本,app,1,2_inbound_link,idou-app-erabikata,移動系ポイ活アプリの選び方!歩数・移動距離・広告視聴の違い,app,popular_articles
code-receipt-poikatsu,CODEで商品バーコードを使ったポイ活!レシート登録と案件活用の基本,app,2,2_inbound_link,receipt-app-poikatsu,レシートアプリでポイ活する方法!買い物後に捨てずに活用するコツ,app,popular_articles
code-receipt-poikatsu,CODEで商品バーコードを使ったポイ活!レシート登録と案件活用の基本,app,3,4_same_thumb_type,one-receipt-poikatsu,ONEでレシートポイ活を始める方法!撮影前に確認したいポイント,app,popular_articles
code-receipt-poikatsu,CODEで商品バーコードを使ったポイ活!レシート登録と案件活用の基本,app,4,4_same_thumb_type,reshichare-poikatsu,レシチャレ(旧クラシルリワード)で貯めるポイ活とは?レシート・移動・広告の使い方,app,popular_articles
code-receipt-poikatsu,CODEで商品バーコードを使ったポイ活!レシート登録と案件活用の基本,app,5,4_same_thumb_type,taxi-app-poikatsu,タクシーアプリでポイ活する方法!クーポンと決済ポイントの使い方,app,popular_articles
code-receipt-poikatsu,CODEで商品バーコードを使ったポイ活!レシート登録と案件活用の基本,app,6,4_same_thumb_type,tiktok-lite-poikatsu,TikTok Liteのポイ活はどう使う?登録前に確認したい条件と注意点,app,popular_articles
code-receipt-poikatsu,CODEで商品バーコードを使ったポイ活!レシート登録と案件活用の基本,app,7,4_same_thumb_type,torima-idou-poikatsu,トリマで移動ポイ活する方法!歩く・移動する前に知るべき注意点,app,popular_articles
code-receipt-poikatsu,CODEで商品バーコードを使ったポイ活!レシート登録と案件活用の基本,app,8,6_same_category,app-hitsuyou,ポイ活アプリは必要?初心者におすすめの使い分けと管理方法,app,popular_articles
code-receipt-poikatsu,CODEで商品バーコードを使ったポイ活!レシート登録と案件活用の基本,app,9,6_same_category,app-install-anken-poikatsu,アプリインストール案件のポイ活とは?条件達成・アンインストールの注意点を解説,app,popular_articles
code-receipt-poikatsu,CODEで商品バーコードを使ったポイ活!レシート登録と案件活用の基本,app,10,6_same_category,hashport-wallet-poikatsu,HashPort Walletとは?暗号資産・ポイント・NFTを一元管理できるアプリ,app,popular_articles
coke-on-setsuyaku,Coke ONで飲み物代を節約する方法!スタンプ・チケット活用の基本,shopping,1,4_same_thumb_type,aupay-market-poikatsu,au PAYマーケットでポイントを活用する方法!買い物前の確認ポイント,shopping,popular_articles
coke-on-setsuyaku,Coke ONで飲み物代を節約する方法!スタンプ・チケット活用の基本,shopping,2,4_same_thumb_type,aupay-ponta,au PAYでPontaポイントを貯める方法!スマホ決済との組み合わせを解説,shopping,popular_articles
coke-on-setsuyaku,Coke ONで飲み物代を節約する方法!スタンプ・チケット活用の基本,shopping,3,4_same_thumb_type,biyouin-salon-point,美容院・サロン代をポイントで節約!予約前に見るべき条件と使い方,shopping,popular_articles
coke-on-setsuyaku,Coke ONで飲み物代を節約する方法!スタンプ・チケット活用の基本,shopping,4,4_same_thumb_type,demaecan-poikatsu,出前館でポイ活する方法!注文前に確認したい割引とポイント,shopping,popular_articles
coke-on-setsuyaku,Coke ONで飲み物代を節約する方法!スタンプ・チケット活用の基本,shopping,5,4_same_thumb_type,doutor-tullys-poikatsu,ドトール・タリーズでポイ活する方法!カフェ利用時の支払い術,shopping,popular_articles
coke-on-setsuyaku,Coke ONで飲み物代を節約する方法!スタンプ・チケット活用の基本,shopping,6,4_same_thumb_type,dpoint-d-harai,d払いでdポイントを貯める方法!日常決済で活用するコツ,shopping,popular_articles
coke-on-setsuyaku,Coke ONで飲み物代を節約する方法!スタンプ・チケット活用の基本,shopping,7,4_same_thumb_type,drugstore-poikatsu,ドラッグストアでポイ活する方法!日用品・薬・コスメでポイントを貯める,shopping,popular_articles
coke-on-setsuyaku,Coke ONで飲み物代を節約する方法!スタンプ・チケット活用の基本,shopping,8,4_same_thumb_type,famiresu-cafe-point,ファミレス・カフェでポイントを貯める方法!外食前のアプリ確認術,shopping,popular_articles
coke-on-setsuyaku,Coke ONで飲み物代を節約する方法!スタンプ・チケット活用の基本,shopping,9,4_same_thumb_type,gaishoku-point-tameru,外食でポイントを貯める方法!予約サイト・決済・アプリ活用の基本,shopping,popular_articles
coke-on-setsuyaku,Coke ONで飲み物代を節約する方法!スタンプ・チケット活用の基本,shopping,10,4_same_thumb_type,homecenter-app-katsuyou,ホームセンターの会員アプリ活用術!DIY用品と日用品をお得に買う方法,shopping,popular_articles
cosmo-opus-card-poikatsu,コスモ・ザ・カード・オーパスとは?ガソリン割引の特徴を解説,creditcard,1,4_same_thumb_type,epos-card-poikatsu,エポスカードとは?年会費無料の特徴とマルイでの優待を解説,creditcard,popular_articles
cosmo-opus-card-poikatsu,コスモ・ザ・カード・オーパスとは?ガソリン割引の特徴を解説,creditcard,2,4_same_thumb_type,nexus-card-poikatsu,Nexus Cardとは?特徴と申込前に確認したいポイントを解説,creditcard,popular_articles
cosmo-opus-card-poikatsu,コスモ・ザ・カード・オーパスとは?ガソリン割引の特徴を解説,creditcard,3,4_same_thumb_type,odakyu-point-card-poikatsu,小田急ポイントカードとは?OPポイントの貯め方を解説,creditcard,popular_articles
cosmo-opus-card-poikatsu,コスモ・ザ・カード・オーパスとは?ガソリン割引の特徴を解説,creditcard,4,5_category_hub,rakuten-card-poikatsu,楽天カードはポイ活に向いている?メリットと注意点を初心者向けに解説,creditcard,popular_articles
cosmo-opus-card-poikatsu,コスモ・ザ・カード・オーパスとは?ガソリン割引の特徴を解説,creditcard,5,5_category_hub,dcard-poikatsu,dカードはポイ活におすすめ?dポイントを貯めやすい人の特徴,creditcard,popular_articles
cosmo-opus-card-poikatsu,コスモ・ザ・カード・オーパスとは?ガソリン割引の特徴を解説,creditcard,6,6_same_category,mitsui-sumitomo-card-vpoint,三井住友カードでVポイントを貯める方法!対象店舗とタッチ決済の基本,creditcard,popular_articles
cosmo-opus-card-poikatsu,コスモ・ザ・カード・オーパスとは?ガソリン割引の特徴を解説,creditcard,7,6_same_category,credit-card-mile-hikaku,マイルが貯まるクレジットカード比較|ANA・JALの還元と移行条件,creditcard,popular_articles
cosmo-opus-card-poikatsu,コスモ・ザ・カード・オーパスとは?ガソリン割引の特徴を解説,creditcard,8,6_same_category,ana-amex-poikatsu,ANAアメックスが大幅刷新!ゴールド・プレミアムの新特典とマイル還元まとめ,creditcard,popular_articles
cosmo-opus-card-poikatsu,コスモ・ザ・カード・オーパスとは?ガソリン割引の特徴を解説,creditcard,9,6_same_category,credit-card-common-point-hikaku,共通ポイント別クレジットカード比較|d・楽天・Ponta・Vポイントで選ぶ,creditcard,popular_articles
cosmo-opus-card-poikatsu,コスモ・ザ・カード・オーパスとは?ガソリン割引の特徴を解説,creditcard,10,6_same_category,credit-card-point-hikaku,クレジットカードのポイントを徹底比較|還元率・年会費・使い道で選ぶ,creditcard,popular_articles
creca-tsumitate-point,クレカ積立でポイントは貯まる?投資前に知りたい基本と注意点,creditcard,1,4_same_thumb_type,creditcard-hakkou-anken-poikatsu,クレジットカード発行案件のポイ活術!申し込み前に確認すべきこと,creditcard,popular_articles
creca-tsumitate-point,クレカ積立でポイントは貯まる?投資前に知りたい基本と注意点,creditcard,2,4_same_thumb_type,creditcard-tsukurisugi-chuui,クレジットカードを作りすぎると危険?ポイ活で注意したい信用情報の基本,creditcard,popular_articles
creca-tsumitate-point,クレカ積立でポイントは貯まる?投資前に知りたい基本と注意点,creditcard,3,4_same_thumb_type,zeikin-shiharai-point,税金支払いでポイントを貯める方法はある?手数料と還元率の考え方,creditcard,popular_articles
creca-tsumitate-point,クレカ積立でポイントは貯まる?投資前に知りたい基本と注意点,creditcard,4,5_category_hub,rakuten-card-poikatsu,楽天カードはポイ活に向いている?メリットと注意点を初心者向けに解説,creditcard,popular_articles
creca-tsumitate-point,クレカ積立でポイントは貯まる?投資前に知りたい基本と注意点,creditcard,5,5_category_hub,dcard-poikatsu,dカードはポイ活におすすめ?dポイントを貯めやすい人の特徴,creditcard,popular_articles
creca-tsumitate-point,クレカ積立でポイントは貯まる?投資前に知りたい基本と注意点,creditcard,6,6_same_category,mitsui-sumitomo-card-vpoint,三井住友カードでVポイントを貯める方法!対象店舗とタッチ決済の基本,creditcard,popular_articles
creca-tsumitate-point,クレカ積立でポイントは貯まる?投資前に知りたい基本と注意点,creditcard,7,6_same_category,credit-card-mile-hikaku,マイルが貯まるクレジットカード比較|ANA・JALの還元と移行条件,creditcard,popular_articles
creca-tsumitate-point,クレカ積立でポイントは貯まる?投資前に知りたい基本と注意点,creditcard,8,6_same_category,ana-amex-poikatsu,ANAアメックスが大幅刷新!ゴールド・プレミアムの新特典とマイル還元まとめ,creditcard,popular_articles
creca-tsumitate-point,クレカ積立でポイントは貯まる?投資前に知りたい基本と注意点,creditcard,9,6_same_category,credit-card-common-point-hikaku,共通ポイント別クレジットカード比較|d・楽天・Ponta・Vポイントで選ぶ,creditcard,popular_articles
creca-tsumitate-point,クレカ積立でポイントは貯まる?投資前に知りたい基本と注意点,creditcard,10,6_same_category,credit-card-point-hikaku,クレジットカードのポイントを徹底比較|還元率・年会費・使い道で選ぶ,creditcard,popular_articles
credit-card-common-point-hikaku,共通ポイント別クレジットカード比較|d・楽天・Ponta・Vポイントで選ぶ,creditcard,1,1_own_outbound_link,dcard-poikatsu,dカードはポイ活におすすめ?dポイントを貯めやすい人の特徴,creditcard,popular_articles
credit-card-common-point-hikaku,共通ポイント別クレジットカード比較|d・楽天・Ponta・Vポイントで選ぶ,creditcard,2,1_own_outbound_link,rakuten-card-poikatsu,楽天カードはポイ活に向いている?メリットと注意点を初心者向けに解説,creditcard,popular_articles
credit-card-common-point-hikaku,共通ポイント別クレジットカード比較|d・楽天・Ponta・Vポイントで選ぶ,creditcard,3,1_own_outbound_link,mitsui-sumitomo-card-vpoint,三井住友カードでVポイントを貯める方法!対象店舗とタッチ決済の基本,creditcard,popular_articles
credit-card-common-point-hikaku,共通ポイント別クレジットカード比較|d・楽天・Ponta・Vポイントで選ぶ,creditcard,4,1_own_outbound_link,credit-card-point-hikaku,クレジットカードのポイントを徹底比較|還元率・年会費・使い道で選ぶ,creditcard,popular_articles
credit-card-common-point-hikaku,共通ポイント別クレジットカード比較|d・楽天・Ponta・Vポイントで選ぶ,creditcard,5,1_own_outbound_link,credit-card-mile-hikaku,マイルが貯まるクレジットカード比較|ANA・JALの還元と移行条件,creditcard,popular_articles
credit-card-common-point-hikaku,共通ポイント別クレジットカード比較|d・楽天・Ponta・Vポイントで選ぶ,creditcard,6,3_tag_match,keitai-ryokin-point,携帯料金でポイント還元!ドコモ・ソフトバンク・au・楽天モバイル別お得な貯め方ガイド,creditcard,popular_articles
credit-card-common-point-hikaku,共通ポイント別クレジットカード比較|d・楽天・Ponta・Vポイントで選ぶ,creditcard,7,4_same_thumb_type,creditcard-erabikata,ポイ活向けクレジットカードの選び方!初心者が見るべき5つのポイント,creditcard,popular_articles
credit-card-common-point-hikaku,共通ポイント別クレジットカード比較|d・楽天・Ponta・Vポイントで選ぶ,creditcard,8,4_same_thumb_type,creditcard-kangenritsu,クレジットカードのポイント還元率とは?1%と0.5%の違いをわかりやすく解説,creditcard,popular_articles
credit-card-common-point-hikaku,共通ポイント別クレジットカード比較|d・楽天・Ponta・Vポイントで選ぶ,creditcard,9,4_same_thumb_type,creditcard-seiri-poikatsu,複数クレジットカードの整理術!ポイ活効率を落とさない見直し方,creditcard,popular_articles
credit-card-common-point-hikaku,共通ポイント別クレジットカード比較|d・楽天・Ponta・Vポイントで選ぶ,creditcard,10,4_same_thumb_type,kuukou-lounge-poikatsu,空港ラウンジ特典はポイ活に役立つ?カード特典の見極め方,creditcard,popular_articles
credit-card-mile-hikaku,マイルが貯まるクレジットカード比較|ANA・JALの還元と移行条件,creditcard,1,1_own_outbound_link,credit-card-common-point-hikaku,共通ポイント別クレジットカード比較|d・楽天・Ponta・Vポイントで選ぶ,creditcard,popular_articles
credit-card-mile-hikaku,マイルが貯まるクレジットカード比較|ANA・JALの還元と移行条件,creditcard,2,1_own_outbound_link,point-koukan-toha,ポイント交換とは?他社ポイント・ギフト券・マイルへの交換方法,shopping,popular_articles
credit-card-mile-hikaku,マイルが貯まるクレジットカード比較|ANA・JALの還元と移行条件,creditcard,3,1_own_outbound_link,credit-card-point-hikaku,クレジットカードのポイントを徹底比較|還元率・年会費・使い道で選ぶ,creditcard,popular_articles
credit-card-mile-hikaku,マイルが貯まるクレジットカード比較|ANA・JALの還元と移行条件,creditcard,4,2_inbound_link,jcb-airmacau-campaign-2026,JCB×マカオ航空キャンペーン!日本発マカオ行き航空券が8%OFF【2026年9〜10月】,campaign,popular_articles
credit-card-mile-hikaku,マイルが貯まるクレジットカード比較|ANA・JALの還元と移行条件,creditcard,5,5_category_hub,rakuten-card-poikatsu,楽天カードはポイ活に向いている?メリットと注意点を初心者向けに解説,creditcard,popular_articles
credit-card-mile-hikaku,マイルが貯まるクレジットカード比較|ANA・JALの還元と移行条件,creditcard,6,5_category_hub,dcard-poikatsu,dカードはポイ活におすすめ?dポイントを貯めやすい人の特徴,creditcard,popular_articles
credit-card-mile-hikaku,マイルが貯まるクレジットカード比較|ANA・JALの還元と移行条件,creditcard,7,6_same_category,mitsui-sumitomo-card-vpoint,三井住友カードでVポイントを貯める方法!対象店舗とタッチ決済の基本,creditcard,popular_articles
credit-card-mile-hikaku,マイルが貯まるクレジットカード比較|ANA・JALの還元と移行条件,creditcard,8,6_same_category,ana-amex-poikatsu,ANAアメックスが大幅刷新!ゴールド・プレミアムの新特典とマイル還元まとめ,creditcard,popular_articles
credit-card-mile-hikaku,マイルが貯まるクレジットカード比較|ANA・JALの還元と移行条件,creditcard,9,6_same_category,creditcard-tsukurisugi-chuui,クレジットカードを作りすぎると危険?ポイ活で注意したい信用情報の基本,creditcard,popular_articles
credit-card-mile-hikaku,マイルが貯まるクレジットカード比較|ANA・JALの還元と移行条件,creditcard,10,6_same_category,kuukou-lounge-poikatsu,空港ラウンジ特典はポイ活に役立つ?カード特典の見極め方,creditcard,popular_articles
credit-card-point-hikaku,クレジットカードのポイントを徹底比較|還元率・年会費・使い道で選ぶ,creditcard,1,1_own_outbound_link,credit-card-mile-hikaku,マイルが貯まるクレジットカード比較|ANA・JALの還元と移行条件,creditcard,popular_articles
credit-card-point-hikaku,クレジットカードのポイントを徹底比較|還元率・年会費・使い道で選ぶ,creditcard,2,1_own_outbound_link,credit-card-common-point-hikaku,共通ポイント別クレジットカード比較|d・楽天・Ponta・Vポイントで選ぶ,creditcard,popular_articles
credit-card-point-hikaku,クレジットカードのポイントを徹底比較|還元率・年会費・使い道で選ぶ,creditcard,3,1_own_outbound_link,creditcard-tsukurisugi-chuui,クレジットカードを作りすぎると危険?ポイ活で注意したい信用情報の基本,creditcard,popular_articles
credit-card-point-hikaku,クレジットカードのポイントを徹底比較|還元率・年会費・使い道で選ぶ,creditcard,4,3_tag_match,dcard-poikatsu,dカードはポイ活におすすめ?dポイントを貯めやすい人の特徴,creditcard,popular_articles
credit-card-point-hikaku,クレジットカードのポイントを徹底比較|還元率・年会費・使い道で選ぶ,creditcard,5,3_tag_match,keitai-ryokin-point,携帯料金でポイント還元!ドコモ・ソフトバンク・au・楽天モバイル別お得な貯め方ガイド,creditcard,popular_articles
credit-card-point-hikaku,クレジットカードのポイントを徹底比較|還元率・年会費・使い道で選ぶ,creditcard,6,3_tag_match,mitsui-sumitomo-card-vpoint,三井住友カードでVポイントを貯める方法!対象店舗とタッチ決済の基本,creditcard,popular_articles
credit-card-point-hikaku,クレジットカードのポイントを徹底比較|還元率・年会費・使い道で選ぶ,creditcard,7,3_tag_match,rakuten-card-poikatsu,楽天カードはポイ活に向いている?メリットと注意点を初心者向けに解説,creditcard,popular_articles
credit-card-point-hikaku,クレジットカードのポイントを徹底比較|還元率・年会費・使い道で選ぶ,creditcard,8,4_same_thumb_type,creditcard-erabikata,ポイ活向けクレジットカードの選び方!初心者が見るべき5つのポイント,creditcard,popular_articles
credit-card-point-hikaku,クレジットカードのポイントを徹底比較|還元率・年会費・使い道で選ぶ,creditcard,9,4_same_thumb_type,creditcard-kangenritsu,クレジットカードのポイント還元率とは?1%と0.5%の違いをわかりやすく解説,creditcard,popular_articles
credit-card-point-hikaku,クレジットカードのポイントを徹底比較|還元率・年会費・使い道で選ぶ,creditcard,10,4_same_thumb_type,creditcard-seiri-poikatsu,複数クレジットカードの整理術!ポイ活効率を落とさない見直し方,creditcard,popular_articles
creditcard-erabikata,ポイ活向けクレジットカードの選び方!初心者が見るべき5つのポイント,creditcard,1,2_inbound_link,hyakkaten-depart-poikatsu,百貨店のポイントを比較!高島屋・三越伊勢丹・大丸松坂屋など,shopping,popular_articles
creditcard-erabikata,ポイ活向けクレジットカードの選び方!初心者が見るべき5つのポイント,creditcard,2,4_same_thumb_type,credit-card-common-point-hikaku,共通ポイント別クレジットカード比較|d・楽天・Ponta・Vポイントで選ぶ,creditcard,popular_articles
creditcard-erabikata,ポイ活向けクレジットカードの選び方!初心者が見るべき5つのポイント,creditcard,3,4_same_thumb_type,credit-card-point-hikaku,クレジットカードのポイントを徹底比較|還元率・年会費・使い道で選ぶ,creditcard,popular_articles
creditcard-erabikata,ポイ活向けクレジットカードの選び方!初心者が見るべき5つのポイント,creditcard,4,4_same_thumb_type,creditcard-kangenritsu,クレジットカードのポイント還元率とは?1%と0.5%の違いをわかりやすく解説,creditcard,popular_articles
creditcard-erabikata,ポイ活向けクレジットカードの選び方!初心者が見るべき5つのポイント,creditcard,5,4_same_thumb_type,creditcard-seiri-poikatsu,複数クレジットカードの整理術!ポイ活効率を落とさない見直し方,creditcard,popular_articles
creditcard-erabikata,ポイ活向けクレジットカードの選び方!初心者が見るべき5つのポイント,creditcard,6,4_same_thumb_type,kuukou-lounge-poikatsu,空港ラウンジ特典はポイ活に役立つ?カード特典の見極め方,creditcard,popular_articles
creditcard-erabikata,ポイ活向けクレジットカードの選び方!初心者が見るべき5つのポイント,creditcard,7,4_same_thumb_type,sumaho-kessai-creditcard-hikaku,スマホ決済とクレジットカードはどっちがお得?ポイント二重取りの基本,creditcard,popular_articles
creditcard-erabikata,ポイ活向けクレジットカードの選び方!初心者が見るべき5つのポイント,creditcard,8,5_category_hub,rakuten-card-poikatsu,楽天カードはポイ活に向いている?メリットと注意点を初心者向けに解説,creditcard,popular_articles
creditcard-erabikata,ポイ活向けクレジットカードの選び方!初心者が見るべき5つのポイント,creditcard,9,5_category_hub,dcard-poikatsu,dカードはポイ活におすすめ?dポイントを貯めやすい人の特徴,creditcard,popular_articles
creditcard-erabikata,ポイ活向けクレジットカードの選び方!初心者が見るべき5つのポイント,creditcard,10,6_same_category,mitsui-sumitomo-card-vpoint,三井住友カードでVポイントを貯める方法!対象店舗とタッチ決済の基本,creditcard,popular_articles
creditcard-hakkou-anken-poikatsu,クレジットカード発行案件のポイ活術!申し込み前に確認すべきこと,creditcard,1,4_same_thumb_type,creca-tsumitate-point,クレカ積立でポイントは貯まる?投資前に知りたい基本と注意点,creditcard,popular_articles
creditcard-hakkou-anken-poikatsu,クレジットカード発行案件のポイ活術!申し込み前に確認すべきこと,creditcard,2,4_same_thumb_type,creditcard-tsukurisugi-chuui,クレジットカードを作りすぎると危険?ポイ活で注意したい信用情報の基本,creditcard,popular_articles
creditcard-hakkou-anken-poikatsu,クレジットカード発行案件のポイ活術!申し込み前に確認すべきこと,creditcard,3,4_same_thumb_type,zeikin-shiharai-point,税金支払いでポイントを貯める方法はある?手数料と還元率の考え方,creditcard,popular_articles
creditcard-hakkou-anken-poikatsu,クレジットカード発行案件のポイ活術!申し込み前に確認すべきこと,creditcard,4,5_category_hub,rakuten-card-poikatsu,楽天カードはポイ活に向いている?メリットと注意点を初心者向けに解説,creditcard,popular_articles
creditcard-hakkou-anken-poikatsu,クレジットカード発行案件のポイ活術!申し込み前に確認すべきこと,creditcard,5,5_category_hub,dcard-poikatsu,dカードはポイ活におすすめ?dポイントを貯めやすい人の特徴,creditcard,popular_articles
creditcard-hakkou-anken-poikatsu,クレジットカード発行案件のポイ活術!申し込み前に確認すべきこと,creditcard,6,6_same_category,mitsui-sumitomo-card-vpoint,三井住友カードでVポイントを貯める方法!対象店舗とタッチ決済の基本,creditcard,popular_articles
creditcard-hakkou-anken-poikatsu,クレジットカード発行案件のポイ活術!申し込み前に確認すべきこと,creditcard,7,6_same_category,credit-card-mile-hikaku,マイルが貯まるクレジットカード比較|ANA・JALの還元と移行条件,creditcard,popular_articles
creditcard-hakkou-anken-poikatsu,クレジットカード発行案件のポイ活術!申し込み前に確認すべきこと,creditcard,8,6_same_category,ana-amex-poikatsu,ANAアメックスが大幅刷新!ゴールド・プレミアムの新特典とマイル還元まとめ,creditcard,popular_articles
creditcard-hakkou-anken-poikatsu,クレジットカード発行案件のポイ活術!申し込み前に確認すべきこと,creditcard,9,6_same_category,credit-card-common-point-hikaku,共通ポイント別クレジットカード比較|d・楽天・Ponta・Vポイントで選ぶ,creditcard,popular_articles
creditcard-hakkou-anken-poikatsu,クレジットカード発行案件のポイ活術!申し込み前に確認すべきこと,creditcard,10,6_same_category,credit-card-point-hikaku,クレジットカードのポイントを徹底比較|還元率・年会費・使い道で選ぶ,creditcard,popular_articles
creditcard-kangenritsu,クレジットカードのポイント還元率とは?1%と0.5%の違いをわかりやすく解説,creditcard,1,2_inbound_link,apple-pay-poikatsu,Apple Payでポイ活する方法!ポイント還元とiD・QUICPay・タッチ決済の違い,creditcard,popular_articles
creditcard-kangenritsu,クレジットカードのポイント還元率とは?1%と0.5%の違いをわかりやすく解説,creditcard,2,4_same_thumb_type,credit-card-common-point-hikaku,共通ポイント別クレジットカード比較|d・楽天・Ponta・Vポイントで選ぶ,creditcard,popular_articles
creditcard-kangenritsu,クレジットカードのポイント還元率とは?1%と0.5%の違いをわかりやすく解説,creditcard,3,4_same_thumb_type,credit-card-point-hikaku,クレジットカードのポイントを徹底比較|還元率・年会費・使い道で選ぶ,creditcard,popular_articles
creditcard-kangenritsu,クレジットカードのポイント還元率とは?1%と0.5%の違いをわかりやすく解説,creditcard,4,4_same_thumb_type,creditcard-erabikata,ポイ活向けクレジットカードの選び方!初心者が見るべき5つのポイント,creditcard,popular_articles
creditcard-kangenritsu,クレジットカードのポイント還元率とは?1%と0.5%の違いをわかりやすく解説,creditcard,5,4_same_thumb_type,creditcard-seiri-poikatsu,複数クレジットカードの整理術!ポイ活効率を落とさない見直し方,creditcard,popular_articles
creditcard-kangenritsu,クレジットカードのポイント還元率とは?1%と0.5%の違いをわかりやすく解説,creditcard,6,4_same_thumb_type,kuukou-lounge-poikatsu,空港ラウンジ特典はポイ活に役立つ?カード特典の見極め方,creditcard,popular_articles
creditcard-kangenritsu,クレジットカードのポイント還元率とは?1%と0.5%の違いをわかりやすく解説,creditcard,7,4_same_thumb_type,sumaho-kessai-creditcard-hikaku,スマホ決済とクレジットカードはどっちがお得?ポイント二重取りの基本,creditcard,popular_articles
creditcard-kangenritsu,クレジットカードのポイント還元率とは?1%と0.5%の違いをわかりやすく解説,creditcard,8,5_category_hub,rakuten-card-poikatsu,楽天カードはポイ活に向いている?メリットと注意点を初心者向けに解説,creditcard,popular_articles
creditcard-kangenritsu,クレジットカードのポイント還元率とは?1%と0.5%の違いをわかりやすく解説,creditcard,9,5_category_hub,dcard-poikatsu,dカードはポイ活におすすめ?dポイントを貯めやすい人の特徴,creditcard,popular_articles
creditcard-kangenritsu,クレジットカードのポイント還元率とは?1%と0.5%の違いをわかりやすく解説,creditcard,10,6_same_category,mitsui-sumitomo-card-vpoint,三井住友カードでVポイントを貯める方法!対象店舗とタッチ決済の基本,creditcard,popular_articles
creditcard-poikatsu-kiso,クレジットカードでポイ活する基本!還元率だけで選ばない考え方,creditcard,1,4_same_thumb_type,debit-card-poikatsu,デビットカード派のポイ活入門!即時払いで支出を管理するコツ,creditcard,popular_articles
creditcard-poikatsu-kiso,クレジットカードでポイ活する基本!還元率だけで選ばない考え方,creditcard,2,4_same_thumb_type,nenkaihi-muryo-card,年会費無料カードでポイ活はできる?無理なく始めるカード活用術,creditcard,popular_articles
creditcard-poikatsu-kiso,クレジットカードでポイ活する基本!還元率だけで選ばない考え方,creditcard,3,5_category_hub,rakuten-card-poikatsu,楽天カードはポイ活に向いている?メリットと注意点を初心者向けに解説,creditcard,popular_articles
creditcard-poikatsu-kiso,クレジットカードでポイ活する基本!還元率だけで選ばない考え方,creditcard,4,5_category_hub,dcard-poikatsu,dカードはポイ活におすすめ?dポイントを貯めやすい人の特徴,creditcard,popular_articles
creditcard-poikatsu-kiso,クレジットカードでポイ活する基本!還元率だけで選ばない考え方,creditcard,5,6_same_category,mitsui-sumitomo-card-vpoint,三井住友カードでVポイントを貯める方法!対象店舗とタッチ決済の基本,creditcard,popular_articles
creditcard-poikatsu-kiso,クレジットカードでポイ活する基本!還元率だけで選ばない考え方,creditcard,6,6_same_category,credit-card-mile-hikaku,マイルが貯まるクレジットカード比較|ANA・JALの還元と移行条件,creditcard,popular_articles
creditcard-poikatsu-kiso,クレジットカードでポイ活する基本!還元率だけで選ばない考え方,creditcard,7,6_same_category,ana-amex-poikatsu,ANAアメックスが大幅刷新!ゴールド・プレミアムの新特典とマイル還元まとめ,creditcard,popular_articles
creditcard-poikatsu-kiso,クレジットカードでポイ活する基本!還元率だけで選ばない考え方,creditcard,8,6_same_category,credit-card-common-point-hikaku,共通ポイント別クレジットカード比較|d・楽天・Ponta・Vポイントで選ぶ,creditcard,popular_articles
creditcard-poikatsu-kiso,クレジットカードでポイ活する基本!還元率だけで選ばない考え方,creditcard,9,6_same_category,credit-card-point-hikaku,クレジットカードのポイントを徹底比較|還元率・年会費・使い道で選ぶ,creditcard,popular_articles
creditcard-poikatsu-kiso,クレジットカードでポイ活する基本!還元率だけで選ばない考え方,creditcard,10,6_same_category,creditcard-tsukurisugi-chuui,クレジットカードを作りすぎると危険?ポイ活で注意したい信用情報の基本,creditcard,popular_articles
creditcard-seiri-poikatsu,複数クレジットカードの整理術!ポイ活効率を落とさない見直し方,creditcard,1,1_own_outbound_link,creditcard-tsukurisugi-chuui,クレジットカードを作りすぎると危険?ポイ活で注意したい信用情報の基本,creditcard,popular_articles
creditcard-seiri-poikatsu,複数クレジットカードの整理術!ポイ活効率を落とさない見直し方,creditcard,2,1_own_outbound_link,kuukou-lounge-poikatsu,空港ラウンジ特典はポイ活に役立つ?カード特典の見極め方,creditcard,popular_articles
creditcard-seiri-poikatsu,複数クレジットカードの整理術!ポイ活効率を落とさない見直し方,creditcard,3,4_same_thumb_type,credit-card-common-point-hikaku,共通ポイント別クレジットカード比較|d・楽天・Ponta・Vポイントで選ぶ,creditcard,popular_articles
creditcard-seiri-poikatsu,複数クレジットカードの整理術!ポイ活効率を落とさない見直し方,creditcard,4,4_same_thumb_type,credit-card-point-hikaku,クレジットカードのポイントを徹底比較|還元率・年会費・使い道で選ぶ,creditcard,popular_articles
creditcard-seiri-poikatsu,複数クレジットカードの整理術!ポイ活効率を落とさない見直し方,creditcard,5,4_same_thumb_type,creditcard-erabikata,ポイ活向けクレジットカードの選び方!初心者が見るべき5つのポイント,creditcard,popular_articles
creditcard-seiri-poikatsu,複数クレジットカードの整理術!ポイ活効率を落とさない見直し方,creditcard,6,4_same_thumb_type,creditcard-kangenritsu,クレジットカードのポイント還元率とは?1%と0.5%の違いをわかりやすく解説,creditcard,popular_articles
creditcard-seiri-poikatsu,複数クレジットカードの整理術!ポイ活効率を落とさない見直し方,creditcard,7,4_same_thumb_type,sumaho-kessai-creditcard-hikaku,スマホ決済とクレジットカードはどっちがお得?ポイント二重取りの基本,creditcard,popular_articles
creditcard-seiri-poikatsu,複数クレジットカードの整理術!ポイ活効率を落とさない見直し方,creditcard,8,5_category_hub,rakuten-card-poikatsu,楽天カードはポイ活に向いている?メリットと注意点を初心者向けに解説,creditcard,popular_articles
creditcard-seiri-poikatsu,複数クレジットカードの整理術!ポイ活効率を落とさない見直し方,creditcard,9,5_category_hub,dcard-poikatsu,dカードはポイ活におすすめ?dポイントを貯めやすい人の特徴,creditcard,popular_articles
creditcard-seiri-poikatsu,複数クレジットカードの整理術!ポイ活効率を落とさない見直し方,creditcard,10,6_same_category,mitsui-sumitomo-card-vpoint,三井住友カードでVポイントを貯める方法!対象店舗とタッチ決済の基本,creditcard,popular_articles
creditcard-tsukurisugi-chuui,クレジットカードを作りすぎると危険?ポイ活で注意したい信用情報の基本,creditcard,1,1_own_outbound_link,creditcard-seiri-poikatsu,複数クレジットカードの整理術!ポイ活効率を落とさない見直し方,creditcard,popular_articles
creditcard-tsukurisugi-chuui,クレジットカードを作りすぎると危険?ポイ活で注意したい信用情報の基本,creditcard,2,2_inbound_link,credit-card-point-hikaku,クレジットカードのポイントを徹底比較|還元率・年会費・使い道で選ぶ,creditcard,popular_articles
creditcard-tsukurisugi-chuui,クレジットカードを作りすぎると危険?ポイ活で注意したい信用情報の基本,creditcard,3,4_same_thumb_type,creca-tsumitate-point,クレカ積立でポイントは貯まる?投資前に知りたい基本と注意点,creditcard,popular_articles
creditcard-tsukurisugi-chuui,クレジットカードを作りすぎると危険?ポイ活で注意したい信用情報の基本,creditcard,4,4_same_thumb_type,creditcard-hakkou-anken-poikatsu,クレジットカード発行案件のポイ活術!申し込み前に確認すべきこと,creditcard,popular_articles
creditcard-tsukurisugi-chuui,クレジットカードを作りすぎると危険?ポイ活で注意したい信用情報の基本,creditcard,5,4_same_thumb_type,zeikin-shiharai-point,税金支払いでポイントを貯める方法はある?手数料と還元率の考え方,creditcard,popular_articles
creditcard-tsukurisugi-chuui,クレジットカードを作りすぎると危険?ポイ活で注意したい信用情報の基本,creditcard,6,5_category_hub,rakuten-card-poikatsu,楽天カードはポイ活に向いている?メリットと注意点を初心者向けに解説,creditcard,popular_articles
creditcard-tsukurisugi-chuui,クレジットカードを作りすぎると危険?ポイ活で注意したい信用情報の基本,creditcard,7,5_category_hub,dcard-poikatsu,dカードはポイ活におすすめ?dポイントを貯めやすい人の特徴,creditcard,popular_articles
creditcard-tsukurisugi-chuui,クレジットカードを作りすぎると危険?ポイ活で注意したい信用情報の基本,creditcard,8,6_same_category,mitsui-sumitomo-card-vpoint,三井住友カードでVポイントを貯める方法!対象店舗とタッチ決済の基本,creditcard,popular_articles
creditcard-tsukurisugi-chuui,クレジットカードを作りすぎると危険?ポイ活で注意したい信用情報の基本,creditcard,9,6_same_category,credit-card-mile-hikaku,マイルが貯まるクレジットカード比較|ANA・JALの還元と移行条件,creditcard,popular_articles
creditcard-tsukurisugi-chuui,クレジットカードを作りすぎると危険?ポイ活で注意したい信用情報の基本,creditcard,10,6_same_category,ana-amex-poikatsu,ANAアメックスが大幅刷新!ゴールド・プレミアムの新特典とマイル還元まとめ,creditcard,popular_articles
cue-monitor-poikatsu,キューモニターでアンケートポイ活!初心者が知るべき使い方,survey,1,4_same_thumb_type,fancrew-poikatsu,ファンくるとは?覆面調査の仕組み・ポイント・安全性を解説,survey,popular_articles
cue-monitor-poikatsu,キューモニターでアンケートポイ活!初心者が知るべき使い方,survey,2,4_same_thumb_type,fruitmail-poikatsu,フルーツメールとは?ゲーム・アンケートでポイントが貯まる懸賞サイト,survey,popular_articles
cue-monitor-poikatsu,キューモニターでアンケートポイ活!初心者が知るべき使い方,survey,3,4_same_thumb_type,ipsos-isay-poikatsu,Ipsos iSay(イプソス・アイセイ)とは?特徴・ポイントの貯め方を解説,survey,popular_articles
cue-monitor-poikatsu,キューモニターでアンケートポイ活!初心者が知るべき使い方,survey,4,4_same_thumb_type,iresearch-poikatsu,アイリサーチとは?自社会場調査・ポイントの貯め方をわかりやすく解説,survey,popular_articles
cue-monitor-poikatsu,キューモニターでアンケートポイ活!初心者が知るべき使い方,survey,5,4_same_thumb_type,macromill-poikatsu,マクロミルとは?アンケート回答でポイントが貯まるモニターサービス,survey,popular_articles
cue-monitor-poikatsu,キューモニターでアンケートポイ活!初心者が知るべき使い方,survey,6,4_same_thumb_type,macromill-tsukaikata,マクロミルでアンケートポイ活を始める方法!回答前の注意点を解説,survey,popular_articles
cue-monitor-poikatsu,キューモニターでアンケートポイ活!初心者が知るべき使い方,survey,7,4_same_thumb_type,opinionworld-poikatsu,OpinionWorld(オピニオンワールド)とは?ポイント・交換先・安全性を公式情報で解説,survey,popular_articles
cue-monitor-poikatsu,キューモニターでアンケートポイ活!初心者が知るべき使い方,survey,8,6_same_category,enquete-monitor-poikatsu,アンケートモニターでポイ活する方法!スキマ時間で稼ぐ前の基本,survey,popular_articles
cue-monitor-poikatsu,キューモニターでアンケートポイ活!初心者が知るべき使い方,survey,9,6_same_category,infoq-poikatsu,infoQでポイ活する方法!アンケートと記事作成案件の見方,survey,popular_articles
cue-monitor-poikatsu,キューモニターでアンケートポイ活!初心者が知るべき使い方,survey,10,6_same_category,monitor-town-poikatsu,モニタータウンとは?PC調査モニターの特徴・参加方法をわかりやすく解説,survey,popular_articles
d-point-supermarket,dポイントが貯まるスーパー一覧|使える店舗・地域スーパーも比較,shopping,1,1_own_outbound_link,docomo-ahamo-dpoint,ドコモ・ahamoユーザーはdポイントにまとめるべき?相性の良いサービスを解説,shopping,popular_articles
d-point-supermarket,dポイントが貯まるスーパー一覧|使える店舗・地域スーパーも比較,shopping,2,1_own_outbound_link,dpoint-kiso,dポイントの貯め方を初心者向けに解説!ドコモ以外の人でも使える?,shopping,popular_articles
d-point-supermarket,dポイントが貯まるスーパー一覧|使える店舗・地域スーパーも比較,shopping,3,1_own_outbound_link,ponta-supermarket,Pontaが貯まるスーパー一覧|使える店舗・地域スーパーも比較,shopping,popular_articles
d-point-supermarket,dポイントが貯まるスーパー一覧|使える店舗・地域スーパーも比較,shopping,4,2_inbound_link,net-super-poikatsu,ネットスーパーのポイントを比較|Ponta・楽天・WAON POINTなど対応状況を解説,shopping,popular_articles
d-point-supermarket,dポイントが貯まるスーパー一覧|使える店舗・地域スーパーも比較,shopping,5,3_tag_match,code-kessai-4sha-hikaku,コード決済4社を徹底比較|PayPay・d払い・楽天ペイ・au PAY,shopping,popular_articles
d-point-supermarket,dポイントが貯まるスーパー一覧|使える店舗・地域スーパーも比較,shopping,6,3_tag_match,docomo-select-toha,docomo selectとは?スマホアクセサリー購入とdポイントを解説,shopping,popular_articles
d-point-supermarket,dポイントが貯まるスーパー一覧|使える店舗・地域スーパーも比較,shopping,7,3_tag_match,doramori-point,ドラッグストアモリのポイントを解説|ポイントデー・使い方・キャッシュレス時の条件,shopping,popular_articles
d-point-supermarket,dポイントが貯まるスーパー一覧|使える店舗・地域スーパーも比較,shopping,8,3_tag_match,dpoint-d-harai,d払いでdポイントを貯める方法!日常決済で活用するコツ,shopping,popular_articles
d-point-supermarket,dポイントが貯まるスーパー一覧|使える店舗・地域スーパーも比較,shopping,9,3_tag_match,dpoint-hanei-sarenai,dポイントが反映されない原因は?dポイントマーケットの確認方法も解説,shopping,popular_articles
d-point-supermarket,dポイントが貯まるスーパー一覧|使える店舗・地域スーパーも比較,shopping,10,3_tag_match,dpoint-ponta-hikaku,dポイントとPontaはどっちが得?貯め方・使える店・有効期限を比較,shopping,popular_articles
d-value-pass-poikatsu,dバリューパスとは?初月無料で壁紙・待受が使い放題のサブスク,seikatsu,1,2_inbound_link,dpoint-dharai-tamekata,dポイント・d払いの貯め方とは?もらう方法・使い方を解説,,popular_articles
d-value-pass-poikatsu,dバリューパスとは?初月無料で壁紙・待受が使い放題のサブスク,seikatsu,2,2_inbound_link,dpoint-tsukaikata,dポイントの使い方とは?店舗・連携・交換まで完全ガイド,,popular_articles
d-value-pass-poikatsu,dバリューパスとは?初月無料で壁紙・待受が使い放題のサブスク,seikatsu,3,4_same_thumb_type,itoyokado-netsuper-onigo-poikatsu,イトーヨーカドーネットスーパー by ONIGOとは?特徴・料金・初回クーポンを解説,seikatsu,popular_articles
d-value-pass-poikatsu,dバリューパスとは?初月無料で壁紙・待受が使い放題のサブスク,seikatsu,4,4_same_thumb_type,rakuten-beauty-poikatsu,楽天ビューティとは?美容室・ネイル・エステの検索・予約ができるサービス,seikatsu,popular_articles
d-value-pass-poikatsu,dバリューパスとは?初月無料で壁紙・待受が使い放題のサブスク,seikatsu,5,4_same_thumb_type,rakuten-car-shaken-poikatsu,楽天Car車検とは?見積もり比較・予約で楽天ポイントがもらえるサービス,seikatsu,popular_articles
d-value-pass-poikatsu,dバリューパスとは?初月無料で壁紙・待受が使い放題のサブスク,seikatsu,6,4_same_thumb_type,rakuten-denwa-poikatsu,楽天でんわとは?番号そのままで通話料を半額にできる電話アプリを解説,seikatsu,popular_articles
d-value-pass-poikatsu,dバリューパスとは?初月無料で壁紙・待受が使い放題のサブスク,seikatsu,7,4_same_thumb_type,rakuten-music-poikatsu,楽天ミュージックとは?広告なしで約1億曲聴き放題の音楽アプリを解説,seikatsu,popular_articles
d-value-pass-poikatsu,dバリューパスとは?初月無料で壁紙・待受が使い放題のサブスク,seikatsu,8,4_same_thumb_type,rakuten-shashinkan-poikatsu,楽天写真館とは?写真プリントからフォトブックまで作れるサービスを解説,seikatsu,popular_articles
d-value-pass-poikatsu,dバリューパスとは?初月無料で壁紙・待受が使い放題のサブスク,seikatsu,9,4_same_thumb_type,retty-poikatsu,Rettyとは?会員登録不要でPayPayポイントが貯まるグルメ予約サービス,seikatsu,popular_articles
d-value-pass-poikatsu,dバリューパスとは?初月無料で壁紙・待受が使い放題のサブスク,seikatsu,10,4_same_thumb_type,ubereats-poikatsu,Uber Eatsでポイ活する方法!クーポン・支払い・手数料の見方,seikatsu,popular_articles
daimaru-matsuzakaya-toha,大丸松坂屋オンラインストアとは?特徴とポイントの貯め方をわかりやすく解説,shopping,1,2_inbound_link,hyakkaten-depart-poikatsu,百貨店のポイントを比較!高島屋・三越伊勢丹・大丸松坂屋など,shopping,popular_articles
daimaru-matsuzakaya-toha,大丸松坂屋オンラインストアとは?特徴とポイントの貯め方をわかりやすく解説,shopping,2,4_same_thumb_type,amazon-tsuhan-toha,Amazonとは?特徴とポイントの貯め方をわかりやすく解説,shopping,popular_articles
daimaru-matsuzakaya-toha,大丸松坂屋オンラインストアとは?特徴とポイントの貯め方をわかりやすく解説,shopping,3,4_same_thumb_type,aupay-market-toha,au PAY マーケットとは?特徴とポイントの貯め方をわかりやすく解説,shopping,popular_articles
daimaru-matsuzakaya-toha,大丸松坂屋オンラインストアとは?特徴とポイントの貯め方をわかりやすく解説,shopping,4,4_same_thumb_type,biccamera-toha,ビックカメラ.comとは?特徴とポイントの貯め方をわかりやすく解説,shopping,popular_articles
daimaru-matsuzakaya-toha,大丸松坂屋オンラインストアとは?特徴とポイントの貯め方をわかりやすく解説,shopping,5,4_same_thumb_type,charge-route-point,チャージルートでポイントを増やす考え方!複雑にしすぎない決済設計,shopping,popular_articles
daimaru-matsuzakaya-toha,大丸松坂屋オンラインストアとは?特徴とポイントの貯め方をわかりやすく解説,shopping,6,4_same_thumb_type,docomo-select-toha,docomo selectとは?スマホアクセサリー購入とdポイントを解説,shopping,popular_articles
daimaru-matsuzakaya-toha,大丸松坂屋オンラインストアとは?特徴とポイントの貯め方をわかりやすく解説,shopping,7,4_same_thumb_type,dpoint-tsukaimichi,dポイントのおすすめの使い道!コンビニ・ドラッグストア・ネットで使う方法,shopping,popular_articles
daimaru-matsuzakaya-toha,大丸松坂屋オンラインストアとは?特徴とポイントの貯め方をわかりやすく解説,shopping,8,4_same_thumb_type,dshopping-toha,dショッピングとは?特徴とポイントの貯め方をわかりやすく解説,shopping,popular_articles
daimaru-matsuzakaya-toha,大丸松坂屋オンラインストアとは?特徴とポイントの貯め方をわかりやすく解説,shopping,9,4_same_thumb_type,ec-current-poikatsu,ECカレントとは?家電通販の特徴とポイント制度を解説,shopping,popular_articles
daimaru-matsuzakaya-toha,大丸松坂屋オンラインストアとは?特徴とポイントの貯め方をわかりやすく解説,shopping,10,4_same_thumb_type,hikkoshi-poikatsu,引っ越しでポイ活する方法!見積もり・家具購入・手続きの確認ポイント,shopping,popular_articles
dcard-poikatsu,dカードはポイ活におすすめ?dポイントを貯めやすい人の特徴,creditcard,1,2_inbound_link,credit-card-common-point-hikaku,共通ポイント別クレジットカード比較|d・楽天・Ponta・Vポイントで選ぶ,creditcard,popular_articles
dcard-poikatsu,dカードはポイ活におすすめ?dポイントを貯めやすい人の特徴,creditcard,2,2_inbound_link,docomo-ahamo-dpoint,ドコモ・ahamoユーザーはdポイントにまとめるべき?相性の良いサービスを解説,shopping,popular_articles
dcard-poikatsu,dカードはポイ活におすすめ?dポイントを貯めやすい人の特徴,creditcard,3,2_inbound_link,dpoint-tsukaikata,dポイントの使い方とは?店舗・連携・交換まで完全ガイド,,popular_articles
dcard-poikatsu,dカードはポイ活におすすめ?dポイントを貯めやすい人の特徴,creditcard,4,2_inbound_link,point-niju-sanjudori-kumiawase,ポイント二重取り・三重取りの組み合わせ早見表!おすすめルートを解説,shopping,popular_articles
dcard-poikatsu,dカードはポイ活におすすめ?dポイントを貯めやすい人の特徴,creditcard,5,3_tag_match,credit-card-point-hikaku,クレジットカードのポイントを徹底比較|還元率・年会費・使い道で選ぶ,creditcard,popular_articles
dcard-poikatsu,dカードはポイ活におすすめ?dポイントを貯めやすい人の特徴,creditcard,6,3_tag_match,keitai-ryokin-point,携帯料金でポイント還元!ドコモ・ソフトバンク・au・楽天モバイル別お得な貯め方ガイド,creditcard,popular_articles
dcard-poikatsu,dカードはポイ活におすすめ?dポイントを貯めやすい人の特徴,creditcard,7,4_same_thumb_type,ana-amex-poikatsu,ANAアメックスが大幅刷新!ゴールド・プレミアムの新特典とマイル還元まとめ,creditcard,popular_articles
dcard-poikatsu,dカードはポイ活におすすめ?dポイントを貯めやすい人の特徴,creditcard,8,4_same_thumb_type,apple-pay-poikatsu,Apple Payでポイ活する方法!ポイント還元とiD・QUICPay・タッチ決済の違い,creditcard,popular_articles
dcard-poikatsu,dカードはポイ活におすすめ?dポイントを貯めやすい人の特徴,creditcard,9,4_same_thumb_type,gasoline-point-tameru,ガソリン代でポイントを貯める方法!車利用者向けポイ活の基本,creditcard,popular_articles
dcard-poikatsu,dカードはポイ活におすすめ?dポイントを貯めやすい人の特徴,creditcard,10,4_same_thumb_type,hokenryo-point-tameru,保険料でポイントを貯める方法!クレジットカード払いの確認ポイント,creditcard,popular_articles
dcarshare-toha,dカーシェアとは?特徴とdポイントの貯め方をわかりやすく解説,seikatsu,1,3_tag_match,ahamo-toha,ahamoとは?月額料金とdポイントの貯め方をわかりやすく解説,seikatsu,popular_articles
dcarshare-toha,dカーシェアとは?特徴とdポイントの貯め方をわかりやすく解説,seikatsu,2,3_tag_match,dhealthcare-toha,dヘルスケアとは?歩数・体重記録でdポイントが貯まる仕組みを解説,seikatsu,popular_articles
dcarshare-toha,dカーシェアとは?特徴とdポイントの貯め方をわかりやすく解説,seikatsu,3,3_tag_match,dmagazine-toha,dマガジンとは?月額料金と読める雑誌数をわかりやすく解説,seikatsu,popular_articles
dcarshare-toha,dカーシェアとは?特徴とdポイントの貯め方をわかりやすく解説,seikatsu,4,3_tag_match,hikaritv-toha,ひかりTVとは?特徴と料金プランをわかりやすく解説,seikatsu,popular_articles
dcarshare-toha,dカーシェアとは?特徴とdポイントの貯め方をわかりやすく解説,seikatsu,5,3_tag_match,jalan-golf-toha,じゃらんゴルフとは?特徴とポイントの貯め方をわかりやすく解説,seikatsu,popular_articles
dcarshare-toha,dカーシェアとは?特徴とdポイントの貯め方をわかりやすく解説,seikatsu,6,3_tag_match,lemino-premium-toha,Leminoプレミアムとは?月額料金とdポイント還元をわかりやすく解説,seikatsu,popular_articles
dcarshare-toha,dカーシェアとは?特徴とdポイントの貯め方をわかりやすく解説,seikatsu,7,4_same_thumb_type,anshin-security-toha,あんしんセキュリティとは?月額料金と機能をわかりやすく解説,seikatsu,popular_articles
dcarshare-toha,dカーシェアとは?特徴とdポイントの貯め方をわかりやすく解説,seikatsu,8,4_same_thumb_type,busnoru-poikatsu,バスのるとは?高速バス予約と「バスのるポイント」を解説,seikatsu,popular_articles
dcarshare-toha,dカーシェアとは?特徴とdポイントの貯め方をわかりやすく解説,seikatsu,9,4_same_thumb_type,dhits-toha,dヒッツとは?月額300円からの音楽聴き放題サービスを解説,seikatsu,popular_articles
dcarshare-toha,dカーシェアとは?特徴とdポイントの貯め方をわかりやすく解説,seikatsu,10,4_same_thumb_type,dmmbooks-toha,DMMブックスとは?特徴とポイントの貯め方をわかりやすく解説,seikatsu,popular_articles
debit-card-poikatsu,デビットカード派のポイ活入門!即時払いで支出を管理するコツ,creditcard,1,4_same_thumb_type,creditcard-poikatsu-kiso,クレジットカードでポイ活する基本!還元率だけで選ばない考え方,creditcard,popular_articles
debit-card-poikatsu,デビットカード派のポイ活入門!即時払いで支出を管理するコツ,creditcard,2,4_same_thumb_type,nenkaihi-muryo-card,年会費無料カードでポイ活はできる?無理なく始めるカード活用術,creditcard,popular_articles
debit-card-poikatsu,デビットカード派のポイ活入門!即時払いで支出を管理するコツ,creditcard,3,5_category_hub,rakuten-card-poikatsu,楽天カードはポイ活に向いている?メリットと注意点を初心者向けに解説,creditcard,popular_articles
debit-card-poikatsu,デビットカード派のポイ活入門!即時払いで支出を管理するコツ,creditcard,4,5_category_hub,dcard-poikatsu,dカードはポイ活におすすめ?dポイントを貯めやすい人の特徴,creditcard,popular_articles
debit-card-poikatsu,デビットカード派のポイ活入門!即時払いで支出を管理するコツ,creditcard,5,6_same_category,mitsui-sumitomo-card-vpoint,三井住友カードでVポイントを貯める方法!対象店舗とタッチ決済の基本,creditcard,popular_articles
debit-card-poikatsu,デビットカード派のポイ活入門!即時払いで支出を管理するコツ,creditcard,6,6_same_category,credit-card-mile-hikaku,マイルが貯まるクレジットカード比較|ANA・JALの還元と移行条件,creditcard,popular_articles
debit-card-poikatsu,デビットカード派のポイ活入門!即時払いで支出を管理するコツ,creditcard,7,6_same_category,ana-amex-poikatsu,ANAアメックスが大幅刷新!ゴールド・プレミアムの新特典とマイル還元まとめ,creditcard,popular_articles
debit-card-poikatsu,デビットカード派のポイ活入門!即時払いで支出を管理するコツ,creditcard,8,6_same_category,credit-card-common-point-hikaku,共通ポイント別クレジットカード比較|d・楽天・Ponta・Vポイントで選ぶ,creditcard,popular_articles
debit-card-poikatsu,デビットカード派のポイ活入門!即時払いで支出を管理するコツ,creditcard,9,6_same_category,credit-card-point-hikaku,クレジットカードのポイントを徹底比較|還元率・年会費・使い道で選ぶ,creditcard,popular_articles
debit-card-poikatsu,デビットカード派のポイ活入門!即時払いで支出を管理するコツ,creditcard,10,6_same_category,creditcard-tsukurisugi-chuui,クレジットカードを作りすぎると危険?ポイ活で注意したい信用情報の基本,creditcard,popular_articles
demaecan-poikatsu,出前館でポイ活する方法!注文前に確認したい割引とポイント,shopping,1,4_same_thumb_type,aupay-market-poikatsu,au PAYマーケットでポイントを活用する方法!買い物前の確認ポイント,shopping,popular_articles
demaecan-poikatsu,出前館でポイ活する方法!注文前に確認したい割引とポイント,shopping,2,4_same_thumb_type,aupay-ponta,au PAYでPontaポイントを貯める方法!スマホ決済との組み合わせを解説,shopping,popular_articles
demaecan-poikatsu,出前館でポイ活する方法!注文前に確認したい割引とポイント,shopping,3,4_same_thumb_type,biyouin-salon-point,美容院・サロン代をポイントで節約!予約前に見るべき条件と使い方,shopping,popular_articles
demaecan-poikatsu,出前館でポイ活する方法!注文前に確認したい割引とポイント,shopping,4,4_same_thumb_type,coke-on-setsuyaku,Coke ONで飲み物代を節約する方法!スタンプ・チケット活用の基本,shopping,popular_articles
demaecan-poikatsu,出前館でポイ活する方法!注文前に確認したい割引とポイント,shopping,5,4_same_thumb_type,doutor-tullys-poikatsu,ドトール・タリーズでポイ活する方法!カフェ利用時の支払い術,shopping,popular_articles
demaecan-poikatsu,出前館でポイ活する方法!注文前に確認したい割引とポイント,shopping,6,4_same_thumb_type,dpoint-d-harai,d払いでdポイントを貯める方法!日常決済で活用するコツ,shopping,popular_articles
demaecan-poikatsu,出前館でポイ活する方法!注文前に確認したい割引とポイント,shopping,7,4_same_thumb_type,drugstore-poikatsu,ドラッグストアでポイ活する方法!日用品・薬・コスメでポイントを貯める,shopping,popular_articles
demaecan-poikatsu,出前館でポイ活する方法!注文前に確認したい割引とポイント,shopping,8,4_same_thumb_type,famiresu-cafe-point,ファミレス・カフェでポイントを貯める方法!外食前のアプリ確認術,shopping,popular_articles
demaecan-poikatsu,出前館でポイ活する方法!注文前に確認したい割引とポイント,shopping,9,4_same_thumb_type,gaishoku-point-tameru,外食でポイントを貯める方法!予約サイト・決済・アプリ活用の基本,shopping,popular_articles
demaecan-poikatsu,出前館でポイ活する方法!注文前に確認したい割引とポイント,shopping,10,4_same_thumb_type,homecenter-app-katsuyou,ホームセンターの会員アプリ活用術!DIY用品と日用品をお得に買う方法,shopping,popular_articles
denryoku-norikae-point,電力会社乗り換えでポイントを貯める方法!料金比較と特典の見方,shopping,1,1_own_outbound_link,docomo-denki-poikatsu,ドコモでんきとは?電気代でdポイントが貯まる仕組みを解説,seikatsu,popular_articles
denryoku-norikae-point,電力会社乗り換えでポイントを貯める方法!料金比較と特典の見方,shopping,2,1_own_outbound_link,koukyou-ryokin-poikatsu,電気・ガス・水道でポイントは貯まる?公共料金ポイ活の基本,shopping,popular_articles
denryoku-norikae-point,電力会社乗り換えでポイントを貯める方法!料金比較と特典の見方,shopping,3,2_inbound_link,gas-norikae-poikatsu,ガス会社乗り換えでポイ活する方法!セット割とポイントの確認術,shopping,popular_articles
denryoku-norikae-point,電力会社乗り換えでポイントを貯める方法!料金比較と特典の見方,shopping,4,4_same_thumb_type,ana-jal-mile-hikaku,ANAマイルとJALマイルはどっち?貯めやすさ・使いやすさを比較,shopping,popular_articles
denryoku-norikae-point,電力会社乗り換えでポイントを貯める方法!料金比較と特典の見方,shopping,5,4_same_thumb_type,ana-mile-tameru-kachi,ANAマイルを貯めるべき人・貯めない方がいい人を解説,shopping,popular_articles
denryoku-norikae-point,電力会社乗り換えでポイントを貯める方法!料金比較と特典の見方,shopping,6,4_same_thumb_type,ana-mileageplus-hikaku,ANAマイルとMileagePlusはどっち?同じスターアライアンスで何が違う?,shopping,popular_articles
denryoku-norikae-point,電力会社乗り換えでポイントを貯める方法!料金比較と特典の見方,shopping,7,4_same_thumb_type,au-uq-ponta,au・UQユーザーはPontaポイントにまとめるべき?相性の良いサービスを解説,shopping,popular_articles
denryoku-norikae-point,電力会社乗り換えでポイントを貯める方法!料金比較と特典の見方,shopping,8,4_same_thumb_type,carshare-point-katsuyou,カーシェアでポイ活する方法とは?短時間利用の節約ポイントを解説,shopping,popular_articles
denryoku-norikae-point,電力会社乗り換えでポイントを貯める方法!料金比較と特典の見方,shopping,9,4_same_thumb_type,cleaning-poikatsu,クリーニング代でポイントを貯める方法!宅配と店舗を比較するコツ,shopping,popular_articles
denryoku-norikae-point,電力会社乗り換えでポイントを貯める方法!料金比較と特典の見方,shopping,10,4_same_thumb_type,code-kessai-4sha-hikaku,コード決済4社を徹底比較|PayPay・d払い・楽天ペイ・au PAY,shopping,popular_articles
dhealthcare-toha,dヘルスケアとは?歩数・体重記録でdポイントが貯まる仕組みを解説,seikatsu,1,3_tag_match,ahamo-toha,ahamoとは?月額料金とdポイントの貯め方をわかりやすく解説,seikatsu,popular_articles
dhealthcare-toha,dヘルスケアとは?歩数・体重記録でdポイントが貯まる仕組みを解説,seikatsu,2,3_tag_match,dcarshare-toha,dカーシェアとは?特徴とdポイントの貯め方をわかりやすく解説,seikatsu,popular_articles
dhealthcare-toha,dヘルスケアとは?歩数・体重記録でdポイントが貯まる仕組みを解説,seikatsu,3,3_tag_match,dmagazine-toha,dマガジンとは?月額料金と読める雑誌数をわかりやすく解説,seikatsu,popular_articles
dhealthcare-toha,dヘルスケアとは?歩数・体重記録でdポイントが貯まる仕組みを解説,seikatsu,4,3_tag_match,hikaritv-toha,ひかりTVとは?特徴と料金プランをわかりやすく解説,seikatsu,popular_articles
dhealthcare-toha,dヘルスケアとは?歩数・体重記録でdポイントが貯まる仕組みを解説,seikatsu,5,3_tag_match,jalan-golf-toha,じゃらんゴルフとは?特徴とポイントの貯め方をわかりやすく解説,seikatsu,popular_articles
dhealthcare-toha,dヘルスケアとは?歩数・体重記録でdポイントが貯まる仕組みを解説,seikatsu,6,3_tag_match,lemino-premium-toha,Leminoプレミアムとは?月額料金とdポイント還元をわかりやすく解説,seikatsu,popular_articles
dhealthcare-toha,dヘルスケアとは?歩数・体重記録でdポイントが貯まる仕組みを解説,seikatsu,7,4_same_thumb_type,anshin-security-toha,あんしんセキュリティとは?月額料金と機能をわかりやすく解説,seikatsu,popular_articles
dhealthcare-toha,dヘルスケアとは?歩数・体重記録でdポイントが貯まる仕組みを解説,seikatsu,8,4_same_thumb_type,busnoru-poikatsu,バスのるとは?高速バス予約と「バスのるポイント」を解説,seikatsu,popular_articles
dhealthcare-toha,dヘルスケアとは?歩数・体重記録でdポイントが貯まる仕組みを解説,seikatsu,9,4_same_thumb_type,dhits-toha,dヒッツとは?月額300円からの音楽聴き放題サービスを解説,seikatsu,popular_articles
dhealthcare-toha,dヘルスケアとは?歩数・体重記録でdポイントが貯まる仕組みを解説,seikatsu,10,4_same_thumb_type,dmmbooks-toha,DMMブックスとは?特徴とポイントの貯め方をわかりやすく解説,seikatsu,popular_articles
dhits-toha,dヒッツとは?月額300円からの音楽聴き放題サービスを解説,seikatsu,1,4_same_thumb_type,ahamo-toha,ahamoとは?月額料金とdポイントの貯め方をわかりやすく解説,seikatsu,popular_articles
dhits-toha,dヒッツとは?月額300円からの音楽聴き放題サービスを解説,seikatsu,2,4_same_thumb_type,anshin-security-toha,あんしんセキュリティとは?月額料金と機能をわかりやすく解説,seikatsu,popular_articles
dhits-toha,dヒッツとは?月額300円からの音楽聴き放題サービスを解説,seikatsu,3,4_same_thumb_type,busnoru-poikatsu,バスのるとは?高速バス予約と「バスのるポイント」を解説,seikatsu,popular_articles
dhits-toha,dヒッツとは?月額300円からの音楽聴き放題サービスを解説,seikatsu,4,4_same_thumb_type,dcarshare-toha,dカーシェアとは?特徴とdポイントの貯め方をわかりやすく解説,seikatsu,popular_articles
dhits-toha,dヒッツとは?月額300円からの音楽聴き放題サービスを解説,seikatsu,5,4_same_thumb_type,dhealthcare-toha,dヘルスケアとは?歩数・体重記録でdポイントが貯まる仕組みを解説,seikatsu,popular_articles
dhits-toha,dヒッツとは?月額300円からの音楽聴き放題サービスを解説,seikatsu,6,4_same_thumb_type,dmagazine-toha,dマガジンとは?月額料金と読める雑誌数をわかりやすく解説,seikatsu,popular_articles
dhits-toha,dヒッツとは?月額300円からの音楽聴き放題サービスを解説,seikatsu,7,4_same_thumb_type,dmmbooks-toha,DMMブックスとは?特徴とポイントの貯め方をわかりやすく解説,seikatsu,popular_articles
dhits-toha,dヒッツとは?月額300円からの音楽聴き放題サービスを解説,seikatsu,8,4_same_thumb_type,dphoto-toha,dフォトとは?毎月フォトブックが届くサービスをわかりやすく解説,seikatsu,popular_articles
dhits-toha,dヒッツとは?月額300円からの音楽聴き放題サービスを解説,seikatsu,9,4_same_thumb_type,hikaritv-toha,ひかりTVとは?特徴と料金プランをわかりやすく解説,seikatsu,popular_articles
dhits-toha,dヒッツとは?月額300円からの音楽聴き放題サービスを解説,seikatsu,10,4_same_thumb_type,jalan-golf-toha,じゃらんゴルフとは?特徴とポイントの貯め方をわかりやすく解説,seikatsu,popular_articles
dmagazine-toha,dマガジンとは?月額料金と読める雑誌数をわかりやすく解説,seikatsu,1,3_tag_match,ahamo-toha,ahamoとは?月額料金とdポイントの貯め方をわかりやすく解説,seikatsu,popular_articles
dmagazine-toha,dマガジンとは?月額料金と読める雑誌数をわかりやすく解説,seikatsu,2,3_tag_match,dcarshare-toha,dカーシェアとは?特徴とdポイントの貯め方をわかりやすく解説,seikatsu,popular_articles
dmagazine-toha,dマガジンとは?月額料金と読める雑誌数をわかりやすく解説,seikatsu,3,3_tag_match,dhealthcare-toha,dヘルスケアとは?歩数・体重記録でdポイントが貯まる仕組みを解説,seikatsu,popular_articles
dmagazine-toha,dマガジンとは?月額料金と読める雑誌数をわかりやすく解説,seikatsu,4,3_tag_match,hikaritv-toha,ひかりTVとは?特徴と料金プランをわかりやすく解説,seikatsu,popular_articles
dmagazine-toha,dマガジンとは?月額料金と読める雑誌数をわかりやすく解説,seikatsu,5,3_tag_match,jalan-golf-toha,じゃらんゴルフとは?特徴とポイントの貯め方をわかりやすく解説,seikatsu,popular_articles
dmagazine-toha,dマガジンとは?月額料金と読める雑誌数をわかりやすく解説,seikatsu,6,3_tag_match,lemino-premium-toha,Leminoプレミアムとは?月額料金とdポイント還元をわかりやすく解説,seikatsu,popular_articles
dmagazine-toha,dマガジンとは?月額料金と読める雑誌数をわかりやすく解説,seikatsu,7,4_same_thumb_type,anshin-security-toha,あんしんセキュリティとは?月額料金と機能をわかりやすく解説,seikatsu,popular_articles
dmagazine-toha,dマガジンとは?月額料金と読める雑誌数をわかりやすく解説,seikatsu,8,4_same_thumb_type,busnoru-poikatsu,バスのるとは?高速バス予約と「バスのるポイント」を解説,seikatsu,popular_articles
dmagazine-toha,dマガジンとは?月額料金と読める雑誌数をわかりやすく解説,seikatsu,9,4_same_thumb_type,dhits-toha,dヒッツとは?月額300円からの音楽聴き放題サービスを解説,seikatsu,popular_articles
dmagazine-toha,dマガジンとは?月額料金と読める雑誌数をわかりやすく解説,seikatsu,10,4_same_thumb_type,dmmbooks-toha,DMMブックスとは?特徴とポイントの貯め方をわかりやすく解説,seikatsu,popular_articles
dmm-kabu-poikatsu,DMM株とは?少額投資・低手数料が魅力の株式投資アプリを解説,kouza,1,2_inbound_link,shouken-kouza-anken-poikatsu,証券口座開設案件でポイ活する方法!投資前提で注意したい基本,kouza,popular_articles
dmm-kabu-poikatsu,DMM株とは?少額投資・低手数料が魅力の株式投資アプリを解説,kouza,2,4_same_thumb_type,matsui-shouken-ideco-poikatsu,松井証券のiDeCoとは?手数料0円・低コスト商品の特徴を解説,kouza,popular_articles
dmm-kabu-poikatsu,DMM株とは?少額投資・低手数料が魅力の株式投資アプリを解説,kouza,3,5_category_hub,point-tamaru-ginkou-hikaku,ポイントが貯まる銀行を比較!d・楽天・V・Ponta・PayPay系の選び方,kouza,popular_articles
dmm-kabu-poikatsu,DMM株とは?少額投資・低手数料が魅力の株式投資アプリを解説,kouza,4,5_category_hub,docomo-ginkou-dpoint-poikatsu,ドコモの銀行でdポイントを貯める方法|dアカウント連携・還元条件,kouza,popular_articles
dmm-kabu-poikatsu,DMM株とは?少額投資・低手数料が魅力の株式投資アプリを解説,kouza,5,6_same_category,monex-shouken-toha,マネックス証券とは?特徴とポイントの貯め方をわかりやすく解説,kouza,popular_articles
dmm-kabu-poikatsu,DMM株とは?少額投資・低手数料が魅力の株式投資アプリを解説,kouza,6,6_same_category,net-ginkou-poikatsu,ネット銀行を使ったポイ活術!振込・ATM・残高条件の見方,kouza,popular_articles
dmm-kabu-poikatsu,DMM株とは?少額投資・低手数料が魅力の株式投資アプリを解説,kouza,7,6_same_category,paypaysec-shouken-toha,PayPay証券とは?特徴とポイントの貯め方をわかりやすく解説,kouza,popular_articles
dmm-kabu-poikatsu,DMM株とは?少額投資・低手数料が魅力の株式投資アプリを解説,kouza,8,6_same_category,rakuten-ginkou-happy-program,楽天銀行ハッピープログラムの基本!銀行取引で楽天ポイントを貯める方法,kouza,popular_articles
dmm-kabu-poikatsu,DMM株とは?少額投資・低手数料が魅力の株式投資アプリを解説,kouza,9,6_same_category,rakuten-shouken-toha,楽天証券とは?特徴とポイントの貯め方をわかりやすく解説,kouza,popular_articles
dmm-kabu-poikatsu,DMM株とは?少額投資・低手数料が魅力の株式投資アプリを解説,kouza,10,6_same_category,sbisec-shouken-toha,SBI証券とは?特徴とポイントの貯め方をわかりやすく解説,kouza,popular_articles
dmmbooks-toha,DMMブックスとは?特徴とポイントの貯め方をわかりやすく解説,seikatsu,1,1_own_outbound_link,hon-denshi-shoseki-poikatsu,本・電子書籍のポイ活方法|楽天ブックス・Kobo・hontoの還元率を比較,shopping,popular_articles
dmmbooks-toha,DMMブックスとは?特徴とポイントの貯め方をわかりやすく解説,seikatsu,2,4_same_thumb_type,ahamo-toha,ahamoとは?月額料金とdポイントの貯め方をわかりやすく解説,seikatsu,popular_articles
dmmbooks-toha,DMMブックスとは?特徴とポイントの貯め方をわかりやすく解説,seikatsu,3,4_same_thumb_type,anshin-security-toha,あんしんセキュリティとは?月額料金と機能をわかりやすく解説,seikatsu,popular_articles
dmmbooks-toha,DMMブックスとは?特徴とポイントの貯め方をわかりやすく解説,seikatsu,4,4_same_thumb_type,busnoru-poikatsu,バスのるとは?高速バス予約と「バスのるポイント」を解説,seikatsu,popular_articles
dmmbooks-toha,DMMブックスとは?特徴とポイントの貯め方をわかりやすく解説,seikatsu,5,4_same_thumb_type,dcarshare-toha,dカーシェアとは?特徴とdポイントの貯め方をわかりやすく解説,seikatsu,popular_articles
dmmbooks-toha,DMMブックスとは?特徴とポイントの貯め方をわかりやすく解説,seikatsu,6,4_same_thumb_type,dhealthcare-toha,dヘルスケアとは?歩数・体重記録でdポイントが貯まる仕組みを解説,seikatsu,popular_articles
dmmbooks-toha,DMMブックスとは?特徴とポイントの貯め方をわかりやすく解説,seikatsu,7,4_same_thumb_type,dhits-toha,dヒッツとは?月額300円からの音楽聴き放題サービスを解説,seikatsu,popular_articles
dmmbooks-toha,DMMブックスとは?特徴とポイントの貯め方をわかりやすく解説,seikatsu,8,4_same_thumb_type,dmagazine-toha,dマガジンとは?月額料金と読める雑誌数をわかりやすく解説,seikatsu,popular_articles
dmmbooks-toha,DMMブックスとは?特徴とポイントの貯め方をわかりやすく解説,seikatsu,9,4_same_thumb_type,dphoto-toha,dフォトとは?毎月フォトブックが届くサービスをわかりやすく解説,seikatsu,popular_articles
dmmbooks-toha,DMMブックスとは?特徴とポイントの貯め方をわかりやすく解説,seikatsu,10,4_same_thumb_type,hikaritv-toha,ひかりTVとは?特徴と料金プランをわかりやすく解説,seikatsu,popular_articles
docomo-ahamo-dpoint,ドコモ・ahamoユーザーはdポイントにまとめるべき?相性の良いサービスを解説,shopping,1,1_own_outbound_link,dpoint-tsukaikata,dポイントの使い方とは?店舗・連携・交換まで完全ガイド,,popular_articles
docomo-ahamo-dpoint,ドコモ・ahamoユーザーはdポイントにまとめるべき?相性の良いサービスを解説,shopping,2,1_own_outbound_link,dcard-poikatsu,dカードはポイ活におすすめ?dポイントを貯めやすい人の特徴,creditcard,popular_articles
docomo-ahamo-dpoint,ドコモ・ahamoユーザーはdポイントにまとめるべき?相性の良いサービスを解説,shopping,3,1_own_outbound_link,ahamo-hikari-poikatsu,ahamo光とは?料金・dポイント特典・工事費無料の条件を解説,seikatsu,popular_articles
docomo-ahamo-dpoint,ドコモ・ahamoユーザーはdポイントにまとめるべき?相性の良いサービスを解説,shopping,4,1_own_outbound_link,docomo-denki-poikatsu,ドコモでんきとは?電気代でdポイントが貯まる仕組みを解説,seikatsu,popular_articles
docomo-ahamo-dpoint,ドコモ・ahamoユーザーはdポイントにまとめるべき?相性の良いサービスを解説,shopping,5,1_own_outbound_link,rakuten-mobile-rakuten-point,楽天モバイルなら楽天ポイントにまとめるべき?楽天経済圏との相性を解説,shopping,popular_articles
docomo-ahamo-dpoint,ドコモ・ahamoユーザーはdポイントにまとめるべき?相性の良いサービスを解説,shopping,6,1_own_outbound_link,au-uq-ponta,au・UQユーザーはPontaポイントにまとめるべき?相性の良いサービスを解説,shopping,popular_articles
docomo-ahamo-dpoint,ドコモ・ahamoユーザーはdポイントにまとめるべき?相性の良いサービスを解説,shopping,7,1_own_outbound_link,yosekatsu,ポイ活の新常識!ポイントを分散せず効率よく貯める「寄せ活」の始め方,pointsite,popular_articles
docomo-ahamo-dpoint,ドコモ・ahamoユーザーはdポイントにまとめるべき?相性の良いサービスを解説,shopping,8,1_own_outbound_link,dpoint-ponta-hikaku,dポイントとPontaはどっちが得?貯め方・使える店・有効期限を比較,shopping,popular_articles
docomo-ahamo-dpoint,ドコモ・ahamoユーザーはdポイントにまとめるべき?相性の良いサービスを解説,shopping,9,2_inbound_link,d-point-supermarket,dポイントが貯まるスーパー一覧|使える店舗・地域スーパーも比較,shopping,popular_articles
docomo-ahamo-dpoint,ドコモ・ahamoユーザーはdポイントにまとめるべき?相性の良いサービスを解説,shopping,10,3_tag_match,ana-jal-mile-hikaku,ANAマイルとJALマイルはどっち?貯めやすさ・使いやすさを比較,shopping,popular_articles
docomo-denki-poikatsu,ドコモでんきとは?電気代でdポイントが貯まる仕組みを解説,seikatsu,1,2_inbound_link,denryoku-norikae-point,電力会社乗り換えでポイントを貯める方法!料金比較と特典の見方,shopping,popular_articles
docomo-denki-poikatsu,ドコモでんきとは?電気代でdポイントが貯まる仕組みを解説,seikatsu,2,2_inbound_link,docomo-ahamo-dpoint,ドコモ・ahamoユーザーはdポイントにまとめるべき?相性の良いサービスを解説,shopping,popular_articles
docomo-denki-poikatsu,ドコモでんきとは?電気代でdポイントが貯まる仕組みを解説,seikatsu,3,2_inbound_link,dpoint-dharai-tamekata,dポイント・d払いの貯め方とは?もらう方法・使い方を解説,,popular_articles
docomo-denki-poikatsu,ドコモでんきとは?電気代でdポイントが貯まる仕組みを解説,seikatsu,4,2_inbound_link,dpoint-tsukaikata,dポイントの使い方とは?店舗・連携・交換まで完全ガイド,,popular_articles
docomo-denki-poikatsu,ドコモでんきとは?電気代でdポイントが貯まる仕組みを解説,seikatsu,5,2_inbound_link,koukyou-ryokin-poikatsu,電気・ガス・水道でポイントは貯まる?公共料金ポイ活の基本,shopping,popular_articles
docomo-denki-poikatsu,ドコモでんきとは?電気代でdポイントが貯まる仕組みを解説,seikatsu,6,4_same_thumb_type,ahamo-hikari-poikatsu,ahamo光とは?料金・dポイント特典・工事費無料の条件を解説,seikatsu,popular_articles
docomo-denki-poikatsu,ドコモでんきとは?電気代でdポイントが貯まる仕組みを解説,seikatsu,7,4_same_thumb_type,ana-hikari-poikatsu,ANAマイルが貯まる光回線が登場!「ANA光 powered by SoftBank」を徹底解説,seikatsu,popular_articles
docomo-denki-poikatsu,ドコモでんきとは?電気代でdポイントが貯まる仕組みを解説,seikatsu,8,4_same_thumb_type,auhikari-poikatsu,auひかりとは?NEXT経由の申込みでキャッシュバックが早いって本当?,seikatsu,popular_articles
docomo-denki-poikatsu,ドコモでんきとは?電気代でdポイントが貯まる仕組みを解説,seikatsu,9,4_same_thumb_type,biglobe-hikari-poikatsu,BIGLOBE光とは?フレッツ光の設備を使った高速・格安光回線を解説,seikatsu,popular_articles
docomo-denki-poikatsu,ドコモでんきとは?電気代でdポイントが貯まる仕組みを解説,seikatsu,10,4_same_thumb_type,nifty-docomo-hikari-poikatsu,@nifty with ドコモ光とは?キャッシュバックと料金・特典を解説,seikatsu,popular_articles
docomo-ginkou-dpoint-poikatsu,ドコモの銀行でdポイントを貯める方法|dアカウント連携・還元条件,kouza,1,1_own_outbound_link,dpoint-dharai-tamekata,dポイント・d払いの貯め方とは?もらう方法・使い方を解説,,popular_articles
docomo-ginkou-dpoint-poikatsu,ドコモの銀行でdポイントを貯める方法|dアカウント連携・還元条件,kouza,2,1_own_outbound_link,point-tamaru-ginkou-hikaku,ポイントが貯まる銀行を比較!d・楽天・V・Ponta・PayPay系の選び方,kouza,popular_articles
docomo-ginkou-dpoint-poikatsu,ドコモの銀行でdポイントを貯める方法|dアカウント連携・還元条件,kouza,3,2_inbound_link,net-ginkou-poikatsu,ネット銀行を使ったポイ活術!振込・ATM・残高条件の見方,kouza,popular_articles
docomo-ginkou-dpoint-poikatsu,ドコモの銀行でdポイントを貯める方法|dアカウント連携・還元条件,kouza,4,3_tag_match,monex-shouken-toha,マネックス証券とは?特徴とポイントの貯め方をわかりやすく解説,kouza,popular_articles
docomo-ginkou-dpoint-poikatsu,ドコモの銀行でdポイントを貯める方法|dアカウント連携・還元条件,kouza,5,6_same_category,dmm-kabu-poikatsu,DMM株とは?少額投資・低手数料が魅力の株式投資アプリを解説,kouza,popular_articles
docomo-ginkou-dpoint-poikatsu,ドコモの銀行でdポイントを貯める方法|dアカウント連携・還元条件,kouza,6,6_same_category,matsui-shouken-ideco-poikatsu,松井証券のiDeCoとは?手数料0円・低コスト商品の特徴を解説,kouza,popular_articles
docomo-ginkou-dpoint-poikatsu,ドコモの銀行でdポイントを貯める方法|dアカウント連携・還元条件,kouza,7,6_same_category,paypaysec-shouken-toha,PayPay証券とは?特徴とポイントの貯め方をわかりやすく解説,kouza,popular_articles
docomo-ginkou-dpoint-poikatsu,ドコモの銀行でdポイントを貯める方法|dアカウント連携・還元条件,kouza,8,6_same_category,rakuten-ginkou-happy-program,楽天銀行ハッピープログラムの基本!銀行取引で楽天ポイントを貯める方法,kouza,popular_articles
docomo-ginkou-dpoint-poikatsu,ドコモの銀行でdポイントを貯める方法|dアカウント連携・還元条件,kouza,9,6_same_category,rakuten-shouken-toha,楽天証券とは?特徴とポイントの貯め方をわかりやすく解説,kouza,popular_articles
docomo-ginkou-dpoint-poikatsu,ドコモの銀行でdポイントを貯める方法|dアカウント連携・還元条件,kouza,10,6_same_category,sbisec-shouken-toha,SBI証券とは?特徴とポイントの貯め方をわかりやすく解説,kouza,popular_articles
docomo-select-toha,docomo selectとは?スマホアクセサリー購入とdポイントを解説,shopping,1,3_tag_match,code-kessai-4sha-hikaku,コード決済4社を徹底比較|PayPay・d払い・楽天ペイ・au PAY,shopping,popular_articles
docomo-select-toha,docomo selectとは?スマホアクセサリー購入とdポイントを解説,shopping,2,3_tag_match,d-point-supermarket,dポイントが貯まるスーパー一覧|使える店舗・地域スーパーも比較,shopping,popular_articles
docomo-select-toha,docomo selectとは?スマホアクセサリー購入とdポイントを解説,shopping,3,3_tag_match,docomo-ahamo-dpoint,ドコモ・ahamoユーザーはdポイントにまとめるべき?相性の良いサービスを解説,shopping,popular_articles
docomo-select-toha,docomo selectとは?スマホアクセサリー購入とdポイントを解説,shopping,4,3_tag_match,doramori-point,ドラッグストアモリのポイントを解説|ポイントデー・使い方・キャッシュレス時の条件,shopping,popular_articles
docomo-select-toha,docomo selectとは?スマホアクセサリー購入とdポイントを解説,shopping,5,3_tag_match,dpoint-d-harai,d払いでdポイントを貯める方法!日常決済で活用するコツ,shopping,popular_articles
docomo-select-toha,docomo selectとは?スマホアクセサリー購入とdポイントを解説,shopping,6,3_tag_match,dpoint-hanei-sarenai,dポイントが反映されない原因は?dポイントマーケットの確認方法も解説,shopping,popular_articles
docomo-select-toha,docomo selectとは?スマホアクセサリー購入とdポイントを解説,shopping,7,3_tag_match,dpoint-kiso,dポイントの貯め方を初心者向けに解説!ドコモ以外の人でも使える?,shopping,popular_articles
docomo-select-toha,docomo selectとは?スマホアクセサリー購入とdポイントを解説,shopping,8,3_tag_match,dpoint-ponta-hikaku,dポイントとPontaはどっちが得?貯め方・使える店・有効期限を比較,shopping,popular_articles
docomo-select-toha,docomo selectとは?スマホアクセサリー購入とdポイントを解説,shopping,9,3_tag_match,dpoint-tsukaimichi,dポイントのおすすめの使い道!コンビニ・ドラッグストア・ネットで使う方法,shopping,popular_articles
docomo-select-toha,docomo selectとは?スマホアクセサリー購入とdポイントを解説,shopping,10,3_tag_match,drugstore-point-hikaku,ドラッグストアのポイントを徹底比較|マツキヨ・ウエルシア・スギ薬局・ツルハなど,shopping,popular_articles
doramori-point,ドラッグストアモリのポイントを解説|ポイントデー・使い方・キャッシュレス時の条件,shopping,1,1_own_outbound_link,drugstore-point-hikaku,ドラッグストアのポイントを徹底比較|マツキヨ・ウエルシア・スギ薬局・ツルハなど,shopping,popular_articles
doramori-point,ドラッグストアモリのポイントを解説|ポイントデー・使い方・キャッシュレス時の条件,shopping,2,3_tag_match,code-kessai-4sha-hikaku,コード決済4社を徹底比較|PayPay・d払い・楽天ペイ・au PAY,shopping,popular_articles
doramori-point,ドラッグストアモリのポイントを解説|ポイントデー・使い方・キャッシュレス時の条件,shopping,3,3_tag_match,d-point-supermarket,dポイントが貯まるスーパー一覧|使える店舗・地域スーパーも比較,shopping,popular_articles
doramori-point,ドラッグストアモリのポイントを解説|ポイントデー・使い方・キャッシュレス時の条件,shopping,4,3_tag_match,docomo-ahamo-dpoint,ドコモ・ahamoユーザーはdポイントにまとめるべき?相性の良いサービスを解説,shopping,popular_articles
doramori-point,ドラッグストアモリのポイントを解説|ポイントデー・使い方・キャッシュレス時の条件,shopping,5,3_tag_match,docomo-select-toha,docomo selectとは?スマホアクセサリー購入とdポイントを解説,shopping,popular_articles
doramori-point,ドラッグストアモリのポイントを解説|ポイントデー・使い方・キャッシュレス時の条件,shopping,6,3_tag_match,dpoint-d-harai,d払いでdポイントを貯める方法!日常決済で活用するコツ,shopping,popular_articles
doramori-point,ドラッグストアモリのポイントを解説|ポイントデー・使い方・キャッシュレス時の条件,shopping,7,3_tag_match,dpoint-hanei-sarenai,dポイントが反映されない原因は?dポイントマーケットの確認方法も解説,shopping,popular_articles
doramori-point,ドラッグストアモリのポイントを解説|ポイントデー・使い方・キャッシュレス時の条件,shopping,8,3_tag_match,dpoint-kiso,dポイントの貯め方を初心者向けに解説!ドコモ以外の人でも使える?,shopping,popular_articles
doramori-point,ドラッグストアモリのポイントを解説|ポイントデー・使い方・キャッシュレス時の条件,shopping,9,3_tag_match,dpoint-ponta-hikaku,dポイントとPontaはどっちが得?貯め方・使える店・有効期限を比較,shopping,popular_articles
doramori-point,ドラッグストアモリのポイントを解説|ポイントデー・使い方・キャッシュレス時の条件,shopping,10,3_tag_match,dpoint-tsukaimichi,dポイントのおすすめの使い道!コンビニ・ドラッグストア・ネットで使う方法,shopping,popular_articles
doutor-tullys-poikatsu,ドトール・タリーズでポイ活する方法!カフェ利用時の支払い術,shopping,1,4_same_thumb_type,aupay-market-poikatsu,au PAYマーケットでポイントを活用する方法!買い物前の確認ポイント,shopping,popular_articles
doutor-tullys-poikatsu,ドトール・タリーズでポイ活する方法!カフェ利用時の支払い術,shopping,2,4_same_thumb_type,aupay-ponta,au PAYでPontaポイントを貯める方法!スマホ決済との組み合わせを解説,shopping,popular_articles
doutor-tullys-poikatsu,ドトール・タリーズでポイ活する方法!カフェ利用時の支払い術,shopping,3,4_same_thumb_type,biyouin-salon-point,美容院・サロン代をポイントで節約!予約前に見るべき条件と使い方,shopping,popular_articles
doutor-tullys-poikatsu,ドトール・タリーズでポイ活する方法!カフェ利用時の支払い術,shopping,4,4_same_thumb_type,coke-on-setsuyaku,Coke ONで飲み物代を節約する方法!スタンプ・チケット活用の基本,shopping,popular_articles
doutor-tullys-poikatsu,ドトール・タリーズでポイ活する方法!カフェ利用時の支払い術,shopping,5,4_same_thumb_type,demaecan-poikatsu,出前館でポイ活する方法!注文前に確認したい割引とポイント,shopping,popular_articles
doutor-tullys-poikatsu,ドトール・タリーズでポイ活する方法!カフェ利用時の支払い術,shopping,6,4_same_thumb_type,dpoint-d-harai,d払いでdポイントを貯める方法!日常決済で活用するコツ,shopping,popular_articles
doutor-tullys-poikatsu,ドトール・タリーズでポイ活する方法!カフェ利用時の支払い術,shopping,7,4_same_thumb_type,drugstore-poikatsu,ドラッグストアでポイ活する方法!日用品・薬・コスメでポイントを貯める,shopping,popular_articles
doutor-tullys-poikatsu,ドトール・タリーズでポイ活する方法!カフェ利用時の支払い術,shopping,8,4_same_thumb_type,famiresu-cafe-point,ファミレス・カフェでポイントを貯める方法!外食前のアプリ確認術,shopping,popular_articles
doutor-tullys-poikatsu,ドトール・タリーズでポイ活する方法!カフェ利用時の支払い術,shopping,9,4_same_thumb_type,gaishoku-point-tameru,外食でポイントを貯める方法!予約サイト・決済・アプリ活用の基本,shopping,popular_articles
doutor-tullys-poikatsu,ドトール・タリーズでポイ活する方法!カフェ利用時の支払い術,shopping,10,4_same_thumb_type,homecenter-app-katsuyou,ホームセンターの会員アプリ活用術!DIY用品と日用品をお得に買う方法,shopping,popular_articles
dphoto-toha,dフォトとは?毎月フォトブックが届くサービスをわかりやすく解説,seikatsu,1,4_same_thumb_type,ahamo-toha,ahamoとは?月額料金とdポイントの貯め方をわかりやすく解説,seikatsu,popular_articles
dphoto-toha,dフォトとは?毎月フォトブックが届くサービスをわかりやすく解説,seikatsu,2,4_same_thumb_type,anshin-security-toha,あんしんセキュリティとは?月額料金と機能をわかりやすく解説,seikatsu,popular_articles
dphoto-toha,dフォトとは?毎月フォトブックが届くサービスをわかりやすく解説,seikatsu,3,4_same_thumb_type,busnoru-poikatsu,バスのるとは?高速バス予約と「バスのるポイント」を解説,seikatsu,popular_articles
dphoto-toha,dフォトとは?毎月フォトブックが届くサービスをわかりやすく解説,seikatsu,4,4_same_thumb_type,dcarshare-toha,dカーシェアとは?特徴とdポイントの貯め方をわかりやすく解説,seikatsu,popular_articles
dphoto-toha,dフォトとは?毎月フォトブックが届くサービスをわかりやすく解説,seikatsu,5,4_same_thumb_type,dhealthcare-toha,dヘルスケアとは?歩数・体重記録でdポイントが貯まる仕組みを解説,seikatsu,popular_articles
dphoto-toha,dフォトとは?毎月フォトブックが届くサービスをわかりやすく解説,seikatsu,6,4_same_thumb_type,dhits-toha,dヒッツとは?月額300円からの音楽聴き放題サービスを解説,seikatsu,popular_articles
dphoto-toha,dフォトとは?毎月フォトブックが届くサービスをわかりやすく解説,seikatsu,7,4_same_thumb_type,dmagazine-toha,dマガジンとは?月額料金と読める雑誌数をわかりやすく解説,seikatsu,popular_articles
dphoto-toha,dフォトとは?毎月フォトブックが届くサービスをわかりやすく解説,seikatsu,8,4_same_thumb_type,dmmbooks-toha,DMMブックスとは?特徴とポイントの貯め方をわかりやすく解説,seikatsu,popular_articles
dphoto-toha,dフォトとは?毎月フォトブックが届くサービスをわかりやすく解説,seikatsu,9,4_same_thumb_type,hikaritv-toha,ひかりTVとは?特徴と料金プランをわかりやすく解説,seikatsu,popular_articles
dphoto-toha,dフォトとは?毎月フォトブックが届くサービスをわかりやすく解説,seikatsu,10,4_same_thumb_type,jalan-golf-toha,じゃらんゴルフとは?特徴とポイントの貯め方をわかりやすく解説,seikatsu,popular_articles
dpoint-d-harai,d払いでdポイントを貯める方法!日常決済で活用するコツ,shopping,1,3_tag_match,code-kessai-4sha-hikaku,コード決済4社を徹底比較|PayPay・d払い・楽天ペイ・au PAY,shopping,popular_articles
dpoint-d-harai,d払いでdポイントを貯める方法!日常決済で活用するコツ,shopping,2,3_tag_match,d-point-supermarket,dポイントが貯まるスーパー一覧|使える店舗・地域スーパーも比較,shopping,popular_articles
dpoint-d-harai,d払いでdポイントを貯める方法!日常決済で活用するコツ,shopping,3,3_tag_match,docomo-ahamo-dpoint,ドコモ・ahamoユーザーはdポイントにまとめるべき?相性の良いサービスを解説,shopping,popular_articles
dpoint-d-harai,d払いでdポイントを貯める方法!日常決済で活用するコツ,shopping,4,3_tag_match,docomo-select-toha,docomo selectとは?スマホアクセサリー購入とdポイントを解説,shopping,popular_articles
dpoint-d-harai,d払いでdポイントを貯める方法!日常決済で活用するコツ,shopping,5,3_tag_match,doramori-point,ドラッグストアモリのポイントを解説|ポイントデー・使い方・キャッシュレス時の条件,shopping,popular_articles
dpoint-d-harai,d払いでdポイントを貯める方法!日常決済で活用するコツ,shopping,6,3_tag_match,dpoint-hanei-sarenai,dポイントが反映されない原因は?dポイントマーケットの確認方法も解説,shopping,popular_articles
dpoint-d-harai,d払いでdポイントを貯める方法!日常決済で活用するコツ,shopping,7,3_tag_match,dpoint-kiso,dポイントの貯め方を初心者向けに解説!ドコモ以外の人でも使える?,shopping,popular_articles
dpoint-d-harai,d払いでdポイントを貯める方法!日常決済で活用するコツ,shopping,8,3_tag_match,dpoint-ponta-hikaku,dポイントとPontaはどっちが得?貯め方・使える店・有効期限を比較,shopping,popular_articles
dpoint-d-harai,d払いでdポイントを貯める方法!日常決済で活用するコツ,shopping,9,3_tag_match,dpoint-tsukaimichi,dポイントのおすすめの使い道!コンビニ・ドラッグストア・ネットで使う方法,shopping,popular_articles
dpoint-d-harai,d払いでdポイントを貯める方法!日常決済で活用するコツ,shopping,10,3_tag_match,drugstore-point-hikaku,ドラッグストアのポイントを徹底比較|マツキヨ・ウエルシア・スギ薬局・ツルハなど,shopping,popular_articles
dpoint-dharai-tamekata,dポイント・d払いの貯め方とは?もらう方法・使い方を解説,,1,1_own_outbound_link,ahamo-hikari-poikatsu,ahamo光とは?料金・dポイント特典・工事費無料の条件を解説,seikatsu,popular_articles
dpoint-dharai-tamekata,dポイント・d払いの貯め方とは?もらう方法・使い方を解説,,2,1_own_outbound_link,docomo-denki-poikatsu,ドコモでんきとは?電気代でdポイントが貯まる仕組みを解説,seikatsu,popular_articles
dpoint-dharai-tamekata,dポイント・d払いの貯め方とは?もらう方法・使い方を解説,,3,1_own_outbound_link,d-value-pass-poikatsu,dバリューパスとは?初月無料で壁紙・待受が使い放題のサブスク,seikatsu,popular_articles
dpoint-dharai-tamekata,dポイント・d払いの貯め方とは?もらう方法・使い方を解説,,4,1_own_outbound_link,dshopping-toha,dショッピングとは?特徴とポイントの貯め方をわかりやすく解説,shopping,popular_articles
dpoint-dharai-tamekata,dポイント・d払いの貯め方とは?もらう方法・使い方を解説,,5,1_own_outbound_link,jalan-net-poikatsu,じゃらんnetとは?宿・ホテル予約でポイントが貯まる仕組みを解説,campaign,popular_articles
dpoint-dharai-tamekata,dポイント・d払いの貯め方とは?もらう方法・使い方を解説,,6,1_own_outbound_link,dpoint-tsukaikata,dポイントの使い方とは?店舗・連携・交換まで完全ガイド,,popular_articles
dpoint-dharai-tamekata,dポイント・d払いの貯め方とは?もらう方法・使い方を解説,,7,1_own_outbound_link,dpoint-hanei-sarenai,dポイントが反映されない原因は?dポイントマーケットの確認方法も解説,shopping,popular_articles
dpoint-dharai-tamekata,dポイント・d払いの貯め方とは?もらう方法・使い方を解説,,8,2_inbound_link,docomo-ginkou-dpoint-poikatsu,ドコモの銀行でdポイントを貯める方法|dアカウント連携・還元条件,kouza,popular_articles
dpoint-hanei-sarenai,dポイントが反映されない原因は?dポイントマーケットの確認方法も解説,shopping,1,2_inbound_link,dpoint-dharai-tamekata,dポイント・d払いの貯め方とは?もらう方法・使い方を解説,,popular_articles
dpoint-hanei-sarenai,dポイントが反映されない原因は?dポイントマーケットの確認方法も解説,shopping,2,3_tag_match,code-kessai-4sha-hikaku,コード決済4社を徹底比較|PayPay・d払い・楽天ペイ・au PAY,shopping,popular_articles
dpoint-hanei-sarenai,dポイントが反映されない原因は?dポイントマーケットの確認方法も解説,shopping,3,3_tag_match,d-point-supermarket,dポイントが貯まるスーパー一覧|使える店舗・地域スーパーも比較,shopping,popular_articles
dpoint-hanei-sarenai,dポイントが反映されない原因は?dポイントマーケットの確認方法も解説,shopping,4,3_tag_match,docomo-ahamo-dpoint,ドコモ・ahamoユーザーはdポイントにまとめるべき?相性の良いサービスを解説,shopping,popular_articles
dpoint-hanei-sarenai,dポイントが反映されない原因は?dポイントマーケットの確認方法も解説,shopping,5,3_tag_match,docomo-select-toha,docomo selectとは?スマホアクセサリー購入とdポイントを解説,shopping,popular_articles
dpoint-hanei-sarenai,dポイントが反映されない原因は?dポイントマーケットの確認方法も解説,shopping,6,3_tag_match,doramori-point,ドラッグストアモリのポイントを解説|ポイントデー・使い方・キャッシュレス時の条件,shopping,popular_articles
dpoint-hanei-sarenai,dポイントが反映されない原因は?dポイントマーケットの確認方法も解説,shopping,7,3_tag_match,dpoint-d-harai,d払いでdポイントを貯める方法!日常決済で活用するコツ,shopping,popular_articles
dpoint-hanei-sarenai,dポイントが反映されない原因は?dポイントマーケットの確認方法も解説,shopping,8,3_tag_match,dpoint-kiso,dポイントの貯め方を初心者向けに解説!ドコモ以外の人でも使える?,shopping,popular_articles
dpoint-hanei-sarenai,dポイントが反映されない原因は?dポイントマーケットの確認方法も解説,shopping,9,3_tag_match,dpoint-ponta-hikaku,dポイントとPontaはどっちが得?貯め方・使える店・有効期限を比較,shopping,popular_articles
dpoint-hanei-sarenai,dポイントが反映されない原因は?dポイントマーケットの確認方法も解説,shopping,10,3_tag_match,dpoint-tsukaimichi,dポイントのおすすめの使い道!コンビニ・ドラッグストア・ネットで使う方法,shopping,popular_articles
dpoint-kiso,dポイントの貯め方を初心者向けに解説!ドコモ以外の人でも使える?,shopping,1,2_inbound_link,d-point-supermarket,dポイントが貯まるスーパー一覧|使える店舗・地域スーパーも比較,shopping,popular_articles
dpoint-kiso,dポイントの貯め方を初心者向けに解説!ドコモ以外の人でも使える?,shopping,2,3_tag_match,code-kessai-4sha-hikaku,コード決済4社を徹底比較|PayPay・d払い・楽天ペイ・au PAY,shopping,popular_articles
dpoint-kiso,dポイントの貯め方を初心者向けに解説!ドコモ以外の人でも使える?,shopping,3,3_tag_match,docomo-ahamo-dpoint,ドコモ・ahamoユーザーはdポイントにまとめるべき?相性の良いサービスを解説,shopping,popular_articles
dpoint-kiso,dポイントの貯め方を初心者向けに解説!ドコモ以外の人でも使える?,shopping,4,3_tag_match,docomo-select-toha,docomo selectとは?スマホアクセサリー購入とdポイントを解説,shopping,popular_articles
dpoint-kiso,dポイントの貯め方を初心者向けに解説!ドコモ以外の人でも使える?,shopping,5,3_tag_match,doramori-point,ドラッグストアモリのポイントを解説|ポイントデー・使い方・キャッシュレス時の条件,shopping,popular_articles
dpoint-kiso,dポイントの貯め方を初心者向けに解説!ドコモ以外の人でも使える?,shopping,6,3_tag_match,dpoint-d-harai,d払いでdポイントを貯める方法!日常決済で活用するコツ,shopping,popular_articles
dpoint-kiso,dポイントの貯め方を初心者向けに解説!ドコモ以外の人でも使える?,shopping,7,3_tag_match,dpoint-hanei-sarenai,dポイントが反映されない原因は?dポイントマーケットの確認方法も解説,shopping,popular_articles
dpoint-kiso,dポイントの貯め方を初心者向けに解説!ドコモ以外の人でも使える?,shopping,8,3_tag_match,dpoint-ponta-hikaku,dポイントとPontaはどっちが得?貯め方・使える店・有効期限を比較,shopping,popular_articles
dpoint-kiso,dポイントの貯め方を初心者向けに解説!ドコモ以外の人でも使える?,shopping,9,3_tag_match,dpoint-tsukaimichi,dポイントのおすすめの使い道!コンビニ・ドラッグストア・ネットで使う方法,shopping,popular_articles
dpoint-kiso,dポイントの貯め方を初心者向けに解説!ドコモ以外の人でも使える?,shopping,10,3_tag_match,drugstore-point-hikaku,ドラッグストアのポイントを徹底比較|マツキヨ・ウエルシア・スギ薬局・ツルハなど,shopping,popular_articles
dpoint-ponta-hikaku,dポイントとPontaはどっちが得?貯め方・使える店・有効期限を比較,shopping,1,1_own_outbound_link,kikangentei-point-5shu-hikaku,期間限定ポイント5種を比較!失効前に使い切る方法,shopping,popular_articles
dpoint-ponta-hikaku,dポイントとPontaはどっちが得?貯め方・使える店・有効期限を比較,shopping,2,1_own_outbound_link,docomo-ahamo-dpoint,ドコモ・ahamoユーザーはdポイントにまとめるべき?相性の良いサービスを解説,shopping,popular_articles
dpoint-ponta-hikaku,dポイントとPontaはどっちが得?貯め方・使える店・有効期限を比較,shopping,3,1_own_outbound_link,au-uq-ponta,au・UQユーザーはPontaポイントにまとめるべき?相性の良いサービスを解説,shopping,popular_articles
dpoint-ponta-hikaku,dポイントとPontaはどっちが得?貯め方・使える店・有効期限を比較,shopping,4,1_own_outbound_link,point-toushi-unyou-service-hikaku,ポイント投資・ポイント運用を主要サービスで比較,shopping,popular_articles
dpoint-ponta-hikaku,dポイントとPontaはどっちが得?貯め方・使える店・有効期限を比較,shopping,5,1_own_outbound_link,point-tamaru-ginkou-hikaku,ポイントが貯まる銀行を比較!d・楽天・V・Ponta・PayPay系の選び方,kouza,popular_articles
dpoint-ponta-hikaku,dポイントとPontaはどっちが得?貯め方・使える店・有効期限を比較,shopping,6,1_own_outbound_link,yosekatsu,ポイ活の新常識!ポイントを分散せず効率よく貯める「寄せ活」の始め方,pointsite,popular_articles
dpoint-ponta-hikaku,dポイントとPontaはどっちが得?貯め方・使える店・有効期限を比較,shopping,7,3_tag_match,ana-jal-mile-hikaku,ANAマイルとJALマイルはどっち?貯めやすさ・使いやすさを比較,shopping,popular_articles
dpoint-ponta-hikaku,dポイントとPontaはどっちが得?貯め方・使える店・有効期限を比較,shopping,8,3_tag_match,ana-mileageplus-hikaku,ANAマイルとMileagePlusはどっち?同じスターアライアンスで何が違う?,shopping,popular_articles
dpoint-ponta-hikaku,dポイントとPontaはどっちが得?貯め方・使える店・有効期限を比較,shopping,9,3_tag_match,aupay-market-poikatsu,au PAYマーケットでポイントを活用する方法!買い物前の確認ポイント,shopping,popular_articles
dpoint-ponta-hikaku,dポイントとPontaはどっちが得?貯め方・使える店・有効期限を比較,shopping,10,3_tag_match,aupay-market-toha,au PAY マーケットとは?特徴とポイントの貯め方をわかりやすく解説,shopping,popular_articles
dpoint-tsukaikata,dポイントの使い方とは?店舗・連携・交換まで完全ガイド,,1,1_own_outbound_link,ahamo-hikari-poikatsu,ahamo光とは?料金・dポイント特典・工事費無料の条件を解説,seikatsu,popular_articles
dpoint-tsukaikata,dポイントの使い方とは?店舗・連携・交換まで完全ガイド,,2,1_own_outbound_link,docomo-denki-poikatsu,ドコモでんきとは?電気代でdポイントが貯まる仕組みを解説,seikatsu,popular_articles
dpoint-tsukaikata,dポイントの使い方とは?店舗・連携・交換まで完全ガイド,,3,1_own_outbound_link,d-value-pass-poikatsu,dバリューパスとは?初月無料で壁紙・待受が使い放題のサブスク,seikatsu,popular_articles
dpoint-tsukaikata,dポイントの使い方とは?店舗・連携・交換まで完全ガイド,,4,1_own_outbound_link,dcard-poikatsu,dカードはポイ活におすすめ?dポイントを貯めやすい人の特徴,creditcard,popular_articles
dpoint-tsukaikata,dポイントの使い方とは?店舗・連携・交換まで完全ガイド,,5,1_own_outbound_link,jalan-net-poikatsu,じゃらんnetとは?宿・ホテル予約でポイントが貯まる仕組みを解説,campaign,popular_articles
dpoint-tsukaikata,dポイントの使い方とは?店舗・連携・交換まで完全ガイド,,6,2_inbound_link,docomo-ahamo-dpoint,ドコモ・ahamoユーザーはdポイントにまとめるべき?相性の良いサービスを解説,shopping,popular_articles
dpoint-tsukaikata,dポイントの使い方とは?店舗・連携・交換まで完全ガイド,,7,2_inbound_link,dpoint-dharai-tamekata,dポイント・d払いの貯め方とは?もらう方法・使い方を解説,,popular_articles
dpoint-tsukaimichi,dポイントのおすすめの使い道!コンビニ・ドラッグストア・ネットで使う方法,shopping,1,2_inbound_link,hyakkaten-depart-poikatsu,百貨店のポイントを比較!高島屋・三越伊勢丹・大丸松坂屋など,shopping,popular_articles
dpoint-tsukaimichi,dポイントのおすすめの使い道!コンビニ・ドラッグストア・ネットで使う方法,shopping,2,2_inbound_link,starbucks-poikatsu,スタバのポイント「Star」はどう貯まる?貯め方・交換先・有効期限を解説,shopping,popular_articles
dpoint-tsukaimichi,dポイントのおすすめの使い道!コンビニ・ドラッグストア・ネットで使う方法,shopping,3,3_tag_match,code-kessai-4sha-hikaku,コード決済4社を徹底比較|PayPay・d払い・楽天ペイ・au PAY,shopping,popular_articles
dpoint-tsukaimichi,dポイントのおすすめの使い道!コンビニ・ドラッグストア・ネットで使う方法,shopping,4,3_tag_match,d-point-supermarket,dポイントが貯まるスーパー一覧|使える店舗・地域スーパーも比較,shopping,popular_articles
dpoint-tsukaimichi,dポイントのおすすめの使い道!コンビニ・ドラッグストア・ネットで使う方法,shopping,5,3_tag_match,docomo-ahamo-dpoint,ドコモ・ahamoユーザーはdポイントにまとめるべき?相性の良いサービスを解説,shopping,popular_articles
dpoint-tsukaimichi,dポイントのおすすめの使い道!コンビニ・ドラッグストア・ネットで使う方法,shopping,6,3_tag_match,docomo-select-toha,docomo selectとは?スマホアクセサリー購入とdポイントを解説,shopping,popular_articles
dpoint-tsukaimichi,dポイントのおすすめの使い道!コンビニ・ドラッグストア・ネットで使う方法,shopping,7,3_tag_match,doramori-point,ドラッグストアモリのポイントを解説|ポイントデー・使い方・キャッシュレス時の条件,shopping,popular_articles
dpoint-tsukaimichi,dポイントのおすすめの使い道!コンビニ・ドラッグストア・ネットで使う方法,shopping,8,3_tag_match,dpoint-d-harai,d払いでdポイントを貯める方法!日常決済で活用するコツ,shopping,popular_articles
dpoint-tsukaimichi,dポイントのおすすめの使い道!コンビニ・ドラッグストア・ネットで使う方法,shopping,9,3_tag_match,dpoint-hanei-sarenai,dポイントが反映されない原因は?dポイントマーケットの確認方法も解説,shopping,popular_articles
dpoint-tsukaimichi,dポイントのおすすめの使い道!コンビニ・ドラッグストア・ネットで使う方法,shopping,10,3_tag_match,dpoint-kiso,dポイントの貯め方を初心者向けに解説!ドコモ以外の人でも使える?,shopping,popular_articles
drugstore-poikatsu,ドラッグストアでポイ活する方法!日用品・薬・コスメでポイントを貯める,shopping,1,1_own_outbound_link,drugstore-point-hikaku,ドラッグストアのポイントを徹底比較|マツキヨ・ウエルシア・スギ薬局・ツルハなど,shopping,popular_articles
drugstore-poikatsu,ドラッグストアでポイ活する方法!日用品・薬・コスメでポイントを貯める,shopping,2,1_own_outbound_link,matsukiyo-cocokara-point,マツキヨココカラのポイント制度!マツキヨココカラポイントとdポイントの関係,shopping,popular_articles
drugstore-poikatsu,ドラッグストアでポイ活する方法!日用品・薬・コスメでポイントを貯める,shopping,3,1_own_outbound_link,matsukiyo-cocokara-poikatsu,マツキヨココカラでポイ活する方法!アプリ・クーポン・決済の基本,shopping,popular_articles
drugstore-poikatsu,ドラッグストアでポイ活する方法!日用品・薬・コスメでポイントを貯める,shopping,4,2_inbound_link,hikkoshi-seikatsuyohin-poikatsu,引越し後の生活用品で使えるポイ活術!支出が増える前に確認したい節約ポイント,shopping,popular_articles
drugstore-poikatsu,ドラッグストアでポイ活する方法!日用品・薬・コスメでポイントを貯める,shopping,5,2_inbound_link,welcia-point,ウエルシアのポイント制度!WAON POINT・Vポイントと「ウエル活」の仕組み,shopping,popular_articles
drugstore-poikatsu,ドラッグストアでポイ活する方法!日用品・薬・コスメでポイントを貯める,shopping,6,2_inbound_link,welkatsu-poikatsu,ウエル活とは?ドラッグストアでポイントを活用する基本と注意点,shopping,popular_articles
drugstore-poikatsu,ドラッグストアでポイ活する方法!日用品・薬・コスメでポイントを貯める,shopping,7,4_same_thumb_type,aupay-market-poikatsu,au PAYマーケットでポイントを活用する方法!買い物前の確認ポイント,shopping,popular_articles
drugstore-poikatsu,ドラッグストアでポイ活する方法!日用品・薬・コスメでポイントを貯める,shopping,8,4_same_thumb_type,aupay-ponta,au PAYでPontaポイントを貯める方法!スマホ決済との組み合わせを解説,shopping,popular_articles
drugstore-poikatsu,ドラッグストアでポイ活する方法!日用品・薬・コスメでポイントを貯める,shopping,9,4_same_thumb_type,biyouin-salon-point,美容院・サロン代をポイントで節約!予約前に見るべき条件と使い方,shopping,popular_articles
drugstore-poikatsu,ドラッグストアでポイ活する方法!日用品・薬・コスメでポイントを貯める,shopping,10,4_same_thumb_type,coke-on-setsuyaku,Coke ONで飲み物代を節約する方法!スタンプ・チケット活用の基本,shopping,popular_articles
drugstore-point-hikaku,ドラッグストアのポイントを徹底比較|マツキヨ・ウエルシア・スギ薬局・ツルハなど,shopping,1,1_own_outbound_link,matsukiyo-cocokara-point,マツキヨココカラのポイント制度!マツキヨココカラポイントとdポイントの関係,shopping,popular_articles
drugstore-point-hikaku,ドラッグストアのポイントを徹底比較|マツキヨ・ウエルシア・スギ薬局・ツルハなど,shopping,2,1_own_outbound_link,doramori-point,ドラッグストアモリのポイントを解説|ポイントデー・使い方・キャッシュレス時の条件,shopping,popular_articles
drugstore-point-hikaku,ドラッグストアのポイントを徹底比較|マツキヨ・ウエルシア・スギ薬局・ツルハなど,shopping,3,1_own_outbound_link,seims-point,ドラッグセイムスのポイントを解説|セイムスポイントカードと楽天ポイントの関係,shopping,popular_articles
drugstore-point-hikaku,ドラッグストアのポイントを徹底比較|マツキヨ・ウエルシア・スギ薬局・ツルハなど,shopping,4,1_own_outbound_link,welcia-point,ウエルシアのポイント制度!WAON POINT・Vポイントと「ウエル活」の仕組み,shopping,popular_articles
drugstore-point-hikaku,ドラッグストアのポイントを徹底比較|マツキヨ・ウエルシア・スギ薬局・ツルハなど,shopping,5,1_own_outbound_link,sugi-point,スギ薬局のポイント制度!スギポイントの貯め方と使い方,shopping,popular_articles
drugstore-point-hikaku,ドラッグストアのポイントを徹底比較|マツキヨ・ウエルシア・スギ薬局・ツルハなど,shopping,6,1_own_outbound_link,tsuruha-point,ツルハのポイント制度!ツルハポイントカードと楽天ポイントの併用,shopping,popular_articles
drugstore-point-hikaku,ドラッグストアのポイントを徹底比較|マツキヨ・ウエルシア・スギ薬局・ツルハなど,shopping,7,2_inbound_link,drugstore-poikatsu,ドラッグストアでポイ活する方法!日用品・薬・コスメでポイントを貯める,shopping,popular_articles
drugstore-point-hikaku,ドラッグストアのポイントを徹底比較|マツキヨ・ウエルシア・スギ薬局・ツルハなど,shopping,8,2_inbound_link,matsukiyo-cocokara-poikatsu,マツキヨココカラでポイ活する方法!アプリ・クーポン・決済の基本,shopping,popular_articles
drugstore-point-hikaku,ドラッグストアのポイントを徹底比較|マツキヨ・ウエルシア・スギ薬局・ツルハなど,shopping,9,3_tag_match,au-uq-ponta,au・UQユーザーはPontaポイントにまとめるべき?相性の良いサービスを解説,shopping,popular_articles
drugstore-point-hikaku,ドラッグストアのポイントを徹底比較|マツキヨ・ウエルシア・スギ薬局・ツルハなど,shopping,10,3_tag_match,aupay-market-poikatsu,au PAYマーケットでポイントを活用する方法!買い物前の確認ポイント,shopping,popular_articles
dshopping-toha,dショッピングとは?特徴とポイントの貯め方をわかりやすく解説,shopping,1,2_inbound_link,dpoint-dharai-tamekata,dポイント・d払いの貯め方とは?もらう方法・使い方を解説,,popular_articles
dshopping-toha,dショッピングとは?特徴とポイントの貯め方をわかりやすく解説,shopping,2,3_tag_match,code-kessai-4sha-hikaku,コード決済4社を徹底比較|PayPay・d払い・楽天ペイ・au PAY,shopping,popular_articles
dshopping-toha,dショッピングとは?特徴とポイントの貯め方をわかりやすく解説,shopping,3,3_tag_match,d-point-supermarket,dポイントが貯まるスーパー一覧|使える店舗・地域スーパーも比較,shopping,popular_articles
dshopping-toha,dショッピングとは?特徴とポイントの貯め方をわかりやすく解説,shopping,4,3_tag_match,docomo-ahamo-dpoint,ドコモ・ahamoユーザーはdポイントにまとめるべき?相性の良いサービスを解説,shopping,popular_articles
dshopping-toha,dショッピングとは?特徴とポイントの貯め方をわかりやすく解説,shopping,5,3_tag_match,docomo-select-toha,docomo selectとは?スマホアクセサリー購入とdポイントを解説,shopping,popular_articles
dshopping-toha,dショッピングとは?特徴とポイントの貯め方をわかりやすく解説,shopping,6,3_tag_match,doramori-point,ドラッグストアモリのポイントを解説|ポイントデー・使い方・キャッシュレス時の条件,shopping,popular_articles
dshopping-toha,dショッピングとは?特徴とポイントの貯め方をわかりやすく解説,shopping,7,3_tag_match,dpoint-d-harai,d払いでdポイントを貯める方法!日常決済で活用するコツ,shopping,popular_articles
dshopping-toha,dショッピングとは?特徴とポイントの貯め方をわかりやすく解説,shopping,8,3_tag_match,dpoint-hanei-sarenai,dポイントが反映されない原因は?dポイントマーケットの確認方法も解説,shopping,popular_articles
dshopping-toha,dショッピングとは?特徴とポイントの貯め方をわかりやすく解説,shopping,9,3_tag_match,dpoint-kiso,dポイントの貯め方を初心者向けに解説!ドコモ以外の人でも使える?,shopping,popular_articles
dshopping-toha,dショッピングとは?特徴とポイントの貯め方をわかりやすく解説,shopping,10,3_tag_match,dpoint-ponta-hikaku,dポイントとPontaはどっちが得?貯め方・使える店・有効期限を比較,shopping,popular_articles
ec-current-poikatsu,ECカレントとは?家電通販の特徴とポイント制度を解説,shopping,1,3_tag_match,code-kessai-4sha-hikaku,コード決済4社を徹底比較|PayPay・d払い・楽天ペイ・au PAY,shopping,popular_articles
ec-current-poikatsu,ECカレントとは?家電通販の特徴とポイント制度を解説,shopping,2,3_tag_match,d-point-supermarket,dポイントが貯まるスーパー一覧|使える店舗・地域スーパーも比較,shopping,popular_articles
ec-current-poikatsu,ECカレントとは?家電通販の特徴とポイント制度を解説,shopping,3,3_tag_match,docomo-ahamo-dpoint,ドコモ・ahamoユーザーはdポイントにまとめるべき?相性の良いサービスを解説,shopping,popular_articles
ec-current-poikatsu,ECカレントとは?家電通販の特徴とポイント制度を解説,shopping,4,3_tag_match,docomo-select-toha,docomo selectとは?スマホアクセサリー購入とdポイントを解説,shopping,popular_articles
ec-current-poikatsu,ECカレントとは?家電通販の特徴とポイント制度を解説,shopping,5,3_tag_match,doramori-point,ドラッグストアモリのポイントを解説|ポイントデー・使い方・キャッシュレス時の条件,shopping,popular_articles
ec-current-poikatsu,ECカレントとは?家電通販の特徴とポイント制度を解説,shopping,6,3_tag_match,dpoint-d-harai,d払いでdポイントを貯める方法!日常決済で活用するコツ,shopping,popular_articles
ec-current-poikatsu,ECカレントとは?家電通販の特徴とポイント制度を解説,shopping,7,3_tag_match,dpoint-hanei-sarenai,dポイントが反映されない原因は?dポイントマーケットの確認方法も解説,shopping,popular_articles
ec-current-poikatsu,ECカレントとは?家電通販の特徴とポイント制度を解説,shopping,8,3_tag_match,dpoint-kiso,dポイントの貯め方を初心者向けに解説!ドコモ以外の人でも使える?,shopping,popular_articles
ec-current-poikatsu,ECカレントとは?家電通販の特徴とポイント制度を解説,shopping,9,3_tag_match,dpoint-ponta-hikaku,dポイントとPontaはどっちが得?貯め方・使える店・有効期限を比較,shopping,popular_articles
ec-current-poikatsu,ECカレントとは?家電通販の特徴とポイント制度を解説,shopping,10,3_tag_match,dpoint-tsukaimichi,dポイントのおすすめの使い道!コンビニ・ドラッグストア・ネットで使う方法,shopping,popular_articles
ecnavi-poikatsu,ECナビとは?多彩な方法でポイントが貯まるポイントサイトの特徴を解説,pointsite,1,2_inbound_link,pointsite-kyakka-genin,ポイントサイトで却下される原因は?承認条件の読み方を初心者向けに解説,pointsite,popular_articles
ecnavi-poikatsu,ECナビとは?多彩な方法でポイントが貯まるポイントサイトの特徴を解説,pointsite,2,4_same_thumb_type,amefri-poikatsu,アメフリとは?すきま時間で貯まるポイントサイトの特徴を解説,pointsite,popular_articles
ecnavi-poikatsu,ECナビとは?多彩な方法でポイントが貯まるポイントサイトの特徴を解説,pointsite,3,4_same_thumb_type,chobirich-poikatsu,ちょびリッチとは?評判・特徴からポイントの貯め方まで徹底解説,pointsite,popular_articles
ecnavi-poikatsu,ECナビとは?多彩な方法でポイントが貯まるポイントサイトの特徴を解説,pointsite,4,4_same_thumb_type,chobirich-tsukaikata,ちょびリッチの使い方!ポイントサイト初心者が見るべき案件と交換先,pointsite,popular_articles
ecnavi-poikatsu,ECナビとは?多彩な方法でポイントが貯まるポイントサイトの特徴を解説,pointsite,5,4_same_thumb_type,ecnavi-tsukaikata,ECナビでポイントを貯める方法!アンケートと買い物を組み合わせるコツ,pointsite,popular_articles
ecnavi-poikatsu,ECナビとは?多彩な方法でポイントが貯まるポイントサイトの特徴を解説,pointsite,6,4_same_thumb_type,hapitas-poikatsu,ハピタスとは?ポイント還元率・交換方法・登録方法をわかりやすく解説,pointsite,popular_articles
ecnavi-poikatsu,ECナビとは?多彩な方法でポイントが貯まるポイントサイトの特徴を解説,pointsite,7,4_same_thumb_type,moppy-hajimekata,モッピーでポイ活を始める方法!高還元案件を見る前の確認ポイント,pointsite,popular_articles
ecnavi-poikatsu,ECナビとは?多彩な方法でポイントが貯まるポイントサイトの特徴を解説,pointsite,8,4_same_thumb_type,muryou-kaiin-touroku-poikatsu,無料会員登録案件でポイ活する方法とは?登録前後の確認ポイントを解説,pointsite,popular_articles
ecnavi-poikatsu,ECナビとは?多彩な方法でポイントが貯まるポイントサイトの特徴を解説,pointsite,9,4_same_thumb_type,nifty-point-club-poikatsu,ニフティポイントクラブの活用術!ネット利用者向けのポイ活基本,pointsite,popular_articles
ecnavi-poikatsu,ECナビとは?多彩な方法でポイントが貯まるポイントサイトの特徴を解説,pointsite,10,4_same_thumb_type,point-museum-poikatsu,ポイントミュージアムとは?安全性・交換条件・特徴をわかりやすく解説,pointsite,popular_articles
ecnavi-tsukaikata,ECナビでポイントを貯める方法!アンケートと買い物を組み合わせるコツ,pointsite,1,4_same_thumb_type,amefri-poikatsu,アメフリとは?すきま時間で貯まるポイントサイトの特徴を解説,pointsite,popular_articles
ecnavi-tsukaikata,ECナビでポイントを貯める方法!アンケートと買い物を組み合わせるコツ,pointsite,2,4_same_thumb_type,chobirich-poikatsu,ちょびリッチとは?評判・特徴からポイントの貯め方まで徹底解説,pointsite,popular_articles
ecnavi-tsukaikata,ECナビでポイントを貯める方法!アンケートと買い物を組み合わせるコツ,pointsite,3,4_same_thumb_type,chobirich-tsukaikata,ちょびリッチの使い方!ポイントサイト初心者が見るべき案件と交換先,pointsite,popular_articles
ecnavi-tsukaikata,ECナビでポイントを貯める方法!アンケートと買い物を組み合わせるコツ,pointsite,4,4_same_thumb_type,ecnavi-poikatsu,ECナビとは?多彩な方法でポイントが貯まるポイントサイトの特徴を解説,pointsite,popular_articles
ecnavi-tsukaikata,ECナビでポイントを貯める方法!アンケートと買い物を組み合わせるコツ,pointsite,5,4_same_thumb_type,hapitas-poikatsu,ハピタスとは?ポイント還元率・交換方法・登録方法をわかりやすく解説,pointsite,popular_articles
ecnavi-tsukaikata,ECナビでポイントを貯める方法!アンケートと買い物を組み合わせるコツ,pointsite,6,4_same_thumb_type,moppy-hajimekata,モッピーでポイ活を始める方法!高還元案件を見る前の確認ポイント,pointsite,popular_articles
ecnavi-tsukaikata,ECナビでポイントを貯める方法!アンケートと買い物を組み合わせるコツ,pointsite,7,4_same_thumb_type,muryou-kaiin-touroku-poikatsu,無料会員登録案件でポイ活する方法とは?登録前後の確認ポイントを解説,pointsite,popular_articles
ecnavi-tsukaikata,ECナビでポイントを貯める方法!アンケートと買い物を組み合わせるコツ,pointsite,8,4_same_thumb_type,nifty-point-club-poikatsu,ニフティポイントクラブの活用術!ネット利用者向けのポイ活基本,pointsite,popular_articles
ecnavi-tsukaikata,ECナビでポイントを貯める方法!アンケートと買い物を組み合わせるコツ,pointsite,9,4_same_thumb_type,point-museum-poikatsu,ポイントミュージアムとは?安全性・交換条件・特徴をわかりやすく解説,pointsite,popular_articles
ecnavi-tsukaikata,ECナビでポイントを貯める方法!アンケートと買い物を組み合わせるコツ,pointsite,10,4_same_thumb_type,pointincome-poikatsu,ポイントインカムとは?アプリでも貯まるポイントサイトの特徴を解説,pointsite,popular_articles
eigakan-point,映画館でポイントを貯める方法!チケット購入と会員制度の使い分け,shopping,1,4_same_thumb_type,ana-jal-mile-hikaku,ANAマイルとJALマイルはどっち?貯めやすさ・使いやすさを比較,shopping,popular_articles
eigakan-point,映画館でポイントを貯める方法!チケット購入と会員制度の使い分け,shopping,2,4_same_thumb_type,ana-mile-tameru-kachi,ANAマイルを貯めるべき人・貯めない方がいい人を解説,shopping,popular_articles
eigakan-point,映画館でポイントを貯める方法!チケット購入と会員制度の使い分け,shopping,3,4_same_thumb_type,ana-mileageplus-hikaku,ANAマイルとMileagePlusはどっち?同じスターアライアンスで何が違う?,shopping,popular_articles
eigakan-point,映画館でポイントを貯める方法!チケット購入と会員制度の使い分け,shopping,4,4_same_thumb_type,au-uq-ponta,au・UQユーザーはPontaポイントにまとめるべき?相性の良いサービスを解説,shopping,popular_articles
eigakan-point,映画館でポイントを貯める方法!チケット購入と会員制度の使い分け,shopping,5,4_same_thumb_type,carshare-point-katsuyou,カーシェアでポイ活する方法とは?短時間利用の節約ポイントを解説,shopping,popular_articles
eigakan-point,映画館でポイントを貯める方法!チケット購入と会員制度の使い分け,shopping,6,4_same_thumb_type,cleaning-poikatsu,クリーニング代でポイントを貯める方法!宅配と店舗を比較するコツ,shopping,popular_articles
eigakan-point,映画館でポイントを貯める方法!チケット購入と会員制度の使い分け,shopping,7,4_same_thumb_type,code-kessai-4sha-hikaku,コード決済4社を徹底比較|PayPay・d払い・楽天ペイ・au PAY,shopping,popular_articles
eigakan-point,映画館でポイントを貯める方法!チケット購入と会員制度の使い分け,shopping,8,4_same_thumb_type,d-point-supermarket,dポイントが貯まるスーパー一覧|使える店舗・地域スーパーも比較,shopping,popular_articles
eigakan-point,映画館でポイントを貯める方法!チケット購入と会員制度の使い分け,shopping,9,4_same_thumb_type,denryoku-norikae-point,電力会社乗り換えでポイントを貯める方法!料金比較と特典の見方,shopping,popular_articles
eigakan-point,映画館でポイントを貯める方法!チケット購入と会員制度の使い分け,shopping,10,4_same_thumb_type,docomo-ahamo-dpoint,ドコモ・ahamoユーザーはdポイントにまとめるべき?相性の良いサービスを解説,shopping,popular_articles
enquete-monitor-poikatsu,アンケートモニターでポイ活する方法!スキマ時間で稼ぐ前の基本,survey,1,1_own_outbound_link,ipsos-isay-poikatsu,Ipsos iSay(イプソス・アイセイ)とは?特徴・ポイントの貯め方を解説,survey,popular_articles
enquete-monitor-poikatsu,アンケートモニターでポイ活する方法!スキマ時間で稼ぐ前の基本,survey,2,1_own_outbound_link,opinionworld-poikatsu,OpinionWorld(オピニオンワールド)とは?ポイント・交換先・安全性を公式情報で解説,survey,popular_articles
enquete-monitor-poikatsu,アンケートモニターでポイ活する方法!スキマ時間で稼ぐ前の基本,survey,3,1_own_outbound_link,iresearch-poikatsu,アイリサーチとは?自社会場調査・ポイントの貯め方をわかりやすく解説,survey,popular_articles
enquete-monitor-poikatsu,アンケートモニターでポイ活する方法!スキマ時間で稼ぐ前の基本,survey,4,4_same_thumb_type,monitor-town-poikatsu,モニタータウンとは?PC調査モニターの特徴・参加方法をわかりやすく解説,survey,popular_articles
enquete-monitor-poikatsu,アンケートモニターでポイ活する方法!スキマ時間で稼ぐ前の基本,survey,5,6_same_category,macromill-poikatsu,マクロミルとは?アンケート回答でポイントが貯まるモニターサービス,survey,popular_articles
enquete-monitor-poikatsu,アンケートモニターでポイ活する方法!スキマ時間で稼ぐ前の基本,survey,6,6_same_category,fancrew-poikatsu,ファンくるとは?覆面調査の仕組み・ポイント・安全性を解説,survey,popular_articles
enquete-monitor-poikatsu,アンケートモニターでポイ活する方法!スキマ時間で稼ぐ前の基本,survey,7,6_same_category,cue-monitor-poikatsu,キューモニターでアンケートポイ活!初心者が知るべき使い方,survey,popular_articles
enquete-monitor-poikatsu,アンケートモニターでポイ活する方法!スキマ時間で稼ぐ前の基本,survey,8,6_same_category,fruitmail-poikatsu,フルーツメールとは?ゲーム・アンケートでポイントが貯まる懸賞サイト,survey,popular_articles
enquete-monitor-poikatsu,アンケートモニターでポイ活する方法!スキマ時間で稼ぐ前の基本,survey,9,6_same_category,infoq-poikatsu,infoQでポイ活する方法!アンケートと記事作成案件の見方,survey,popular_articles
enquete-monitor-poikatsu,アンケートモニターでポイ活する方法!スキマ時間で稼ぐ前の基本,survey,10,6_same_category,macromill-tsukaikata,マクロミルでアンケートポイ活を始める方法!回答前の注意点を解説,survey,popular_articles
entry-calendar-tsukurikata,エントリーカレンダーの作り方!毎月のポイ活予定を見える化する,pointsite,1,4_same_thumb_type,campaign-memo-tsukurikata,キャンペーンメモの作り方!エントリー忘れを減らすポイ活管理術,pointsite,popular_articles
entry-calendar-tsukurikata,エントリーカレンダーの作り方!毎月のポイ活予定を見える化する,pointsite,2,4_same_thumb_type,fuyoyotei-point-mieruka,付与予定ポイントの見える化術!反映待ちを忘れないチェック習慣,pointsite,popular_articles
entry-calendar-tsukurikata,エントリーカレンダーの作り方!毎月のポイ活予定を見える化する,pointsite,3,4_same_thumb_type,gendama-poikatsu,げん玉とは?ポイントの貯め方・交換方法をわかりやすく解説,pointsite,popular_articles
entry-calendar-tsukurikata,エントリーカレンダーの作り方!毎月のポイ活予定を見える化する,pointsite,4,4_same_thumb_type,hitorigurashi-poikatsu,一人暮らしのポイ活術!固定費と日用品をポイントで節約する方法,pointsite,popular_articles
entry-calendar-tsukurikata,エントリーカレンダーの作り方!毎月のポイ活予定を見える化する,pointsite,5,4_same_thumb_type,isogashii-kaishain-shuumatsu-poikatsu,忙しい会社員の週末ポイ活ルーティン!平日に追わない管理方法,pointsite,popular_articles
entry-calendar-tsukurikata,エントリーカレンダーの作り方!毎月のポイ活予定を見える化する,pointsite,6,4_same_thumb_type,poikatsu-kakeibo,ポイ活を家計簿に活かす方法!ポイントを収入ではなく節約として管理する,pointsite,popular_articles
entry-calendar-tsukurikata,エントリーカレンダーの作り方!毎月のポイ活予定を見える化する,pointsite,7,4_same_thumb_type,poikatsu-minaoshi-timing,ポイ活の見直しタイミングはいつ?使わないサービスを整理する方法,pointsite,popular_articles
entry-calendar-tsukurikata,エントリーカレンダーの作り方!毎月のポイ活予定を見える化する,pointsite,8,4_same_thumb_type,poikatsu-yuusenjyuni,ポイ活の優先順位を決める方法!時間効率の良い案件と買い物の選び方,pointsite,popular_articles
entry-calendar-tsukurikata,エントリーカレンダーの作り方!毎月のポイ活予定を見える化する,pointsite,9,4_same_thumb_type,point-shuushihyou-tsukurikata,ポイント収支表の作り方!貯める・使う・失効を見える化する方法,pointsite,popular_articles
entry-calendar-tsukurikata,エントリーカレンダーの作り方!毎月のポイ活予定を見える化する,pointsite,10,4_same_thumb_type,point-toiawase-junbi,ポイント問い合わせの準備方法!必要情報をそろえてスムーズに確認する,pointsite,popular_articles
epos-card-poikatsu,エポスカードとは?年会費無料の特徴とマルイでの優待を解説,creditcard,1,4_same_thumb_type,cosmo-opus-card-poikatsu,コスモ・ザ・カード・オーパスとは?ガソリン割引の特徴を解説,creditcard,popular_articles
epos-card-poikatsu,エポスカードとは?年会費無料の特徴とマルイでの優待を解説,creditcard,2,4_same_thumb_type,nexus-card-poikatsu,Nexus Cardとは?特徴と申込前に確認したいポイントを解説,creditcard,popular_articles
epos-card-poikatsu,エポスカードとは?年会費無料の特徴とマルイでの優待を解説,creditcard,3,4_same_thumb_type,odakyu-point-card-poikatsu,小田急ポイントカードとは?OPポイントの貯め方を解説,creditcard,popular_articles
epos-card-poikatsu,エポスカードとは?年会費無料の特徴とマルイでの優待を解説,creditcard,4,5_category_hub,rakuten-card-poikatsu,楽天カードはポイ活に向いている?メリットと注意点を初心者向けに解説,creditcard,popular_articles
epos-card-poikatsu,エポスカードとは?年会費無料の特徴とマルイでの優待を解説,creditcard,5,5_category_hub,dcard-poikatsu,dカードはポイ活におすすめ?dポイントを貯めやすい人の特徴,creditcard,popular_articles
epos-card-poikatsu,エポスカードとは?年会費無料の特徴とマルイでの優待を解説,creditcard,6,6_same_category,mitsui-sumitomo-card-vpoint,三井住友カードでVポイントを貯める方法!対象店舗とタッチ決済の基本,creditcard,popular_articles
epos-card-poikatsu,エポスカードとは?年会費無料の特徴とマルイでの優待を解説,creditcard,7,6_same_category,credit-card-mile-hikaku,マイルが貯まるクレジットカード比較|ANA・JALの還元と移行条件,creditcard,popular_articles
epos-card-poikatsu,エポスカードとは?年会費無料の特徴とマルイでの優待を解説,creditcard,8,6_same_category,ana-amex-poikatsu,ANAアメックスが大幅刷新!ゴールド・プレミアムの新特典とマイル還元まとめ,creditcard,popular_articles
epos-card-poikatsu,エポスカードとは?年会費無料の特徴とマルイでの優待を解説,creditcard,9,6_same_category,credit-card-common-point-hikaku,共通ポイント別クレジットカード比較|d・楽天・Ponta・Vポイントで選ぶ,creditcard,popular_articles
epos-card-poikatsu,エポスカードとは?年会費無料の特徴とマルイでの優待を解説,creditcard,10,6_same_category,credit-card-point-hikaku,クレジットカードのポイントを徹底比較|還元率・年会費・使い道で選ぶ,creditcard,popular_articles
etc-mileage-toha,ETCマイレージサービスとは?高速道路利用者が知っておきたい基本,shopping,1,4_same_thumb_type,ana-furusato-mile,ANAのふるさと納税でマイルを貯める方法!旅行好き向けの基本,shopping,popular_articles
etc-mileage-toha,ETCマイレージサービスとは?高速道路利用者が知っておきたい基本,shopping,2,4_same_thumb_type,ana-mileage-mall-poikatsu,ANAマイレージモールの使い方!通販前にマイルを貯める経由術,shopping,popular_articles
etc-mileage-toha,ETCマイレージサービスとは?高速道路利用者が知っておきたい基本,shopping,3,4_same_thumb_type,jal-mileage-mall-poikatsu,JALマイレージモールでマイルを貯める方法!ネット通販前の基本,shopping,popular_articles
etc-mileage-toha,ETCマイレージサービスとは?高速道路利用者が知っておきたい基本,shopping,4,4_same_thumb_type,jre-point-kiso,JRE POINTの貯め方と使い方!Suica利用者向けポイ活入門,shopping,popular_articles
etc-mileage-toha,ETCマイレージサービスとは?高速道路利用者が知っておきたい基本,shopping,5,4_same_thumb_type,mile-koukan-merit,ポイントをマイルに交換するメリットは?旅行好き向けポイ活入門,shopping,popular_articles
etc-mileage-toha,ETCマイレージサービスとは?高速道路利用者が知っておきたい基本,shopping,6,4_same_thumb_type,point-koukan-toha,ポイント交換とは?他社ポイント・ギフト券・マイルへの交換方法,shopping,popular_articles
etc-mileage-toha,ETCマイレージサービスとは?高速道路利用者が知っておきたい基本,shopping,7,4_same_thumb_type,ponta-mile-koukan,Pontaポイントをマイルや他社ポイントに交換する方法!使い道を広げるコツ,shopping,popular_articles
etc-mileage-toha,ETCマイレージサービスとは?高速道路利用者が知っておきたい基本,shopping,8,4_same_thumb_type,rakuten-ana-mile-koukan,楽天ポイントをANAマイルに交換できる?交換ルートと注意点を解説,shopping,popular_articles
etc-mileage-toha,ETCマイレージサービスとは?高速道路利用者が知っておきたい基本,shopping,9,4_same_thumb_type,recruit-ponta,リクルートサービスでPontaポイントを貯める方法!予約・買い物で活用,shopping,popular_articles
etc-mileage-toha,ETCマイレージサービスとは?高速道路利用者が知っておきたい基本,shopping,10,4_same_thumb_type,ryokou-yoyaku-point,旅行予約でポイントを貯める方法!ホテル・航空券・予約サイト活用術,shopping,popular_articles
famiresu-cafe-point,ファミレス・カフェでポイントを貯める方法!外食前のアプリ確認術,shopping,1,4_same_thumb_type,aupay-market-poikatsu,au PAYマーケットでポイントを活用する方法!買い物前の確認ポイント,shopping,popular_articles
famiresu-cafe-point,ファミレス・カフェでポイントを貯める方法!外食前のアプリ確認術,shopping,2,4_same_thumb_type,aupay-ponta,au PAYでPontaポイントを貯める方法!スマホ決済との組み合わせを解説,shopping,popular_articles
famiresu-cafe-point,ファミレス・カフェでポイントを貯める方法!外食前のアプリ確認術,shopping,3,4_same_thumb_type,biyouin-salon-point,美容院・サロン代をポイントで節約!予約前に見るべき条件と使い方,shopping,popular_articles
famiresu-cafe-point,ファミレス・カフェでポイントを貯める方法!外食前のアプリ確認術,shopping,4,4_same_thumb_type,coke-on-setsuyaku,Coke ONで飲み物代を節約する方法!スタンプ・チケット活用の基本,shopping,popular_articles
famiresu-cafe-point,ファミレス・カフェでポイントを貯める方法!外食前のアプリ確認術,shopping,5,4_same_thumb_type,demaecan-poikatsu,出前館でポイ活する方法!注文前に確認したい割引とポイント,shopping,popular_articles
famiresu-cafe-point,ファミレス・カフェでポイントを貯める方法!外食前のアプリ確認術,shopping,6,4_same_thumb_type,doutor-tullys-poikatsu,ドトール・タリーズでポイ活する方法!カフェ利用時の支払い術,shopping,popular_articles
famiresu-cafe-point,ファミレス・カフェでポイントを貯める方法!外食前のアプリ確認術,shopping,7,4_same_thumb_type,dpoint-d-harai,d払いでdポイントを貯める方法!日常決済で活用するコツ,shopping,popular_articles
famiresu-cafe-point,ファミレス・カフェでポイントを貯める方法!外食前のアプリ確認術,shopping,8,4_same_thumb_type,drugstore-poikatsu,ドラッグストアでポイ活する方法!日用品・薬・コスメでポイントを貯める,shopping,popular_articles
famiresu-cafe-point,ファミレス・カフェでポイントを貯める方法!外食前のアプリ確認術,shopping,9,4_same_thumb_type,gaishoku-point-tameru,外食でポイントを貯める方法!予約サイト・決済・アプリ活用の基本,shopping,popular_articles
famiresu-cafe-point,ファミレス・カフェでポイントを貯める方法!外食前のアプリ確認術,shopping,10,4_same_thumb_type,homecenter-app-katsuyou,ホームセンターの会員アプリ活用術!DIY用品と日用品をお得に買う方法,shopping,popular_articles
fancrew-poikatsu,ファンくるとは?覆面調査の仕組み・ポイント・安全性を解説,survey,1,2_inbound_link,iresearch-poikatsu,アイリサーチとは?自社会場調査・ポイントの貯め方をわかりやすく解説,survey,popular_articles
fancrew-poikatsu,ファンくるとは?覆面調査の仕組み・ポイント・安全性を解説,survey,2,4_same_thumb_type,cue-monitor-poikatsu,キューモニターでアンケートポイ活!初心者が知るべき使い方,survey,popular_articles
fancrew-poikatsu,ファンくるとは?覆面調査の仕組み・ポイント・安全性を解説,survey,3,4_same_thumb_type,fruitmail-poikatsu,フルーツメールとは?ゲーム・アンケートでポイントが貯まる懸賞サイト,survey,popular_articles
fancrew-poikatsu,ファンくるとは?覆面調査の仕組み・ポイント・安全性を解説,survey,4,4_same_thumb_type,ipsos-isay-poikatsu,Ipsos iSay(イプソス・アイセイ)とは?特徴・ポイントの貯め方を解説,survey,popular_articles
fancrew-poikatsu,ファンくるとは?覆面調査の仕組み・ポイント・安全性を解説,survey,5,4_same_thumb_type,macromill-poikatsu,マクロミルとは?アンケート回答でポイントが貯まるモニターサービス,survey,popular_articles
fancrew-poikatsu,ファンくるとは?覆面調査の仕組み・ポイント・安全性を解説,survey,6,4_same_thumb_type,macromill-tsukaikata,マクロミルでアンケートポイ活を始める方法!回答前の注意点を解説,survey,popular_articles
fancrew-poikatsu,ファンくるとは?覆面調査の仕組み・ポイント・安全性を解説,survey,7,4_same_thumb_type,opinionworld-poikatsu,OpinionWorld(オピニオンワールド)とは?ポイント・交換先・安全性を公式情報で解説,survey,popular_articles
fancrew-poikatsu,ファンくるとは?覆面調査の仕組み・ポイント・安全性を解説,survey,8,6_same_category,enquete-monitor-poikatsu,アンケートモニターでポイ活する方法!スキマ時間で稼ぐ前の基本,survey,popular_articles
fancrew-poikatsu,ファンくるとは?覆面調査の仕組み・ポイント・安全性を解説,survey,9,6_same_category,infoq-poikatsu,infoQでポイ活する方法!アンケートと記事作成案件の見方,survey,popular_articles
fancrew-poikatsu,ファンくるとは?覆面調査の仕組み・ポイント・安全性を解説,survey,10,6_same_category,monitor-town-poikatsu,モニタータウンとは?PC調査モニターの特徴・参加方法をわかりやすく解説,survey,popular_articles
fastfood-app-poikatsu,ファストフードアプリでポイ活する方法!クーポンと決済を組み合わせるコツ,shopping,1,4_same_thumb_type,ana-jal-mile-hikaku,ANAマイルとJALマイルはどっち?貯めやすさ・使いやすさを比較,shopping,popular_articles
fastfood-app-poikatsu,ファストフードアプリでポイ活する方法!クーポンと決済を組み合わせるコツ,shopping,2,4_same_thumb_type,ana-mile-tameru-kachi,ANAマイルを貯めるべき人・貯めない方がいい人を解説,shopping,popular_articles
fastfood-app-poikatsu,ファストフードアプリでポイ活する方法!クーポンと決済を組み合わせるコツ,shopping,3,4_same_thumb_type,ana-mileageplus-hikaku,ANAマイルとMileagePlusはどっち?同じスターアライアンスで何が違う?,shopping,popular_articles
fastfood-app-poikatsu,ファストフードアプリでポイ活する方法!クーポンと決済を組み合わせるコツ,shopping,4,4_same_thumb_type,au-uq-ponta,au・UQユーザーはPontaポイントにまとめるべき?相性の良いサービスを解説,shopping,popular_articles
fastfood-app-poikatsu,ファストフードアプリでポイ活する方法!クーポンと決済を組み合わせるコツ,shopping,5,4_same_thumb_type,carshare-point-katsuyou,カーシェアでポイ活する方法とは?短時間利用の節約ポイントを解説,shopping,popular_articles
fastfood-app-poikatsu,ファストフードアプリでポイ活する方法!クーポンと決済を組み合わせるコツ,shopping,6,4_same_thumb_type,cleaning-poikatsu,クリーニング代でポイントを貯める方法!宅配と店舗を比較するコツ,shopping,popular_articles
fastfood-app-poikatsu,ファストフードアプリでポイ活する方法!クーポンと決済を組み合わせるコツ,shopping,7,4_same_thumb_type,code-kessai-4sha-hikaku,コード決済4社を徹底比較|PayPay・d払い・楽天ペイ・au PAY,shopping,popular_articles
fastfood-app-poikatsu,ファストフードアプリでポイ活する方法!クーポンと決済を組み合わせるコツ,shopping,8,4_same_thumb_type,d-point-supermarket,dポイントが貯まるスーパー一覧|使える店舗・地域スーパーも比較,shopping,popular_articles
fastfood-app-poikatsu,ファストフードアプリでポイ活する方法!クーポンと決済を組み合わせるコツ,shopping,9,4_same_thumb_type,denryoku-norikae-point,電力会社乗り換えでポイントを貯める方法!料金比較と特典の見方,shopping,popular_articles
fastfood-app-poikatsu,ファストフードアプリでポイ活する方法!クーポンと決済を組み合わせるコツ,shopping,10,4_same_thumb_type,docomo-ahamo-dpoint,ドコモ・ahamoユーザーはdポイントにまとめるべき?相性の良いサービスを解説,shopping,popular_articles
fruitmail-poikatsu,フルーツメールとは?ゲーム・アンケートでポイントが貯まる懸賞サイト,survey,1,4_same_thumb_type,cue-monitor-poikatsu,キューモニターでアンケートポイ活!初心者が知るべき使い方,survey,popular_articles
fruitmail-poikatsu,フルーツメールとは?ゲーム・アンケートでポイントが貯まる懸賞サイト,survey,2,4_same_thumb_type,fancrew-poikatsu,ファンくるとは?覆面調査の仕組み・ポイント・安全性を解説,survey,popular_articles
fruitmail-poikatsu,フルーツメールとは?ゲーム・アンケートでポイントが貯まる懸賞サイト,survey,3,4_same_thumb_type,ipsos-isay-poikatsu,Ipsos iSay(イプソス・アイセイ)とは?特徴・ポイントの貯め方を解説,survey,popular_articles
fruitmail-poikatsu,フルーツメールとは?ゲーム・アンケートでポイントが貯まる懸賞サイト,survey,4,4_same_thumb_type,iresearch-poikatsu,アイリサーチとは?自社会場調査・ポイントの貯め方をわかりやすく解説,survey,popular_articles
fruitmail-poikatsu,フルーツメールとは?ゲーム・アンケートでポイントが貯まる懸賞サイト,survey,5,4_same_thumb_type,macromill-poikatsu,マクロミルとは?アンケート回答でポイントが貯まるモニターサービス,survey,popular_articles
fruitmail-poikatsu,フルーツメールとは?ゲーム・アンケートでポイントが貯まる懸賞サイト,survey,6,4_same_thumb_type,macromill-tsukaikata,マクロミルでアンケートポイ活を始める方法!回答前の注意点を解説,survey,popular_articles
fruitmail-poikatsu,フルーツメールとは?ゲーム・アンケートでポイントが貯まる懸賞サイト,survey,7,4_same_thumb_type,opinionworld-poikatsu,OpinionWorld(オピニオンワールド)とは?ポイント・交換先・安全性を公式情報で解説,survey,popular_articles
fruitmail-poikatsu,フルーツメールとは?ゲーム・アンケートでポイントが貯まる懸賞サイト,survey,8,6_same_category,enquete-monitor-poikatsu,アンケートモニターでポイ活する方法!スキマ時間で稼ぐ前の基本,survey,popular_articles
fruitmail-poikatsu,フルーツメールとは?ゲーム・アンケートでポイントが貯まる懸賞サイト,survey,9,6_same_category,infoq-poikatsu,infoQでポイ活する方法!アンケートと記事作成案件の見方,survey,popular_articles
fruitmail-poikatsu,フルーツメールとは?ゲーム・アンケートでポイントが貯まる懸賞サイト,survey,10,6_same_category,monitor-town-poikatsu,モニタータウンとは?PC調査モニターの特徴・参加方法をわかりやすく解説,survey,popular_articles
fukubukuro-hatsuuri-poikatsu,福袋・初売りでポイ活する方法!お得に見えて損しない選び方,campaign,1,4_same_thumb_type,bonus-tsuki-poikatsu-keikaku,ボーナス月のポイ活計画!大きな買い物で損しない予算管理,campaign,popular_articles
fukubukuro-hatsuuri-poikatsu,福袋・初売りでポイ活する方法!お得に見えて損しない選び方,campaign,2,4_same_thumb_type,fuyujitaku-poikatsu,冬支度のポイ活術!暖房家電・防寒用品をお得に準備する方法,campaign,popular_articles
fukubukuro-hatsuuri-poikatsu,福袋・初売りでポイ活する方法!お得に見えて損しない選び方,campaign,3,4_same_thumb_type,ikkyu-poikatsu,一休.comでお得に予約する考え方!高級宿・レストラン利用時のポイント,campaign,popular_articles
fukubukuro-hatsuuri-poikatsu,福袋・初売りでポイ活する方法!お得に見えて損しない選び方,campaign,4,4_same_thumb_type,jcb-airmacau-campaign-2026,JCB×マカオ航空キャンペーン!日本発マカオ行き航空券が8%OFF【2026年9〜10月】,campaign,popular_articles
fukubukuro-hatsuuri-poikatsu,福袋・初売りでポイ活する方法!お得に見えて損しない選び方,campaign,5,4_same_thumb_type,kakuyasu-sim-norikae-poikatsu,格安SIM乗り換えでポイ活する方法!通信費を下げながら得する流れ,campaign,popular_articles
fukubukuro-hatsuuri-poikatsu,福袋・初売りでポイ活する方法!お得に見えて損しない選び方,campaign,6,4_same_thumb_type,kessan-sale-poikatsu,決算セールでポイ活する方法!家電・日用品をお得に買う判断基準,campaign,popular_articles
fukubukuro-hatsuuri-poikatsu,福袋・初売りでポイ活する方法!お得に見えて損しない選び方,campaign,7,4_same_thumb_type,natsuyasumi-poikatsu-junbi,夏休み前のポイ活準備!旅行・レジャー・日用品を計画的に買う方法,campaign,popular_articles
fukubukuro-hatsuuri-poikatsu,福袋・初売りでポイ活する方法!お得に見えて損しない選び方,campaign,8,4_same_thumb_type,nenmatsunenshi-poikatsu,年末年始のポイ活術!帰省・おせち・初売りで使える節約ポイント,campaign,popular_articles
fukubukuro-hatsuuri-poikatsu,福袋・初売りでポイ活する方法!お得に見えて損しない選び方,campaign,9,4_same_thumb_type,paypay-campaign-katsuyo,PayPayでポイントを効率よく貯める方法!キャンペーン活用の基本,campaign,popular_articles
fukubukuro-hatsuuri-poikatsu,福袋・初売りでポイ活する方法!お得に見えて損しない選び方,campaign,10,4_same_thumb_type,paypay-jichitai-campaign-2026,【2026年10月〜】PayPay自治体キャンペーンまとめ!都城市・宮古島市の還元率・上限を解説,campaign,popular_articles
fukugyou,ポイ活は副業になる?収入目的で始める前に知るべきメリットと限界,sidejob,1,5_category_hub,kakuteishinkoku-point-seiri,確定申告前に整理したいポイント利用履歴!家計と事業を分ける方法,sidejob,popular_articles
fukugyou,ポイ活は副業になる?収入目的で始める前に知るべきメリットと限界,sidejob,2,6_same_category,keihiseisan-point-dareno,経費精算でポイントは誰のもの?会社員が確認したいルールとマナー,sidejob,popular_articles
fukugyou,ポイ活は副業になる?収入目的で始める前に知るべきメリットと限界,sidejob,3,6_same_category,kojinjigyounushi-point-kanri,個人事業主向けポイント管理術!経費支払いで迷わない考え方,sidejob,popular_articles
furima-app-kounyuu-point,フリマアプリ購入でポイントを活用する方法!中古品選びの注意点,furima,1,4_same_thumb_type,mercari-poikatsu,メルカリでできるポイ活術!売る・買う・支払うをお得につなげる方法,furima,popular_articles
furusato-nozei-poikatsu,ふるさと納税でポイ活はできる?ポイント還元と注意点をわかりやすく解説,shopping,1,1_own_outbound_link,aupay-furusato-poikatsu,au PAYふるさと納税のPontaポイントは貯まる?2025年10月の変更を解説,seikatsu,popular_articles
furusato-nozei-poikatsu,ふるさと納税でポイ活はできる?ポイント還元と注意点をわかりやすく解説,shopping,2,1_own_outbound_link,ana-furusato-mile,ANAのふるさと納税でマイルを貯める方法!旅行好き向けの基本,shopping,popular_articles
furusato-nozei-poikatsu,ふるさと納税でポイ活はできる?ポイント還元と注意点をわかりやすく解説,shopping,3,2_inbound_link,furusato-portal-erabikata,ふるさと納税ポータルの選び方!ポイント重視で比較する時の注意点,shopping,popular_articles
furusato-nozei-poikatsu,ふるさと納税でポイ活はできる?ポイント還元と注意点をわかりやすく解説,shopping,4,4_same_thumb_type,amazon-gift-charge,Amazonギフト券チャージで損しない考え方!支払い方法と使い切りのコツ,shopping,popular_articles
furusato-nozei-poikatsu,ふるさと納税でポイ活はできる?ポイント還元と注意点をわかりやすく解説,shopping,5,4_same_thumb_type,amazon-poikatsu,Amazonでポイ活はできる?ポイントを貯める方法と注意点を解説,shopping,popular_articles
furusato-nozei-poikatsu,ふるさと納税でポイ活はできる?ポイント還元と注意点をわかりやすく解説,shopping,6,4_same_thumb_type,chuushajou-yoyaku-poikatsu,駐車場予約サービスでポイ活する方法!イベント前に確認したい条件,shopping,popular_articles
furusato-nozei-poikatsu,ふるさと納税でポイ活はできる?ポイント還元と注意点をわかりやすく解説,shopping,7,4_same_thumb_type,dpoint-hanei-sarenai,dポイントが反映されない原因は?dポイントマーケットの確認方法も解説,shopping,popular_articles
furusato-nozei-poikatsu,ふるさと納税でポイ活はできる?ポイント還元と注意点をわかりやすく解説,shopping,8,4_same_thumb_type,game-kakin-point,ゲーム課金でポイントを貯める方法!Apple・Google残高利用時の注意,shopping,popular_articles
furusato-nozei-poikatsu,ふるさと納税でポイ活はできる?ポイント還元と注意点をわかりやすく解説,shopping,9,4_same_thumb_type,halloween-yohin-poikatsu,ハロウィン用品でポイ活する方法!衣装・お菓子を買いすぎないコツ,shopping,popular_articles
furusato-nozei-poikatsu,ふるさと納税でポイ活はできる?ポイント還元と注意点をわかりやすく解説,shopping,10,4_same_thumb_type,hikkoshi-seikatsuyohin-poikatsu,引越し後の生活用品で使えるポイ活術!支出が増える前に確認したい節約ポイント,shopping,popular_articles
furusato-portal-erabikata,ふるさと納税ポータルの選び方!ポイント重視で比較する時の注意点,shopping,1,1_own_outbound_link,aupay-furusato-poikatsu,au PAYふるさと納税のPontaポイントは貯まる?2025年10月の変更を解説,seikatsu,popular_articles
furusato-portal-erabikata,ふるさと納税ポータルの選び方!ポイント重視で比較する時の注意点,shopping,2,1_own_outbound_link,furusato-nozei-poikatsu,ふるさと納税でポイ活はできる?ポイント還元と注意点をわかりやすく解説,shopping,popular_articles
furusato-portal-erabikata,ふるさと納税ポータルの選び方!ポイント重視で比較する時の注意点,shopping,3,4_same_thumb_type,ana-jal-mile-hikaku,ANAマイルとJALマイルはどっち?貯めやすさ・使いやすさを比較,shopping,popular_articles
furusato-portal-erabikata,ふるさと納税ポータルの選び方!ポイント重視で比較する時の注意点,shopping,4,4_same_thumb_type,ana-mile-tameru-kachi,ANAマイルを貯めるべき人・貯めない方がいい人を解説,shopping,popular_articles
furusato-portal-erabikata,ふるさと納税ポータルの選び方!ポイント重視で比較する時の注意点,shopping,5,4_same_thumb_type,ana-mileageplus-hikaku,ANAマイルとMileagePlusはどっち?同じスターアライアンスで何が違う?,shopping,popular_articles
furusato-portal-erabikata,ふるさと納税ポータルの選び方!ポイント重視で比較する時の注意点,shopping,6,4_same_thumb_type,au-uq-ponta,au・UQユーザーはPontaポイントにまとめるべき?相性の良いサービスを解説,shopping,popular_articles
furusato-portal-erabikata,ふるさと納税ポータルの選び方!ポイント重視で比較する時の注意点,shopping,7,4_same_thumb_type,carshare-point-katsuyou,カーシェアでポイ活する方法とは?短時間利用の節約ポイントを解説,shopping,popular_articles
furusato-portal-erabikata,ふるさと納税ポータルの選び方!ポイント重視で比較する時の注意点,shopping,8,4_same_thumb_type,cleaning-poikatsu,クリーニング代でポイントを貯める方法!宅配と店舗を比較するコツ,shopping,popular_articles
furusato-portal-erabikata,ふるさと納税ポータルの選び方!ポイント重視で比較する時の注意点,shopping,9,4_same_thumb_type,code-kessai-4sha-hikaku,コード決済4社を徹底比較|PayPay・d払い・楽天ペイ・au PAY,shopping,popular_articles
furusato-portal-erabikata,ふるさと納税ポータルの選び方!ポイント重視で比較する時の注意点,shopping,10,4_same_thumb_type,d-point-supermarket,dポイントが貯まるスーパー一覧|使える店舗・地域スーパーも比較,shopping,popular_articles
fuyoyotei-point-mieruka,付与予定ポイントの見える化術!反映待ちを忘れないチェック習慣,pointsite,1,4_same_thumb_type,campaign-memo-tsukurikata,キャンペーンメモの作り方!エントリー忘れを減らすポイ活管理術,pointsite,popular_articles
fuyoyotei-point-mieruka,付与予定ポイントの見える化術!反映待ちを忘れないチェック習慣,pointsite,2,4_same_thumb_type,entry-calendar-tsukurikata,エントリーカレンダーの作り方!毎月のポイ活予定を見える化する,pointsite,popular_articles
fuyoyotei-point-mieruka,付与予定ポイントの見える化術!反映待ちを忘れないチェック習慣,pointsite,3,4_same_thumb_type,gendama-poikatsu,げん玉とは?ポイントの貯め方・交換方法をわかりやすく解説,pointsite,popular_articles
fuyoyotei-point-mieruka,付与予定ポイントの見える化術!反映待ちを忘れないチェック習慣,pointsite,4,4_same_thumb_type,hitorigurashi-poikatsu,一人暮らしのポイ活術!固定費と日用品をポイントで節約する方法,pointsite,popular_articles
fuyoyotei-point-mieruka,付与予定ポイントの見える化術!反映待ちを忘れないチェック習慣,pointsite,5,4_same_thumb_type,isogashii-kaishain-shuumatsu-poikatsu,忙しい会社員の週末ポイ活ルーティン!平日に追わない管理方法,pointsite,popular_articles
fuyoyotei-point-mieruka,付与予定ポイントの見える化術!反映待ちを忘れないチェック習慣,pointsite,6,4_same_thumb_type,poikatsu-kakeibo,ポイ活を家計簿に活かす方法!ポイントを収入ではなく節約として管理する,pointsite,popular_articles
fuyoyotei-point-mieruka,付与予定ポイントの見える化術!反映待ちを忘れないチェック習慣,pointsite,7,4_same_thumb_type,poikatsu-minaoshi-timing,ポイ活の見直しタイミングはいつ?使わないサービスを整理する方法,pointsite,popular_articles
fuyoyotei-point-mieruka,付与予定ポイントの見える化術!反映待ちを忘れないチェック習慣,pointsite,8,4_same_thumb_type,poikatsu-yuusenjyuni,ポイ活の優先順位を決める方法!時間効率の良い案件と買い物の選び方,pointsite,popular_articles
fuyoyotei-point-mieruka,付与予定ポイントの見える化術!反映待ちを忘れないチェック習慣,pointsite,9,4_same_thumb_type,point-shuushihyou-tsukurikata,ポイント収支表の作り方!貯める・使う・失効を見える化する方法,pointsite,popular_articles
fuyoyotei-point-mieruka,付与予定ポイントの見える化術!反映待ちを忘れないチェック習慣,pointsite,10,4_same_thumb_type,point-toiawase-junbi,ポイント問い合わせの準備方法!必要情報をそろえてスムーズに確認する,pointsite,popular_articles
fuyujitaku-poikatsu,冬支度のポイ活術!暖房家電・防寒用品をお得に準備する方法,campaign,1,4_same_thumb_type,bonus-tsuki-poikatsu-keikaku,ボーナス月のポイ活計画!大きな買い物で損しない予算管理,campaign,popular_articles
fuyujitaku-poikatsu,冬支度のポイ活術!暖房家電・防寒用品をお得に準備する方法,campaign,2,4_same_thumb_type,fukubukuro-hatsuuri-poikatsu,福袋・初売りでポイ活する方法!お得に見えて損しない選び方,campaign,popular_articles
fuyujitaku-poikatsu,冬支度のポイ活術!暖房家電・防寒用品をお得に準備する方法,campaign,3,4_same_thumb_type,ikkyu-poikatsu,一休.comでお得に予約する考え方!高級宿・レストラン利用時のポイント,campaign,popular_articles
fuyujitaku-poikatsu,冬支度のポイ活術!暖房家電・防寒用品をお得に準備する方法,campaign,4,4_same_thumb_type,jcb-airmacau-campaign-2026,JCB×マカオ航空キャンペーン!日本発マカオ行き航空券が8%OFF【2026年9〜10月】,campaign,popular_articles
fuyujitaku-poikatsu,冬支度のポイ活術!暖房家電・防寒用品をお得に準備する方法,campaign,5,4_same_thumb_type,kakuyasu-sim-norikae-poikatsu,格安SIM乗り換えでポイ活する方法!通信費を下げながら得する流れ,campaign,popular_articles
fuyujitaku-poikatsu,冬支度のポイ活術!暖房家電・防寒用品をお得に準備する方法,campaign,6,4_same_thumb_type,kessan-sale-poikatsu,決算セールでポイ活する方法!家電・日用品をお得に買う判断基準,campaign,popular_articles
fuyujitaku-poikatsu,冬支度のポイ活術!暖房家電・防寒用品をお得に準備する方法,campaign,7,4_same_thumb_type,natsuyasumi-poikatsu-junbi,夏休み前のポイ活準備!旅行・レジャー・日用品を計画的に買う方法,campaign,popular_articles
fuyujitaku-poikatsu,冬支度のポイ活術!暖房家電・防寒用品をお得に準備する方法,campaign,8,4_same_thumb_type,nenmatsunenshi-poikatsu,年末年始のポイ活術!帰省・おせち・初売りで使える節約ポイント,campaign,popular_articles
fuyujitaku-poikatsu,冬支度のポイ活術!暖房家電・防寒用品をお得に準備する方法,campaign,9,4_same_thumb_type,paypay-campaign-katsuyo,PayPayでポイントを効率よく貯める方法!キャンペーン活用の基本,campaign,popular_articles
fuyujitaku-poikatsu,冬支度のポイ活術!暖房家電・防寒用品をお得に準備する方法,campaign,10,4_same_thumb_type,paypay-jichitai-campaign-2026,【2026年10月〜】PayPay自治体キャンペーンまとめ!都城市・宮古島市の還元率・上限を解説,campaign,popular_articles
fx-kouza-anken-poikatsu,FX口座案件のポイ活は注意が必要?高還元に飛びつく前の確認点,kouza,1,4_same_thumb_type,shouken-kouza-anken-poikatsu,証券口座開設案件でポイ活する方法!投資前提で注意したい基本,kouza,popular_articles
fx-kouza-anken-poikatsu,FX口座案件のポイ活は注意が必要?高還元に飛びつく前の確認点,kouza,2,5_category_hub,point-tamaru-ginkou-hikaku,ポイントが貯まる銀行を比較!d・楽天・V・Ponta・PayPay系の選び方,kouza,popular_articles
fx-kouza-anken-poikatsu,FX口座案件のポイ活は注意が必要?高還元に飛びつく前の確認点,kouza,3,5_category_hub,docomo-ginkou-dpoint-poikatsu,ドコモの銀行でdポイントを貯める方法|dアカウント連携・還元条件,kouza,popular_articles
fx-kouza-anken-poikatsu,FX口座案件のポイ活は注意が必要?高還元に飛びつく前の確認点,kouza,4,6_same_category,dmm-kabu-poikatsu,DMM株とは?少額投資・低手数料が魅力の株式投資アプリを解説,kouza,popular_articles
fx-kouza-anken-poikatsu,FX口座案件のポイ活は注意が必要?高還元に飛びつく前の確認点,kouza,5,6_same_category,matsui-shouken-ideco-poikatsu,松井証券のiDeCoとは?手数料0円・低コスト商品の特徴を解説,kouza,popular_articles
fx-kouza-anken-poikatsu,FX口座案件のポイ活は注意が必要?高還元に飛びつく前の確認点,kouza,6,6_same_category,monex-shouken-toha,マネックス証券とは?特徴とポイントの貯め方をわかりやすく解説,kouza,popular_articles
fx-kouza-anken-poikatsu,FX口座案件のポイ活は注意が必要?高還元に飛びつく前の確認点,kouza,7,6_same_category,net-ginkou-poikatsu,ネット銀行を使ったポイ活術!振込・ATM・残高条件の見方,kouza,popular_articles
fx-kouza-anken-poikatsu,FX口座案件のポイ活は注意が必要?高還元に飛びつく前の確認点,kouza,8,6_same_category,paypaysec-shouken-toha,PayPay証券とは?特徴とポイントの貯め方をわかりやすく解説,kouza,popular_articles
fx-kouza-anken-poikatsu,FX口座案件のポイ活は注意が必要?高還元に飛びつく前の確認点,kouza,9,6_same_category,rakuten-ginkou-happy-program,楽天銀行ハッピープログラムの基本!銀行取引で楽天ポイントを貯める方法,kouza,popular_articles
fx-kouza-anken-poikatsu,FX口座案件のポイ活は注意が必要?高還元に飛びつく前の確認点,kouza,10,6_same_category,rakuten-shouken-toha,楽天証券とは?特徴とポイントの貯め方をわかりやすく解説,kouza,popular_articles
gaishoku-point-tameru,外食でポイントを貯める方法!予約サイト・決済・アプリ活用の基本,shopping,1,4_same_thumb_type,aupay-market-poikatsu,au PAYマーケットでポイントを活用する方法!買い物前の確認ポイント,shopping,popular_articles
gaishoku-point-tameru,外食でポイントを貯める方法!予約サイト・決済・アプリ活用の基本,shopping,2,4_same_thumb_type,aupay-ponta,au PAYでPontaポイントを貯める方法!スマホ決済との組み合わせを解説,shopping,popular_articles
gaishoku-point-tameru,外食でポイントを貯める方法!予約サイト・決済・アプリ活用の基本,shopping,3,4_same_thumb_type,biyouin-salon-point,美容院・サロン代をポイントで節約!予約前に見るべき条件と使い方,shopping,popular_articles
gaishoku-point-tameru,外食でポイントを貯める方法!予約サイト・決済・アプリ活用の基本,shopping,4,4_same_thumb_type,coke-on-setsuyaku,Coke ONで飲み物代を節約する方法!スタンプ・チケット活用の基本,shopping,popular_articles
gaishoku-point-tameru,外食でポイントを貯める方法!予約サイト・決済・アプリ活用の基本,shopping,5,4_same_thumb_type,demaecan-poikatsu,出前館でポイ活する方法!注文前に確認したい割引とポイント,shopping,popular_articles
gaishoku-point-tameru,外食でポイントを貯める方法!予約サイト・決済・アプリ活用の基本,shopping,6,4_same_thumb_type,doutor-tullys-poikatsu,ドトール・タリーズでポイ活する方法!カフェ利用時の支払い術,shopping,popular_articles
gaishoku-point-tameru,外食でポイントを貯める方法!予約サイト・決済・アプリ活用の基本,shopping,7,4_same_thumb_type,dpoint-d-harai,d払いでdポイントを貯める方法!日常決済で活用するコツ,shopping,popular_articles
gaishoku-point-tameru,外食でポイントを貯める方法!予約サイト・決済・アプリ活用の基本,shopping,8,4_same_thumb_type,drugstore-poikatsu,ドラッグストアでポイ活する方法!日用品・薬・コスメでポイントを貯める,shopping,popular_articles
gaishoku-point-tameru,外食でポイントを貯める方法!予約サイト・決済・アプリ活用の基本,shopping,9,4_same_thumb_type,famiresu-cafe-point,ファミレス・カフェでポイントを貯める方法!外食前のアプリ確認術,shopping,popular_articles
gaishoku-point-tameru,外食でポイントを貯める方法!予約サイト・決済・アプリ活用の基本,shopping,10,4_same_thumb_type,homecenter-app-katsuyou,ホームセンターの会員アプリ活用術!DIY用品と日用品をお得に買う方法,shopping,popular_articles
gakusei-poikatsu,学生でもできるポイ活!お金をかけずに始める安全な方法,pointsite,1,4_same_thumb_type,cashless-fuan-poikatsu,キャッシュレスが不安な人向けポイ活!現金感覚で使うための管理方法,pointsite,popular_articles
gakusei-poikatsu,学生でもできるポイ活!お金をかけずに始める安全な方法,pointsite,2,4_same_thumb_type,hapitas-tsukaikata,ハピタスの使い方を初心者向けに解説!案件選びとポイント交換の基本,pointsite,popular_articles
gakusei-poikatsu,学生でもできるポイ活!お金をかけずに始める安全な方法,pointsite,3,4_same_thumb_type,kaimono-nigate-poikatsu,買い物が苦手な人のポイ活術!比較しすぎずに得するシンプル運用,pointsite,popular_articles
gakusei-poikatsu,学生でもできるポイ活!お金をかけずに始める安全な方法,pointsite,4,4_same_thumb_type,kosodate-setai-poikatsu,子育て世帯のポイ活術!おむつ・ミルク・学用品をお得に買う方法,pointsite,popular_articles
gakusei-poikatsu,学生でもできるポイ活!お金をかけずに始める安全な方法,pointsite,5,4_same_thumb_type,koteihi-sukunai-poikatsu,固定費が少ない人のポイ活術!少額支出でも効率よく貯める方法,pointsite,popular_articles
gakusei-poikatsu,学生でもできるポイ活!お金をかけずに始める安全な方法,pointsite,6,4_same_thumb_type,kurumanashi-seikatsu-poikatsu,車なし生活のポイ活術!交通・ネット通販・日用品で節約する方法,pointsite,popular_articles
gakusei-poikatsu,学生でもできるポイ活!お金をかけずに始める安全な方法,pointsite,7,4_same_thumb_type,minimalist-poikatsu,ミニマリスト向けポイ活!買わない生活でもポイントを活かす方法,pointsite,popular_articles
gakusei-poikatsu,学生でもできるポイ活!お金をかけずに始める安全な方法,pointsite,8,4_same_thumb_type,poikatsu-mail-tsuuchi-seiri,ポイ活メール通知の整理術!必要なキャンペーンだけ見逃さない方法,pointsite,popular_articles
gakusei-poikatsu,学生でもできるポイ活!お金をかけずに始める安全な方法,pointsite,9,4_same_thumb_type,poikatsu-senyou-mail-hitsuyou,ポイ活専用メールアドレスは必要?登録管理をラクにする考え方,pointsite,popular_articles
gakusei-poikatsu,学生でもできるポイ活!お金をかけずに始める安全な方法,pointsite,10,4_same_thumb_type,poikatsu-taikai-mae-kakunin,ポイ活サービスを退会する前に確認すること!ポイント失効を防ぐ手順,pointsite,popular_articles
game-kakin-point,ゲーム課金でポイントを貯める方法!Apple・Google残高利用時の注意,shopping,1,4_same_thumb_type,amazon-gift-charge,Amazonギフト券チャージで損しない考え方!支払い方法と使い切りのコツ,shopping,popular_articles
game-kakin-point,ゲーム課金でポイントを貯める方法!Apple・Google残高利用時の注意,shopping,2,4_same_thumb_type,amazon-poikatsu,Amazonでポイ活はできる?ポイントを貯める方法と注意点を解説,shopping,popular_articles
game-kakin-point,ゲーム課金でポイントを貯める方法!Apple・Google残高利用時の注意,shopping,3,4_same_thumb_type,chuushajou-yoyaku-poikatsu,駐車場予約サービスでポイ活する方法!イベント前に確認したい条件,shopping,popular_articles
game-kakin-point,ゲーム課金でポイントを貯める方法!Apple・Google残高利用時の注意,shopping,4,4_same_thumb_type,dpoint-hanei-sarenai,dポイントが反映されない原因は?dポイントマーケットの確認方法も解説,shopping,popular_articles
game-kakin-point,ゲーム課金でポイントを貯める方法!Apple・Google残高利用時の注意,shopping,5,4_same_thumb_type,furusato-nozei-poikatsu,ふるさと納税でポイ活はできる?ポイント還元と注意点をわかりやすく解説,shopping,popular_articles
game-kakin-point,ゲーム課金でポイントを貯める方法!Apple・Google残高利用時の注意,shopping,6,4_same_thumb_type,halloween-yohin-poikatsu,ハロウィン用品でポイ活する方法!衣装・お菓子を買いすぎないコツ,shopping,popular_articles
game-kakin-point,ゲーム課金でポイントを貯める方法!Apple・Google残高利用時の注意,shopping,7,4_same_thumb_type,hikkoshi-seikatsuyohin-poikatsu,引越し後の生活用品で使えるポイ活術!支出が増える前に確認したい節約ポイント,shopping,popular_articles
game-kakin-point,ゲーム課金でポイントを貯める方法!Apple・Google残高利用時の注意,shopping,8,4_same_thumb_type,iryouhi-shohouyaku-point,医療費・処方薬でポイントは貯まる?支払い前に確認したい注意点,shopping,popular_articles
game-kakin-point,ゲーム課金でポイントを貯める方法!Apple・Google残高利用時の注意,shopping,9,4_same_thumb_type,koukyou-ryokin-poikatsu,電気・ガス・水道でポイントは貯まる?公共料金ポイ活の基本,shopping,popular_articles
game-kakin-point,ゲーム課金でポイントを貯める方法!Apple・Google残高利用時の注意,shopping,10,4_same_thumb_type,maebarai-shisugi-poikatsu,前払いしすぎないポイ活術!ポイント目当ての出費を防ぐ考え方,shopping,popular_articles
gas-norikae-poikatsu,ガス会社乗り換えでポイ活する方法!セット割とポイントの確認術,shopping,1,1_own_outbound_link,koukyou-ryokin-poikatsu,電気・ガス・水道でポイントは貯まる?公共料金ポイ活の基本,shopping,popular_articles
gas-norikae-poikatsu,ガス会社乗り換えでポイ活する方法!セット割とポイントの確認術,shopping,2,1_own_outbound_link,denryoku-norikae-point,電力会社乗り換えでポイントを貯める方法!料金比較と特典の見方,shopping,popular_articles
gas-norikae-poikatsu,ガス会社乗り換えでポイ活する方法!セット割とポイントの確認術,shopping,3,4_same_thumb_type,ana-jal-mile-hikaku,ANAマイルとJALマイルはどっち?貯めやすさ・使いやすさを比較,shopping,popular_articles
gas-norikae-poikatsu,ガス会社乗り換えでポイ活する方法!セット割とポイントの確認術,shopping,4,4_same_thumb_type,ana-mile-tameru-kachi,ANAマイルを貯めるべき人・貯めない方がいい人を解説,shopping,popular_articles
gas-norikae-poikatsu,ガス会社乗り換えでポイ活する方法!セット割とポイントの確認術,shopping,5,4_same_thumb_type,ana-mileageplus-hikaku,ANAマイルとMileagePlusはどっち?同じスターアライアンスで何が違う?,shopping,popular_articles
gas-norikae-poikatsu,ガス会社乗り換えでポイ活する方法!セット割とポイントの確認術,shopping,6,4_same_thumb_type,au-uq-ponta,au・UQユーザーはPontaポイントにまとめるべき?相性の良いサービスを解説,shopping,popular_articles
gas-norikae-poikatsu,ガス会社乗り換えでポイ活する方法!セット割とポイントの確認術,shopping,7,4_same_thumb_type,carshare-point-katsuyou,カーシェアでポイ活する方法とは?短時間利用の節約ポイントを解説,shopping,popular_articles
gas-norikae-poikatsu,ガス会社乗り換えでポイ活する方法!セット割とポイントの確認術,shopping,8,4_same_thumb_type,cleaning-poikatsu,クリーニング代でポイントを貯める方法!宅配と店舗を比較するコツ,shopping,popular_articles
gas-norikae-poikatsu,ガス会社乗り換えでポイ活する方法!セット割とポイントの確認術,shopping,9,4_same_thumb_type,code-kessai-4sha-hikaku,コード決済4社を徹底比較|PayPay・d払い・楽天ペイ・au PAY,shopping,popular_articles
gas-norikae-poikatsu,ガス会社乗り換えでポイ活する方法!セット割とポイントの確認術,shopping,10,4_same_thumb_type,d-point-supermarket,dポイントが貯まるスーパー一覧|使える店舗・地域スーパーも比較,shopping,popular_articles
gasoline-point-tameru,ガソリン代でポイントを貯める方法!車利用者向けポイ活の基本,creditcard,1,2_inbound_link,rentacar-yoyaku-poikatsu,レンタカー予約でポイ活する方法!旅行前に確認したい支払いと補償,shopping,popular_articles
gasoline-point-tameru,ガソリン代でポイントを貯める方法!車利用者向けポイ活の基本,creditcard,2,4_same_thumb_type,ana-amex-poikatsu,ANAアメックスが大幅刷新!ゴールド・プレミアムの新特典とマイル還元まとめ,creditcard,popular_articles
gasoline-point-tameru,ガソリン代でポイントを貯める方法!車利用者向けポイ活の基本,creditcard,3,4_same_thumb_type,apple-pay-poikatsu,Apple Payでポイ活する方法!ポイント還元とiD・QUICPay・タッチ決済の違い,creditcard,popular_articles
gasoline-point-tameru,ガソリン代でポイントを貯める方法!車利用者向けポイ活の基本,creditcard,4,4_same_thumb_type,dcard-poikatsu,dカードはポイ活におすすめ?dポイントを貯めやすい人の特徴,creditcard,popular_articles
gasoline-point-tameru,ガソリン代でポイントを貯める方法!車利用者向けポイ活の基本,creditcard,5,4_same_thumb_type,hokenryo-point-tameru,保険料でポイントを貯める方法!クレジットカード払いの確認ポイント,creditcard,popular_articles
gasoline-point-tameru,ガソリン代でポイントを貯める方法!車利用者向けポイ活の基本,creditcard,6,4_same_thumb_type,jcb-jpoint-poikatsu,JCBのJ-POINT(旧Oki Dokiポイント)活用術!交換先と還元率の考え方,creditcard,popular_articles
gasoline-point-tameru,ガソリン代でポイントを貯める方法!車利用者向けポイ活の基本,creditcard,7,4_same_thumb_type,mitsui-sumitomo-card-vpoint,三井住友カードでVポイントを貯める方法!対象店舗とタッチ決済の基本,creditcard,popular_articles
gasoline-point-tameru,ガソリン代でポイントを貯める方法!車利用者向けポイ活の基本,creditcard,8,4_same_thumb_type,rakuten-card-poikatsu,楽天カードはポイ活に向いている?メリットと注意点を初心者向けに解説,creditcard,popular_articles
gasoline-point-tameru,ガソリン代でポイントを貯める方法!車利用者向けポイ活の基本,creditcard,9,6_same_category,credit-card-mile-hikaku,マイルが貯まるクレジットカード比較|ANA・JALの還元と移行条件,creditcard,popular_articles
gasoline-point-tameru,ガソリン代でポイントを貯める方法!車利用者向けポイ活の基本,creditcard,10,6_same_category,credit-card-common-point-hikaku,共通ポイント別クレジットカード比較|d・楽天・Ponta・Vポイントで選ぶ,creditcard,popular_articles
gendama-poikatsu,げん玉とは?ポイントの貯め方・交換方法をわかりやすく解説,pointsite,1,4_same_thumb_type,campaign-memo-tsukurikata,キャンペーンメモの作り方!エントリー忘れを減らすポイ活管理術,pointsite,popular_articles
gendama-poikatsu,げん玉とは?ポイントの貯め方・交換方法をわかりやすく解説,pointsite,2,4_same_thumb_type,entry-calendar-tsukurikata,エントリーカレンダーの作り方!毎月のポイ活予定を見える化する,pointsite,popular_articles
gendama-poikatsu,げん玉とは?ポイントの貯め方・交換方法をわかりやすく解説,pointsite,3,4_same_thumb_type,fuyoyotei-point-mieruka,付与予定ポイントの見える化術!反映待ちを忘れないチェック習慣,pointsite,popular_articles
gendama-poikatsu,げん玉とは?ポイントの貯め方・交換方法をわかりやすく解説,pointsite,4,4_same_thumb_type,hitorigurashi-poikatsu,一人暮らしのポイ活術!固定費と日用品をポイントで節約する方法,pointsite,popular_articles
gendama-poikatsu,げん玉とは?ポイントの貯め方・交換方法をわかりやすく解説,pointsite,5,4_same_thumb_type,isogashii-kaishain-shuumatsu-poikatsu,忙しい会社員の週末ポイ活ルーティン!平日に追わない管理方法,pointsite,popular_articles
gendama-poikatsu,げん玉とは?ポイントの貯め方・交換方法をわかりやすく解説,pointsite,6,4_same_thumb_type,poikatsu-kakeibo,ポイ活を家計簿に活かす方法!ポイントを収入ではなく節約として管理する,pointsite,popular_articles
gendama-poikatsu,げん玉とは?ポイントの貯め方・交換方法をわかりやすく解説,pointsite,7,4_same_thumb_type,poikatsu-minaoshi-timing,ポイ活の見直しタイミングはいつ?使わないサービスを整理する方法,pointsite,popular_articles
gendama-poikatsu,げん玉とは?ポイントの貯め方・交換方法をわかりやすく解説,pointsite,8,4_same_thumb_type,poikatsu-yuusenjyuni,ポイ活の優先順位を決める方法!時間効率の良い案件と買い物の選び方,pointsite,popular_articles
gendama-poikatsu,げん玉とは?ポイントの貯め方・交換方法をわかりやすく解説,pointsite,9,4_same_thumb_type,point-shuushihyou-tsukurikata,ポイント収支表の作り方!貯める・使う・失効を見える化する方法,pointsite,popular_articles
gendama-poikatsu,げん玉とは?ポイントの貯め方・交換方法をわかりやすく解説,pointsite,10,4_same_thumb_type,point-toiawase-junbi,ポイント問い合わせの準備方法!必要情報をそろえてスムーズに確認する,pointsite,popular_articles
ginkou-kouza-poikatsu,銀行口座のポイ活とは?給与受取・口座振替で貯める基本,kouza,1,5_category_hub,point-tamaru-ginkou-hikaku,ポイントが貯まる銀行を比較!d・楽天・V・Ponta・PayPay系の選び方,kouza,popular_articles
ginkou-kouza-poikatsu,銀行口座のポイ活とは?給与受取・口座振替で貯める基本,kouza,2,5_category_hub,docomo-ginkou-dpoint-poikatsu,ドコモの銀行でdポイントを貯める方法|dアカウント連携・還元条件,kouza,popular_articles
ginkou-kouza-poikatsu,銀行口座のポイ活とは?給与受取・口座振替で貯める基本,kouza,3,6_same_category,dmm-kabu-poikatsu,DMM株とは?少額投資・低手数料が魅力の株式投資アプリを解説,kouza,popular_articles
ginkou-kouza-poikatsu,銀行口座のポイ活とは?給与受取・口座振替で貯める基本,kouza,4,6_same_category,matsui-shouken-ideco-poikatsu,松井証券のiDeCoとは?手数料0円・低コスト商品の特徴を解説,kouza,popular_articles
ginkou-kouza-poikatsu,銀行口座のポイ活とは?給与受取・口座振替で貯める基本,kouza,5,6_same_category,monex-shouken-toha,マネックス証券とは?特徴とポイントの貯め方をわかりやすく解説,kouza,popular_articles
ginkou-kouza-poikatsu,銀行口座のポイ活とは?給与受取・口座振替で貯める基本,kouza,6,6_same_category,net-ginkou-poikatsu,ネット銀行を使ったポイ活術!振込・ATM・残高条件の見方,kouza,popular_articles
ginkou-kouza-poikatsu,銀行口座のポイ活とは?給与受取・口座振替で貯める基本,kouza,7,6_same_category,paypaysec-shouken-toha,PayPay証券とは?特徴とポイントの貯め方をわかりやすく解説,kouza,popular_articles
ginkou-kouza-poikatsu,銀行口座のポイ活とは?給与受取・口座振替で貯める基本,kouza,8,6_same_category,rakuten-ginkou-happy-program,楽天銀行ハッピープログラムの基本!銀行取引で楽天ポイントを貯める方法,kouza,popular_articles
ginkou-kouza-poikatsu,銀行口座のポイ活とは?給与受取・口座振替で貯める基本,kouza,9,6_same_category,rakuten-shouken-toha,楽天証券とは?特徴とポイントの貯め方をわかりやすく解説,kouza,popular_articles
ginkou-kouza-poikatsu,銀行口座のポイ活とは?給与受取・口座振替で貯める基本,kouza,10,6_same_category,sbisec-shouken-toha,SBI証券とは?特徴とポイントの貯め方をわかりやすく解説,kouza,popular_articles
gyudon-chain-poikatsu,牛丼チェーンでポイ活する方法!吉野家・すき家・松屋利用時の基本,shopping,1,4_same_thumb_type,keitai-ryokin-setsuyaku,携帯料金をポイ活で節約する方法!ポイント払いとキャンペーンの活用,shopping,popular_articles
gyudon-chain-poikatsu,牛丼チェーンでポイ活する方法!吉野家・すき家・松屋利用時の基本,shopping,2,4_same_thumb_type,mcdonalds-poikatsu,マクドナルドでお得に買うポイ活術!アプリ・クーポン・支払いの基本,shopping,popular_articles
gyudon-chain-poikatsu,牛丼チェーンでポイ活する方法!吉野家・すき家・松屋利用時の基本,shopping,3,4_same_thumb_type,sukairaku-group-poikatsu,すかいらーくグループでポイ活する方法!外食前のアプリ確認術,shopping,popular_articles
gyudon-chain-poikatsu,牛丼チェーンでポイ活する方法!吉野家・すき家・松屋利用時の基本,shopping,4,5_category_hub,drugstore-point-hikaku,ドラッグストアのポイントを徹底比較|マツキヨ・ウエルシア・スギ薬局・ツルハなど,shopping,popular_articles
gyudon-chain-poikatsu,牛丼チェーンでポイ活する方法!吉野家・すき家・松屋利用時の基本,shopping,5,5_category_hub,point-toushi-unyou-service-hikaku,ポイント投資・ポイント運用を主要サービスで比較,shopping,popular_articles
gyudon-chain-poikatsu,牛丼チェーンでポイ活する方法!吉野家・すき家・松屋利用時の基本,shopping,6,6_same_category,rakuten-ichiba-toha,楽天市場とは?特徴とポイントの貯め方をわかりやすく解説,shopping,popular_articles
gyudon-chain-poikatsu,牛丼チェーンでポイ活する方法!吉野家・すき家・松屋利用時の基本,shopping,7,6_same_category,kikangentei-point-5shu-hikaku,期間限定ポイント5種を比較!失効前に使い切る方法,shopping,popular_articles
gyudon-chain-poikatsu,牛丼チェーンでポイ活する方法!吉野家・すき家・松屋利用時の基本,shopping,8,6_same_category,paypay-point-kiso,PayPayポイントとは?貯め方・使い方・注意点を初心者向けに解説,shopping,popular_articles
gyudon-chain-poikatsu,牛丼チェーンでポイ活する方法!吉野家・すき家・松屋利用時の基本,shopping,9,6_same_category,point-yuukoukigen-kanri,ポイントの有効期限を管理する方法!失効を防ぐチェック習慣,shopping,popular_articles
gyudon-chain-poikatsu,牛丼チェーンでポイ活する方法!吉野家・すき家・松屋利用時の基本,shopping,10,6_same_category,rakuten-mobile-rakuten-point,楽天モバイルなら楽天ポイントにまとめるべき?楽天経済圏との相性を解説,shopping,popular_articles
hahanohi-chichinohi-gift-point,母の日・父の日ギフトでポイントを貯める方法!早割と配送日の確認術,shopping,1,1_own_outbound_link,jtb-shopping-toha,JTBショッピングとは?お取り寄せ・お土産・ギフトの特徴を解説,shopping,popular_articles
hahanohi-chichinohi-gift-point,母の日・父の日ギフトでポイントを貯める方法!早割と配送日の確認術,shopping,2,4_same_thumb_type,aeon-point-tameru,イオンでポイントを効率よく貯める方法!WAON POINTと支払い方法の選び方,shopping,popular_articles
hahanohi-chichinohi-gift-point,母の日・父の日ギフトでポイントを貯める方法!早割と配送日の確認術,shopping,3,4_same_thumb_type,qoo10-poikatsu,Qoo10でポイ活する方法!メガ割前に準備したいチェックリスト,shopping,popular_articles
hahanohi-chichinohi-gift-point,母の日・父の日ギフトでポイントを貯める方法!早割と配送日の確認術,shopping,4,4_same_thumb_type,rakuten-ichiba-kaimawari,楽天市場でポイントを効率よく貯める方法!買い回り前に確認すること,shopping,popular_articles
hahanohi-chichinohi-gift-point,母の日・父の日ギフトでポイントを貯める方法!早割と配送日の確認術,shopping,5,4_same_thumb_type,welcia-point,ウエルシアのポイント制度!WAON POINT・Vポイントと「ウエル活」の仕組み,shopping,popular_articles
hahanohi-chichinohi-gift-point,母の日・父の日ギフトでポイントを貯める方法!早割と配送日の確認術,shopping,6,4_same_thumb_type,welkatsu-poikatsu,ウエル活とは?ドラッグストアでポイントを活用する基本と注意点,shopping,popular_articles
hahanohi-chichinohi-gift-point,母の日・父の日ギフトでポイントを貯める方法!早割と配送日の確認術,shopping,7,5_category_hub,drugstore-point-hikaku,ドラッグストアのポイントを徹底比較|マツキヨ・ウエルシア・スギ薬局・ツルハなど,shopping,popular_articles
hahanohi-chichinohi-gift-point,母の日・父の日ギフトでポイントを貯める方法!早割と配送日の確認術,shopping,8,5_category_hub,point-toushi-unyou-service-hikaku,ポイント投資・ポイント運用を主要サービスで比較,shopping,popular_articles
hahanohi-chichinohi-gift-point,母の日・父の日ギフトでポイントを貯める方法!早割と配送日の確認術,shopping,9,6_same_category,rakuten-ichiba-toha,楽天市場とは?特徴とポイントの貯め方をわかりやすく解説,shopping,popular_articles
hahanohi-chichinohi-gift-point,母の日・父の日ギフトでポイントを貯める方法!早割と配送日の確認術,shopping,10,6_same_category,kikangentei-point-5shu-hikaku,期間限定ポイント5種を比較!失効前に使い切る方法,shopping,popular_articles
hajimeni-tameru-point,ポイ活初心者が最初に貯めるべきポイントはどれ?主要ポイントを比較,pointsite,1,5_category_hub,yosekatsu,ポイ活の新常識!ポイントを分散せず効率よく貯める「寄せ活」の始め方,pointsite,popular_articles
hajimeni-tameru-point,ポイ活初心者が最初に貯めるべきポイントはどれ?主要ポイントを比較,pointsite,2,5_category_hub,poikatsu-kiso,ポイ活とは?初心者が最初に知っておきたい仕組みと始め方,pointsite,popular_articles
hajimeni-tameru-point,ポイ活初心者が最初に貯めるべきポイントはどれ?主要ポイントを比較,pointsite,3,6_same_category,hapitas-poikatsu,ハピタスとは?ポイント還元率・交換方法・登録方法をわかりやすく解説,pointsite,popular_articles
hajimeni-tameru-point,ポイ活初心者が最初に貯めるべきポイントはどれ?主要ポイントを比較,pointsite,4,6_same_category,keiyu-wasure-boushi,ポイントサイト経由忘れを防ぐ方法!買い物前チェックを習慣化するコツ,pointsite,popular_articles
hajimeni-tameru-point,ポイ活初心者が最初に貯めるべきポイントはどれ?主要ポイントを比較,pointsite,5,6_same_category,moppy-hajimekata,モッピーでポイ活を始める方法!高還元案件を見る前の確認ポイント,pointsite,popular_articles
hajimeni-tameru-point,ポイ活初心者が最初に貯めるべきポイントはどれ?主要ポイントを比較,pointsite,6,6_same_category,pointsite-kyakka-genin,ポイントサイトで却下される原因は?承認条件の読み方を初心者向けに解説,pointsite,popular_articles
hajimeni-tameru-point,ポイ活初心者が最初に貯めるべきポイントはどれ?主要ポイントを比較,pointsite,7,6_same_category,chobirich-poikatsu,ちょびリッチとは?評判・特徴からポイントの貯め方まで徹底解説,pointsite,popular_articles
hajimeni-tameru-point,ポイ活初心者が最初に貯めるべきポイントはどれ?主要ポイントを比較,pointsite,8,6_same_category,ecnavi-poikatsu,ECナビとは?多彩な方法でポイントが貯まるポイントサイトの特徴を解説,pointsite,popular_articles
hajimeni-tameru-point,ポイ活初心者が最初に貯めるべきポイントはどれ?主要ポイントを比較,pointsite,9,6_same_category,koteihi-sukunai-poikatsu,固定費が少ない人のポイ活術!少額支出でも効率よく貯める方法,pointsite,popular_articles
hajimeni-tameru-point,ポイ活初心者が最初に貯めるべきポイントはどれ?主要ポイントを比較,pointsite,10,6_same_category,nifty-point-club-poikatsu,ニフティポイントクラブの活用術!ネット利用者向けのポイ活基本,pointsite,popular_articles
halloween-yohin-poikatsu,ハロウィン用品でポイ活する方法!衣装・お菓子を買いすぎないコツ,shopping,1,4_same_thumb_type,amazon-gift-charge,Amazonギフト券チャージで損しない考え方!支払い方法と使い切りのコツ,shopping,popular_articles
halloween-yohin-poikatsu,ハロウィン用品でポイ活する方法!衣装・お菓子を買いすぎないコツ,shopping,2,4_same_thumb_type,amazon-poikatsu,Amazonでポイ活はできる?ポイントを貯める方法と注意点を解説,shopping,popular_articles
halloween-yohin-poikatsu,ハロウィン用品でポイ活する方法!衣装・お菓子を買いすぎないコツ,shopping,3,4_same_thumb_type,chuushajou-yoyaku-poikatsu,駐車場予約サービスでポイ活する方法!イベント前に確認したい条件,shopping,popular_articles
halloween-yohin-poikatsu,ハロウィン用品でポイ活する方法!衣装・お菓子を買いすぎないコツ,shopping,4,4_same_thumb_type,dpoint-hanei-sarenai,dポイントが反映されない原因は?dポイントマーケットの確認方法も解説,shopping,popular_articles
halloween-yohin-poikatsu,ハロウィン用品でポイ活する方法!衣装・お菓子を買いすぎないコツ,shopping,5,4_same_thumb_type,furusato-nozei-poikatsu,ふるさと納税でポイ活はできる?ポイント還元と注意点をわかりやすく解説,shopping,popular_articles
halloween-yohin-poikatsu,ハロウィン用品でポイ活する方法!衣装・お菓子を買いすぎないコツ,shopping,6,4_same_thumb_type,game-kakin-point,ゲーム課金でポイントを貯める方法!Apple・Google残高利用時の注意,shopping,popular_articles
halloween-yohin-poikatsu,ハロウィン用品でポイ活する方法!衣装・お菓子を買いすぎないコツ,shopping,7,4_same_thumb_type,hikkoshi-seikatsuyohin-poikatsu,引越し後の生活用品で使えるポイ活術!支出が増える前に確認したい節約ポイント,shopping,popular_articles
halloween-yohin-poikatsu,ハロウィン用品でポイ活する方法!衣装・お菓子を買いすぎないコツ,shopping,8,4_same_thumb_type,iryouhi-shohouyaku-point,医療費・処方薬でポイントは貯まる?支払い前に確認したい注意点,shopping,popular_articles
halloween-yohin-poikatsu,ハロウィン用品でポイ活する方法!衣装・お菓子を買いすぎないコツ,shopping,9,4_same_thumb_type,koukyou-ryokin-poikatsu,電気・ガス・水道でポイントは貯まる?公共料金ポイ活の基本,shopping,popular_articles
halloween-yohin-poikatsu,ハロウィン用品でポイ活する方法!衣装・お菓子を買いすぎないコツ,shopping,10,4_same_thumb_type,maebarai-shisugi-poikatsu,前払いしすぎないポイ活術!ポイント目当ての出費を防ぐ考え方,shopping,popular_articles
hapitas-poikatsu,ハピタスとは?ポイント還元率・交換方法・登録方法をわかりやすく解説,pointsite,1,2_inbound_link,pointsite-kyakka-genin,ポイントサイトで却下される原因は?承認条件の読み方を初心者向けに解説,pointsite,popular_articles
hapitas-poikatsu,ハピタスとは?ポイント還元率・交換方法・登録方法をわかりやすく解説,pointsite,2,2_inbound_link,uniqlo-gu-point,ユニクロ・GUでポイントは貯まる?衣類購入でできる節約チェック,shopping,popular_articles
hapitas-poikatsu,ハピタスとは?ポイント還元率・交換方法・登録方法をわかりやすく解説,pointsite,3,4_same_thumb_type,amefri-poikatsu,アメフリとは?すきま時間で貯まるポイントサイトの特徴を解説,pointsite,popular_articles
hapitas-poikatsu,ハピタスとは?ポイント還元率・交換方法・登録方法をわかりやすく解説,pointsite,4,4_same_thumb_type,chobirich-poikatsu,ちょびリッチとは?評判・特徴からポイントの貯め方まで徹底解説,pointsite,popular_articles
hapitas-poikatsu,ハピタスとは?ポイント還元率・交換方法・登録方法をわかりやすく解説,pointsite,5,4_same_thumb_type,chobirich-tsukaikata,ちょびリッチの使い方!ポイントサイト初心者が見るべき案件と交換先,pointsite,popular_articles
hapitas-poikatsu,ハピタスとは?ポイント還元率・交換方法・登録方法をわかりやすく解説,pointsite,6,4_same_thumb_type,ecnavi-poikatsu,ECナビとは?多彩な方法でポイントが貯まるポイントサイトの特徴を解説,pointsite,popular_articles
hapitas-poikatsu,ハピタスとは?ポイント還元率・交換方法・登録方法をわかりやすく解説,pointsite,7,4_same_thumb_type,ecnavi-tsukaikata,ECナビでポイントを貯める方法!アンケートと買い物を組み合わせるコツ,pointsite,popular_articles
hapitas-poikatsu,ハピタスとは?ポイント還元率・交換方法・登録方法をわかりやすく解説,pointsite,8,4_same_thumb_type,moppy-hajimekata,モッピーでポイ活を始める方法!高還元案件を見る前の確認ポイント,pointsite,popular_articles
hapitas-poikatsu,ハピタスとは?ポイント還元率・交換方法・登録方法をわかりやすく解説,pointsite,9,4_same_thumb_type,muryou-kaiin-touroku-poikatsu,無料会員登録案件でポイ活する方法とは?登録前後の確認ポイントを解説,pointsite,popular_articles
hapitas-poikatsu,ハピタスとは?ポイント還元率・交換方法・登録方法をわかりやすく解説,pointsite,10,4_same_thumb_type,nifty-point-club-poikatsu,ニフティポイントクラブの活用術!ネット利用者向けのポイ活基本,pointsite,popular_articles
hapitas-tsukaikata,ハピタスの使い方を初心者向けに解説!案件選びとポイント交換の基本,pointsite,1,4_same_thumb_type,cashless-fuan-poikatsu,キャッシュレスが不安な人向けポイ活!現金感覚で使うための管理方法,pointsite,popular_articles
hapitas-tsukaikata,ハピタスの使い方を初心者向けに解説!案件選びとポイント交換の基本,pointsite,2,4_same_thumb_type,gakusei-poikatsu,学生でもできるポイ活!お金をかけずに始める安全な方法,pointsite,popular_articles
hapitas-tsukaikata,ハピタスの使い方を初心者向けに解説!案件選びとポイント交換の基本,pointsite,3,4_same_thumb_type,kaimono-nigate-poikatsu,買い物が苦手な人のポイ活術!比較しすぎずに得するシンプル運用,pointsite,popular_articles
hapitas-tsukaikata,ハピタスの使い方を初心者向けに解説!案件選びとポイント交換の基本,pointsite,4,4_same_thumb_type,kosodate-setai-poikatsu,子育て世帯のポイ活術!おむつ・ミルク・学用品をお得に買う方法,pointsite,popular_articles
hapitas-tsukaikata,ハピタスの使い方を初心者向けに解説!案件選びとポイント交換の基本,pointsite,5,4_same_thumb_type,koteihi-sukunai-poikatsu,固定費が少ない人のポイ活術!少額支出でも効率よく貯める方法,pointsite,popular_articles
hapitas-tsukaikata,ハピタスの使い方を初心者向けに解説!案件選びとポイント交換の基本,pointsite,6,4_same_thumb_type,kurumanashi-seikatsu-poikatsu,車なし生活のポイ活術!交通・ネット通販・日用品で節約する方法,pointsite,popular_articles
hapitas-tsukaikata,ハピタスの使い方を初心者向けに解説!案件選びとポイント交換の基本,pointsite,7,4_same_thumb_type,minimalist-poikatsu,ミニマリスト向けポイ活!買わない生活でもポイントを活かす方法,pointsite,popular_articles
hapitas-tsukaikata,ハピタスの使い方を初心者向けに解説!案件選びとポイント交換の基本,pointsite,8,4_same_thumb_type,poikatsu-mail-tsuuchi-seiri,ポイ活メール通知の整理術!必要なキャンペーンだけ見逃さない方法,pointsite,popular_articles
hapitas-tsukaikata,ハピタスの使い方を初心者向けに解説!案件選びとポイント交換の基本,pointsite,9,4_same_thumb_type,poikatsu-senyou-mail-hitsuyou,ポイ活専用メールアドレスは必要?登録管理をラクにする考え方,pointsite,popular_articles
hapitas-tsukaikata,ハピタスの使い方を初心者向けに解説!案件選びとポイント交換の基本,pointsite,10,4_same_thumb_type,poikatsu-taikai-mae-kakunin,ポイ活サービスを退会する前に確認すること!ポイント失効を防ぐ手順,pointsite,popular_articles
hashport-wallet-poikatsu,HashPort Walletとは?暗号資産・ポイント・NFTを一元管理できるアプリ,app,1,4_same_thumb_type,app-install-anken-poikatsu,アプリインストール案件のポイ活とは?条件達成・アンインストールの注意点を解説,app,popular_articles
hashport-wallet-poikatsu,HashPort Walletとは?暗号資産・ポイント・NFTを一元管理できるアプリ,app,2,4_same_thumb_type,receipt-app-poikatsu,レシートアプリでポイ活する方法!買い物後に捨てずに活用するコツ,app,popular_articles
hashport-wallet-poikatsu,HashPort Walletとは?暗号資産・ポイント・NFTを一元管理できるアプリ,app,3,5_category_hub,code-receipt-poikatsu,CODEで商品バーコードを使ったポイ活!レシート登録と案件活用の基本,app,popular_articles
hashport-wallet-poikatsu,HashPort Walletとは?暗号資産・ポイント・NFTを一元管理できるアプリ,app,4,5_category_hub,reshichare-poikatsu,レシチャレ(旧クラシルリワード)で貯めるポイ活とは?レシート・移動・広告の使い方,app,popular_articles
hashport-wallet-poikatsu,HashPort Walletとは?暗号資産・ポイント・NFTを一元管理できるアプリ,app,5,6_same_category,one-receipt-poikatsu,ONEでレシートポイ活を始める方法!撮影前に確認したいポイント,app,popular_articles
hashport-wallet-poikatsu,HashPort Walletとは?暗号資産・ポイント・NFTを一元管理できるアプリ,app,6,6_same_category,torima-idou-poikatsu,トリマで移動ポイ活する方法!歩く・移動する前に知るべき注意点,app,popular_articles
hashport-wallet-poikatsu,HashPort Walletとは?暗号資産・ポイント・NFTを一元管理できるアプリ,app,7,6_same_category,app-hitsuyou,ポイ活アプリは必要?初心者におすすめの使い分けと管理方法,app,popular_articles
hashport-wallet-poikatsu,HashPort Walletとは?暗号資産・ポイント・NFTを一元管理できるアプリ,app,8,6_same_category,hosuu-app-poikatsu,歩数アプリでポイントを貯める方法!健康習慣と節約を両立するコツ,app,popular_articles
hashport-wallet-poikatsu,HashPort Walletとは?暗号資産・ポイント・NFTを一元管理できるアプリ,app,9,6_same_category,idou-app-erabikata,移動系ポイ活アプリの選び方!歩数・移動距離・広告視聴の違い,app,popular_articles
hashport-wallet-poikatsu,HashPort Walletとは?暗号資産・ポイント・NFTを一元管理できるアプリ,app,10,6_same_category,taxi-app-poikatsu,タクシーアプリでポイ活する方法!クーポンと決済ポイントの使い方,app,popular_articles
hasuu-shiharai-point,端数支払いでポイントを使う方法!少額ポイントを無駄にしないコツ,shopping,1,2_inbound_link,starbucks-poikatsu,スタバのポイント「Star」はどう貯まる?貯め方・交換先・有効期限を解説,shopping,popular_articles
hasuu-shiharai-point,端数支払いでポイントを使う方法!少額ポイントを無駄にしないコツ,shopping,2,4_same_thumb_type,abc-mart-poikatsu,ABC-MARTでポイ活する方法!靴購入時のアプリ・決済チェック,shopping,popular_articles
hasuu-shiharai-point,端数支払いでポイントを使う方法!少額ポイントを無駄にしないコツ,shopping,3,4_same_thumb_type,bousai-goods-poikatsu,防災グッズ購入でポイ活する方法!備蓄を無駄なくそろえるコツ,shopping,popular_articles
hasuu-shiharai-point,端数支払いでポイントを使う方法!少額ポイントを無駄にしないコツ,shopping,4,4_same_thumb_type,cashless-setsuyaku,キャッシュレス決済で節約する方法!現金派から始めるポイ活入門,shopping,popular_articles
hasuu-shiharai-point,端数支払いでポイントを使う方法!少額ポイントを無駄にしないコツ,shopping,5,4_same_thumb_type,dpoint-kiso,dポイントの貯め方を初心者向けに解説!ドコモ以外の人でも使える?,shopping,popular_articles
hasuu-shiharai-point,端数支払いでポイントを使う方法!少額ポイントを無駄にしないコツ,shopping,6,4_same_thumb_type,hyakkaten-depart-poikatsu,百貨店のポイントを比較!高島屋・三越伊勢丹・大丸松坂屋など,shopping,popular_articles
hasuu-shiharai-point,端数支払いでポイントを使う方法!少額ポイントを無駄にしないコツ,shopping,7,4_same_thumb_type,kikangentei-point-tsukaimichi,期間限定ポイントのおすすめ使い道|失効前にすぐ使える交換先ガイド,shopping,popular_articles
hasuu-shiharai-point,端数支払いでポイントを使う方法!少額ポイントを無駄にしないコツ,shopping,8,4_same_thumb_type,nanaco-point-kiso,nanacoポイントの貯め方と使い方!セブン系で活用する基本,shopping,popular_articles
hasuu-shiharai-point,端数支払いでポイントを使う方法!少額ポイントを無駄にしないコツ,shopping,9,4_same_thumb_type,net-shopping-point-kiso,ネットショッピングでポイントを貯める方法!楽天・Yahoo・Amazonの基本,shopping,popular_articles
hasuu-shiharai-point,端数支払いでポイントを使う方法!少額ポイントを無駄にしないコツ,shopping,10,4_same_thumb_type,nyuugaku-shingaku-junbi-point,入学・進学準備でポイントを貯める方法!学用品購入の節約術,shopping,popular_articles
hikaritv-toha,ひかりTVとは?特徴と料金プランをわかりやすく解説,seikatsu,1,3_tag_match,ahamo-toha,ahamoとは?月額料金とdポイントの貯め方をわかりやすく解説,seikatsu,popular_articles
hikaritv-toha,ひかりTVとは?特徴と料金プランをわかりやすく解説,seikatsu,2,3_tag_match,dcarshare-toha,dカーシェアとは?特徴とdポイントの貯め方をわかりやすく解説,seikatsu,popular_articles
hikaritv-toha,ひかりTVとは?特徴と料金プランをわかりやすく解説,seikatsu,3,3_tag_match,dhealthcare-toha,dヘルスケアとは?歩数・体重記録でdポイントが貯まる仕組みを解説,seikatsu,popular_articles
hikaritv-toha,ひかりTVとは?特徴と料金プランをわかりやすく解説,seikatsu,4,3_tag_match,dmagazine-toha,dマガジンとは?月額料金と読める雑誌数をわかりやすく解説,seikatsu,popular_articles
hikaritv-toha,ひかりTVとは?特徴と料金プランをわかりやすく解説,seikatsu,5,3_tag_match,jalan-golf-toha,じゃらんゴルフとは?特徴とポイントの貯め方をわかりやすく解説,seikatsu,popular_articles
hikaritv-toha,ひかりTVとは?特徴と料金プランをわかりやすく解説,seikatsu,6,3_tag_match,lemino-premium-toha,Leminoプレミアムとは?月額料金とdポイント還元をわかりやすく解説,seikatsu,popular_articles
hikaritv-toha,ひかりTVとは?特徴と料金プランをわかりやすく解説,seikatsu,7,4_same_thumb_type,anshin-security-toha,あんしんセキュリティとは?月額料金と機能をわかりやすく解説,seikatsu,popular_articles
hikaritv-toha,ひかりTVとは?特徴と料金プランをわかりやすく解説,seikatsu,8,4_same_thumb_type,busnoru-poikatsu,バスのるとは?高速バス予約と「バスのるポイント」を解説,seikatsu,popular_articles
hikaritv-toha,ひかりTVとは?特徴と料金プランをわかりやすく解説,seikatsu,9,4_same_thumb_type,dhits-toha,dヒッツとは?月額300円からの音楽聴き放題サービスを解説,seikatsu,popular_articles
hikaritv-toha,ひかりTVとは?特徴と料金プランをわかりやすく解説,seikatsu,10,4_same_thumb_type,dmmbooks-toha,DMMブックスとは?特徴とポイントの貯め方をわかりやすく解説,seikatsu,popular_articles
hikkoshi-poikatsu,引っ越しでポイ活する方法!見積もり・家具購入・手続きの確認ポイント,shopping,1,1_own_outbound_link,hikkoshi-seikatsuyohin-poikatsu,引越し後の生活用品で使えるポイ活術!支出が増える前に確認したい節約ポイント,shopping,popular_articles
hikkoshi-poikatsu,引っ越しでポイ活する方法!見積もり・家具購入・手続きの確認ポイント,shopping,2,4_same_thumb_type,amazon-tsuhan-toha,Amazonとは?特徴とポイントの貯め方をわかりやすく解説,shopping,popular_articles
hikkoshi-poikatsu,引っ越しでポイ活する方法!見積もり・家具購入・手続きの確認ポイント,shopping,3,4_same_thumb_type,aupay-market-toha,au PAY マーケットとは?特徴とポイントの貯め方をわかりやすく解説,shopping,popular_articles
hikkoshi-poikatsu,引っ越しでポイ活する方法!見積もり・家具購入・手続きの確認ポイント,shopping,4,4_same_thumb_type,biccamera-toha,ビックカメラ.comとは?特徴とポイントの貯め方をわかりやすく解説,shopping,popular_articles
hikkoshi-poikatsu,引っ越しでポイ活する方法!見積もり・家具購入・手続きの確認ポイント,shopping,5,4_same_thumb_type,charge-route-point,チャージルートでポイントを増やす考え方!複雑にしすぎない決済設計,shopping,popular_articles
hikkoshi-poikatsu,引っ越しでポイ活する方法!見積もり・家具購入・手続きの確認ポイント,shopping,6,4_same_thumb_type,daimaru-matsuzakaya-toha,大丸松坂屋オンラインストアとは?特徴とポイントの貯め方をわかりやすく解説,shopping,popular_articles
hikkoshi-poikatsu,引っ越しでポイ活する方法!見積もり・家具購入・手続きの確認ポイント,shopping,7,4_same_thumb_type,docomo-select-toha,docomo selectとは?スマホアクセサリー購入とdポイントを解説,shopping,popular_articles
hikkoshi-poikatsu,引っ越しでポイ活する方法!見積もり・家具購入・手続きの確認ポイント,shopping,8,4_same_thumb_type,dpoint-tsukaimichi,dポイントのおすすめの使い道!コンビニ・ドラッグストア・ネットで使う方法,shopping,popular_articles
hikkoshi-poikatsu,引っ越しでポイ活する方法!見積もり・家具購入・手続きの確認ポイント,shopping,9,4_same_thumb_type,dshopping-toha,dショッピングとは?特徴とポイントの貯め方をわかりやすく解説,shopping,popular_articles
hikkoshi-poikatsu,引っ越しでポイ活する方法!見積もり・家具購入・手続きの確認ポイント,shopping,10,4_same_thumb_type,ec-current-poikatsu,ECカレントとは?家電通販の特徴とポイント制度を解説,shopping,popular_articles
hikkoshi-seikatsuyohin-poikatsu,引越し後の生活用品で使えるポイ活術!支出が増える前に確認したい節約ポイント,shopping,1,1_own_outbound_link,hikkoshi-poikatsu,引っ越しでポイ活する方法!見積もり・家具購入・手続きの確認ポイント,shopping,popular_articles
hikkoshi-seikatsuyohin-poikatsu,引越し後の生活用品で使えるポイ活術!支出が増える前に確認したい節約ポイント,shopping,2,1_own_outbound_link,kadenryohanten-point,家電量販店のポイントを賢く使う方法!現金値引きとの違いを解説,shopping,popular_articles
hikkoshi-seikatsuyohin-poikatsu,引越し後の生活用品で使えるポイ活術!支出が増える前に確認したい節約ポイント,shopping,3,1_own_outbound_link,net-super-poikatsu,ネットスーパーのポイントを比較|Ponta・楽天・WAON POINTなど対応状況を解説,shopping,popular_articles
hikkoshi-seikatsuyohin-poikatsu,引越し後の生活用品で使えるポイ活術!支出が増える前に確認したい節約ポイント,shopping,4,1_own_outbound_link,drugstore-poikatsu,ドラッグストアでポイ活する方法!日用品・薬・コスメでポイントを貯める,shopping,popular_articles
hikkoshi-seikatsuyohin-poikatsu,引越し後の生活用品で使えるポイ活術!支出が増える前に確認したい節約ポイント,shopping,5,1_own_outbound_link,cleaning-poikatsu,クリーニング代でポイントを貯める方法!宅配と店舗を比較するコツ,shopping,popular_articles
hikkoshi-seikatsuyohin-poikatsu,引越し後の生活用品で使えるポイ活術!支出が増える前に確認したい節約ポイント,shopping,6,4_same_thumb_type,amazon-gift-charge,Amazonギフト券チャージで損しない考え方!支払い方法と使い切りのコツ,shopping,popular_articles
hikkoshi-seikatsuyohin-poikatsu,引越し後の生活用品で使えるポイ活術!支出が増える前に確認したい節約ポイント,shopping,7,4_same_thumb_type,amazon-poikatsu,Amazonでポイ活はできる?ポイントを貯める方法と注意点を解説,shopping,popular_articles
hikkoshi-seikatsuyohin-poikatsu,引越し後の生活用品で使えるポイ活術!支出が増える前に確認したい節約ポイント,shopping,8,4_same_thumb_type,chuushajou-yoyaku-poikatsu,駐車場予約サービスでポイ活する方法!イベント前に確認したい条件,shopping,popular_articles
hikkoshi-seikatsuyohin-poikatsu,引越し後の生活用品で使えるポイ活術!支出が増える前に確認したい節約ポイント,shopping,9,4_same_thumb_type,dpoint-hanei-sarenai,dポイントが反映されない原因は?dポイントマーケットの確認方法も解説,shopping,popular_articles
hikkoshi-seikatsuyohin-poikatsu,引越し後の生活用品で使えるポイ活術!支出が増える前に確認したい節約ポイント,shopping,10,4_same_thumb_type,furusato-nozei-poikatsu,ふるさと納税でポイ活はできる?ポイント還元と注意点をわかりやすく解説,shopping,popular_articles
hitorigurashi-poikatsu,一人暮らしのポイ活術!固定費と日用品をポイントで節約する方法,pointsite,1,4_same_thumb_type,campaign-memo-tsukurikata,キャンペーンメモの作り方!エントリー忘れを減らすポイ活管理術,pointsite,popular_articles
hitorigurashi-poikatsu,一人暮らしのポイ活術!固定費と日用品をポイントで節約する方法,pointsite,2,4_same_thumb_type,entry-calendar-tsukurikata,エントリーカレンダーの作り方!毎月のポイ活予定を見える化する,pointsite,popular_articles
hitorigurashi-poikatsu,一人暮らしのポイ活術!固定費と日用品をポイントで節約する方法,pointsite,3,4_same_thumb_type,fuyoyotei-point-mieruka,付与予定ポイントの見える化術!反映待ちを忘れないチェック習慣,pointsite,popular_articles
hitorigurashi-poikatsu,一人暮らしのポイ活術!固定費と日用品をポイントで節約する方法,pointsite,4,4_same_thumb_type,gendama-poikatsu,げん玉とは?ポイントの貯め方・交換方法をわかりやすく解説,pointsite,popular_articles
hitorigurashi-poikatsu,一人暮らしのポイ活術!固定費と日用品をポイントで節約する方法,pointsite,5,4_same_thumb_type,isogashii-kaishain-shuumatsu-poikatsu,忙しい会社員の週末ポイ活ルーティン!平日に追わない管理方法,pointsite,popular_articles
hitorigurashi-poikatsu,一人暮らしのポイ活術!固定費と日用品をポイントで節約する方法,pointsite,6,4_same_thumb_type,poikatsu-kakeibo,ポイ活を家計簿に活かす方法!ポイントを収入ではなく節約として管理する,pointsite,popular_articles
hitorigurashi-poikatsu,一人暮らしのポイ活術!固定費と日用品をポイントで節約する方法,pointsite,7,4_same_thumb_type,poikatsu-minaoshi-timing,ポイ活の見直しタイミングはいつ?使わないサービスを整理する方法,pointsite,popular_articles
hitorigurashi-poikatsu,一人暮らしのポイ活術!固定費と日用品をポイントで節約する方法,pointsite,8,4_same_thumb_type,poikatsu-yuusenjyuni,ポイ活の優先順位を決める方法!時間効率の良い案件と買い物の選び方,pointsite,popular_articles
hitorigurashi-poikatsu,一人暮らしのポイ活術!固定費と日用品をポイントで節約する方法,pointsite,9,4_same_thumb_type,point-shuushihyou-tsukurikata,ポイント収支表の作り方!貯める・使う・失効を見える化する方法,pointsite,popular_articles
hitorigurashi-poikatsu,一人暮らしのポイ活術!固定費と日用品をポイントで節約する方法,pointsite,10,4_same_thumb_type,point-toiawase-junbi,ポイント問い合わせの準備方法!必要情報をそろえてスムーズに確認する,pointsite,popular_articles
hoken-soudan-anken-poikatsu,保険相談案件のポイ活とは?面談前に知っておきたいメリットと注意点,pointsite,1,1_own_outbound_link,shiryouseikyuu-anken-poikatsu,資料請求案件でポイ活する方法!申し込み前に確認したい注意点,pointsite,popular_articles
hoken-soudan-anken-poikatsu,保険相談案件のポイ活とは?面談前に知っておきたいメリットと注意点,pointsite,2,1_own_outbound_link,pointsite-kyakka-genin,ポイントサイトで却下される原因は?承認条件の読み方を初心者向けに解説,pointsite,popular_articles
hoken-soudan-anken-poikatsu,保険相談案件のポイ活とは?面談前に知っておきたいメリットと注意点,pointsite,3,1_own_outbound_link,pointsite-kougaku-anken,ポイントサイトの高額案件を見る前に!口座開設・カード案件の注意点,pointsite,popular_articles
hoken-soudan-anken-poikatsu,保険相談案件のポイ活とは?面談前に知っておきたいメリットと注意点,pointsite,4,1_own_outbound_link,poikatsu-kiso,ポイ活とは?初心者が最初に知っておきたい仕組みと始め方,pointsite,popular_articles
hoken-soudan-anken-poikatsu,保険相談案件のポイ活とは?面談前に知っておきたいメリットと注意点,pointsite,5,4_same_thumb_type,chihou-zaijuu-poikatsu,地方在住者のポイ活術!使える店舗が少ない時のポイント活用法,pointsite,popular_articles
hoken-soudan-anken-poikatsu,保険相談案件のポイ活とは?面談前に知っておきたいメリットと注意点,pointsite,6,4_same_thumb_type,kaigai-zaijuu-point-kanri,海外在住者が日本のポイントを管理する方法!帰国時に使う前提の考え方,pointsite,popular_articles
hoken-soudan-anken-poikatsu,保険相談案件のポイ活とは?面談前に知っておきたいメリットと注意点,pointsite,7,4_same_thumb_type,kazoku-account-poikatsu-chuui,家族アカウントでポイ活する時の注意点!規約確認とトラブル防止,pointsite,popular_articles
hoken-soudan-anken-poikatsu,保険相談案件のポイ活とは?面談前に知っておきたいメリットと注意点,pointsite,8,4_same_thumb_type,keiyu-wasure-boushi,ポイントサイト経由忘れを防ぐ方法!買い物前チェックを習慣化するコツ,pointsite,popular_articles
hoken-soudan-anken-poikatsu,保険相談案件のポイ活とは?面談前に知っておきたいメリットと注意点,pointsite,9,4_same_thumb_type,poikatsu-demerit,ポイ活のデメリットとは?時間・個人情報・無駄買いのリスクを解説,pointsite,popular_articles
hoken-soudan-anken-poikatsu,保険相談案件のポイ活とは?面談前に知っておきたいメリットと注意点,pointsite,10,4_same_thumb_type,poikatsu-kojinjouhou-mamoru,ポイ活で個人情報を守る方法!登録前に確認したい安全チェック,pointsite,popular_articles
hokenryo-point-tameru,保険料でポイントを貯める方法!クレジットカード払いの確認ポイント,creditcard,1,4_same_thumb_type,ana-amex-poikatsu,ANAアメックスが大幅刷新!ゴールド・プレミアムの新特典とマイル還元まとめ,creditcard,popular_articles
hokenryo-point-tameru,保険料でポイントを貯める方法!クレジットカード払いの確認ポイント,creditcard,2,4_same_thumb_type,apple-pay-poikatsu,Apple Payでポイ活する方法!ポイント還元とiD・QUICPay・タッチ決済の違い,creditcard,popular_articles
hokenryo-point-tameru,保険料でポイントを貯める方法!クレジットカード払いの確認ポイント,creditcard,3,4_same_thumb_type,dcard-poikatsu,dカードはポイ活におすすめ?dポイントを貯めやすい人の特徴,creditcard,popular_articles
hokenryo-point-tameru,保険料でポイントを貯める方法!クレジットカード払いの確認ポイント,creditcard,4,4_same_thumb_type,gasoline-point-tameru,ガソリン代でポイントを貯める方法!車利用者向けポイ活の基本,creditcard,popular_articles
hokenryo-point-tameru,保険料でポイントを貯める方法!クレジットカード払いの確認ポイント,creditcard,5,4_same_thumb_type,jcb-jpoint-poikatsu,JCBのJ-POINT(旧Oki Dokiポイント)活用術!交換先と還元率の考え方,creditcard,popular_articles
hokenryo-point-tameru,保険料でポイントを貯める方法!クレジットカード払いの確認ポイント,creditcard,6,4_same_thumb_type,mitsui-sumitomo-card-vpoint,三井住友カードでVポイントを貯める方法!対象店舗とタッチ決済の基本,creditcard,popular_articles
hokenryo-point-tameru,保険料でポイントを貯める方法!クレジットカード払いの確認ポイント,creditcard,7,4_same_thumb_type,rakuten-card-poikatsu,楽天カードはポイ活に向いている?メリットと注意点を初心者向けに解説,creditcard,popular_articles
hokenryo-point-tameru,保険料でポイントを貯める方法!クレジットカード払いの確認ポイント,creditcard,8,6_same_category,credit-card-mile-hikaku,マイルが貯まるクレジットカード比較|ANA・JALの還元と移行条件,creditcard,popular_articles
hokenryo-point-tameru,保険料でポイントを貯める方法!クレジットカード払いの確認ポイント,creditcard,9,6_same_category,credit-card-common-point-hikaku,共通ポイント別クレジットカード比較|d・楽天・Ponta・Vポイントで選ぶ,creditcard,popular_articles
hokenryo-point-tameru,保険料でポイントを貯める方法!クレジットカード払いの確認ポイント,creditcard,10,6_same_category,credit-card-point-hikaku,クレジットカードのポイントを徹底比較|還元率・年会費・使い道で選ぶ,creditcard,popular_articles
homecenter-app-katsuyou,ホームセンターの会員アプリ活用術!DIY用品と日用品をお得に買う方法,shopping,1,4_same_thumb_type,aupay-market-poikatsu,au PAYマーケットでポイントを活用する方法!買い物前の確認ポイント,shopping,popular_articles
homecenter-app-katsuyou,ホームセンターの会員アプリ活用術!DIY用品と日用品をお得に買う方法,shopping,2,4_same_thumb_type,aupay-ponta,au PAYでPontaポイントを貯める方法!スマホ決済との組み合わせを解説,shopping,popular_articles
homecenter-app-katsuyou,ホームセンターの会員アプリ活用術!DIY用品と日用品をお得に買う方法,shopping,3,4_same_thumb_type,biyouin-salon-point,美容院・サロン代をポイントで節約!予約前に見るべき条件と使い方,shopping,popular_articles
homecenter-app-katsuyou,ホームセンターの会員アプリ活用術!DIY用品と日用品をお得に買う方法,shopping,4,4_same_thumb_type,coke-on-setsuyaku,Coke ONで飲み物代を節約する方法!スタンプ・チケット活用の基本,shopping,popular_articles
homecenter-app-katsuyou,ホームセンターの会員アプリ活用術!DIY用品と日用品をお得に買う方法,shopping,5,4_same_thumb_type,demaecan-poikatsu,出前館でポイ活する方法!注文前に確認したい割引とポイント,shopping,popular_articles
homecenter-app-katsuyou,ホームセンターの会員アプリ活用術!DIY用品と日用品をお得に買う方法,shopping,6,4_same_thumb_type,doutor-tullys-poikatsu,ドトール・タリーズでポイ活する方法!カフェ利用時の支払い術,shopping,popular_articles
homecenter-app-katsuyou,ホームセンターの会員アプリ活用術!DIY用品と日用品をお得に買う方法,shopping,7,4_same_thumb_type,dpoint-d-harai,d払いでdポイントを貯める方法!日常決済で活用するコツ,shopping,popular_articles
homecenter-app-katsuyou,ホームセンターの会員アプリ活用術!DIY用品と日用品をお得に買う方法,shopping,8,4_same_thumb_type,drugstore-poikatsu,ドラッグストアでポイ活する方法!日用品・薬・コスメでポイントを貯める,shopping,popular_articles
homecenter-app-katsuyou,ホームセンターの会員アプリ活用術!DIY用品と日用品をお得に買う方法,shopping,9,4_same_thumb_type,famiresu-cafe-point,ファミレス・カフェでポイントを貯める方法!外食前のアプリ確認術,shopping,popular_articles
homecenter-app-katsuyou,ホームセンターの会員アプリ活用術!DIY用品と日用品をお得に買う方法,shopping,10,4_same_thumb_type,gaishoku-point-tameru,外食でポイントを貯める方法!予約サイト・決済・アプリ活用の基本,shopping,popular_articles
hon-denshi-shoseki-poikatsu,本・電子書籍のポイ活方法|楽天ブックス・Kobo・hontoの還元率を比較,shopping,1,1_own_outbound_link,rakuten-point-tamekata,楽天ポイントの貯め方とは?もらう方法・使い方を解説,,popular_articles
hon-denshi-shoseki-poikatsu,本・電子書籍のポイ活方法|楽天ブックス・Kobo・hontoの還元率を比較,shopping,2,1_own_outbound_link,dmmbooks-toha,DMMブックスとは?特徴とポイントの貯め方をわかりやすく解説,seikatsu,popular_articles
hon-denshi-shoseki-poikatsu,本・電子書籍のポイ活方法|楽天ブックス・Kobo・hontoの還元率を比較,shopping,3,1_own_outbound_link,point-koukan-toha,ポイント交換とは?他社ポイント・ギフト券・マイルへの交換方法,shopping,popular_articles
hon-denshi-shoseki-poikatsu,本・電子書籍のポイ活方法|楽天ブックス・Kobo・hontoの還元率を比較,shopping,4,1_own_outbound_link,poikatsu-kiso,ポイ活とは?初心者が最初に知っておきたい仕組みと始め方,pointsite,popular_articles
hon-denshi-shoseki-poikatsu,本・電子書籍のポイ活方法|楽天ブックス・Kobo・hontoの還元率を比較,shopping,5,4_same_thumb_type,ana-jal-mile-hikaku,ANAマイルとJALマイルはどっち?貯めやすさ・使いやすさを比較,shopping,popular_articles
hon-denshi-shoseki-poikatsu,本・電子書籍のポイ活方法|楽天ブックス・Kobo・hontoの還元率を比較,shopping,6,4_same_thumb_type,ana-mile-tameru-kachi,ANAマイルを貯めるべき人・貯めない方がいい人を解説,shopping,popular_articles
hon-denshi-shoseki-poikatsu,本・電子書籍のポイ活方法|楽天ブックス・Kobo・hontoの還元率を比較,shopping,7,4_same_thumb_type,ana-mileageplus-hikaku,ANAマイルとMileagePlusはどっち?同じスターアライアンスで何が違う?,shopping,popular_articles
hon-denshi-shoseki-poikatsu,本・電子書籍のポイ活方法|楽天ブックス・Kobo・hontoの還元率を比較,shopping,8,4_same_thumb_type,au-uq-ponta,au・UQユーザーはPontaポイントにまとめるべき?相性の良いサービスを解説,shopping,popular_articles
hon-denshi-shoseki-poikatsu,本・電子書籍のポイ活方法|楽天ブックス・Kobo・hontoの還元率を比較,shopping,9,4_same_thumb_type,carshare-point-katsuyou,カーシェアでポイ活する方法とは?短時間利用の節約ポイントを解説,shopping,popular_articles
hon-denshi-shoseki-poikatsu,本・電子書籍のポイ活方法|楽天ブックス・Kobo・hontoの還元率を比較,shopping,10,4_same_thumb_type,cleaning-poikatsu,クリーニング代でポイントを貯める方法!宅配と店舗を比較するコツ,shopping,popular_articles
hosuu-app-poikatsu,歩数アプリでポイントを貯める方法!健康習慣と節約を両立するコツ,app,1,5_category_hub,code-receipt-poikatsu,CODEで商品バーコードを使ったポイ活!レシート登録と案件活用の基本,app,popular_articles
hosuu-app-poikatsu,歩数アプリでポイントを貯める方法!健康習慣と節約を両立するコツ,app,2,5_category_hub,reshichare-poikatsu,レシチャレ(旧クラシルリワード)で貯めるポイ活とは?レシート・移動・広告の使い方,app,popular_articles
hosuu-app-poikatsu,歩数アプリでポイントを貯める方法!健康習慣と節約を両立するコツ,app,3,6_same_category,one-receipt-poikatsu,ONEでレシートポイ活を始める方法!撮影前に確認したいポイント,app,popular_articles
hosuu-app-poikatsu,歩数アプリでポイントを貯める方法!健康習慣と節約を両立するコツ,app,4,6_same_category,torima-idou-poikatsu,トリマで移動ポイ活する方法!歩く・移動する前に知るべき注意点,app,popular_articles
hosuu-app-poikatsu,歩数アプリでポイントを貯める方法!健康習慣と節約を両立するコツ,app,5,6_same_category,app-hitsuyou,ポイ活アプリは必要?初心者におすすめの使い分けと管理方法,app,popular_articles
hosuu-app-poikatsu,歩数アプリでポイントを貯める方法!健康習慣と節約を両立するコツ,app,6,6_same_category,app-install-anken-poikatsu,アプリインストール案件のポイ活とは?条件達成・アンインストールの注意点を解説,app,popular_articles
hosuu-app-poikatsu,歩数アプリでポイントを貯める方法!健康習慣と節約を両立するコツ,app,7,6_same_category,hashport-wallet-poikatsu,HashPort Walletとは?暗号資産・ポイント・NFTを一元管理できるアプリ,app,popular_articles
hosuu-app-poikatsu,歩数アプリでポイントを貯める方法!健康習慣と節約を両立するコツ,app,8,6_same_category,idou-app-erabikata,移動系ポイ活アプリの選び方!歩数・移動距離・広告視聴の違い,app,popular_articles
hosuu-app-poikatsu,歩数アプリでポイントを貯める方法!健康習慣と節約を両立するコツ,app,9,6_same_category,receipt-app-poikatsu,レシートアプリでポイ活する方法!買い物後に捨てずに活用するコツ,app,popular_articles
hosuu-app-poikatsu,歩数アプリでポイントを貯める方法!健康習慣と節約を両立するコツ,app,10,6_same_category,taxi-app-poikatsu,タクシーアプリでポイ活する方法!クーポンと決済ポイントの使い方,app,popular_articles
hyakkaten-depart-poikatsu,百貨店のポイントを比較!高島屋・三越伊勢丹・大丸松坂屋など,shopping,1,1_own_outbound_link,takashimaya-online-toha,高島屋オンラインストアとは?特徴とポイントの貯め方をわかりやすく解説,shopping,popular_articles
hyakkaten-depart-poikatsu,百貨店のポイントを比較!高島屋・三越伊勢丹・大丸松坂屋など,shopping,2,1_own_outbound_link,daimaru-matsuzakaya-toha,大丸松坂屋オンラインストアとは?特徴とポイントの貯め方をわかりやすく解説,shopping,popular_articles
hyakkaten-depart-poikatsu,百貨店のポイントを比較!高島屋・三越伊勢丹・大丸松坂屋など,shopping,3,1_own_outbound_link,keio-net-shopping-toha,京王ネットショッピングとは?特徴とポイントの貯め方をわかりやすく解説,shopping,popular_articles
hyakkaten-depart-poikatsu,百貨店のポイントを比較!高島屋・三越伊勢丹・大丸松坂屋など,shopping,4,1_own_outbound_link,rakuten-point-tamekata,楽天ポイントの貯め方とは?もらう方法・使い方を解説,,popular_articles
hyakkaten-depart-poikatsu,百貨店のポイントを比較!高島屋・三越伊勢丹・大丸松坂屋など,shopping,5,1_own_outbound_link,dpoint-tsukaimichi,dポイントのおすすめの使い道!コンビニ・ドラッグストア・ネットで使う方法,shopping,popular_articles
hyakkaten-depart-poikatsu,百貨店のポイントを比較!高島屋・三越伊勢丹・大丸松坂屋など,shopping,6,1_own_outbound_link,creditcard-erabikata,ポイ活向けクレジットカードの選び方!初心者が見るべき5つのポイント,creditcard,popular_articles
hyakkaten-depart-poikatsu,百貨店のポイントを比較!高島屋・三越伊勢丹・大丸松坂屋など,shopping,7,4_same_thumb_type,abc-mart-poikatsu,ABC-MARTでポイ活する方法!靴購入時のアプリ・決済チェック,shopping,popular_articles
hyakkaten-depart-poikatsu,百貨店のポイントを比較!高島屋・三越伊勢丹・大丸松坂屋など,shopping,8,4_same_thumb_type,bousai-goods-poikatsu,防災グッズ購入でポイ活する方法!備蓄を無駄なくそろえるコツ,shopping,popular_articles
hyakkaten-depart-poikatsu,百貨店のポイントを比較!高島屋・三越伊勢丹・大丸松坂屋など,shopping,9,4_same_thumb_type,cashless-setsuyaku,キャッシュレス決済で節約する方法!現金派から始めるポイ活入門,shopping,popular_articles
hyakkaten-depart-poikatsu,百貨店のポイントを比較!高島屋・三越伊勢丹・大丸松坂屋など,shopping,10,4_same_thumb_type,dpoint-kiso,dポイントの貯め方を初心者向けに解説!ドコモ以外の人でも使える?,shopping,popular_articles
ichinichi-10pun,ポイ活を1日10分で続ける方法!忙しい人向けの時短ルーティン,pointsite,1,5_category_hub,yosekatsu,ポイ活の新常識!ポイントを分散せず効率よく貯める「寄せ活」の始め方,pointsite,popular_articles
ichinichi-10pun,ポイ活を1日10分で続ける方法!忙しい人向けの時短ルーティン,pointsite,2,5_category_hub,poikatsu-kiso,ポイ活とは?初心者が最初に知っておきたい仕組みと始め方,pointsite,popular_articles
ichinichi-10pun,ポイ活を1日10分で続ける方法!忙しい人向けの時短ルーティン,pointsite,3,6_same_category,hapitas-poikatsu,ハピタスとは?ポイント還元率・交換方法・登録方法をわかりやすく解説,pointsite,popular_articles
ichinichi-10pun,ポイ活を1日10分で続ける方法!忙しい人向けの時短ルーティン,pointsite,4,6_same_category,keiyu-wasure-boushi,ポイントサイト経由忘れを防ぐ方法!買い物前チェックを習慣化するコツ,pointsite,popular_articles
ichinichi-10pun,ポイ活を1日10分で続ける方法!忙しい人向けの時短ルーティン,pointsite,5,6_same_category,moppy-hajimekata,モッピーでポイ活を始める方法!高還元案件を見る前の確認ポイント,pointsite,popular_articles
ichinichi-10pun,ポイ活を1日10分で続ける方法!忙しい人向けの時短ルーティン,pointsite,6,6_same_category,pointsite-kyakka-genin,ポイントサイトで却下される原因は?承認条件の読み方を初心者向けに解説,pointsite,popular_articles
ichinichi-10pun,ポイ活を1日10分で続ける方法!忙しい人向けの時短ルーティン,pointsite,7,6_same_category,chobirich-poikatsu,ちょびリッチとは?評判・特徴からポイントの貯め方まで徹底解説,pointsite,popular_articles
ichinichi-10pun,ポイ活を1日10分で続ける方法!忙しい人向けの時短ルーティン,pointsite,8,6_same_category,ecnavi-poikatsu,ECナビとは?多彩な方法でポイントが貯まるポイントサイトの特徴を解説,pointsite,popular_articles
ichinichi-10pun,ポイ活を1日10分で続ける方法!忙しい人向けの時短ルーティン,pointsite,9,6_same_category,koteihi-sukunai-poikatsu,固定費が少ない人のポイ活術!少額支出でも効率よく貯める方法,pointsite,popular_articles
ichinichi-10pun,ポイ活を1日10分で続ける方法!忙しい人向けの時短ルーティン,pointsite,10,6_same_category,nifty-point-club-poikatsu,ニフティポイントクラブの活用術!ネット利用者向けのポイ活基本,pointsite,popular_articles
idou-app-erabikata,移動系ポイ活アプリの選び方!歩数・移動距離・広告視聴の違い,app,1,1_own_outbound_link,torima-idou-poikatsu,トリマで移動ポイ活する方法!歩く・移動する前に知るべき注意点,app,popular_articles
idou-app-erabikata,移動系ポイ活アプリの選び方!歩数・移動距離・広告視聴の違い,app,2,1_own_outbound_link,reshichare-poikatsu,レシチャレ(旧クラシルリワード)で貯めるポイ活とは?レシート・移動・広告の使い方,app,popular_articles
idou-app-erabikata,移動系ポイ活アプリの選び方!歩数・移動距離・広告視聴の違い,app,3,1_own_outbound_link,code-receipt-poikatsu,CODEで商品バーコードを使ったポイ活!レシート登録と案件活用の基本,app,popular_articles
idou-app-erabikata,移動系ポイ活アプリの選び方!歩数・移動距離・広告視聴の違い,app,4,6_same_category,one-receipt-poikatsu,ONEでレシートポイ活を始める方法!撮影前に確認したいポイント,app,popular_articles
idou-app-erabikata,移動系ポイ活アプリの選び方!歩数・移動距離・広告視聴の違い,app,5,6_same_category,app-hitsuyou,ポイ活アプリは必要?初心者におすすめの使い分けと管理方法,app,popular_articles
idou-app-erabikata,移動系ポイ活アプリの選び方!歩数・移動距離・広告視聴の違い,app,6,6_same_category,app-install-anken-poikatsu,アプリインストール案件のポイ活とは?条件達成・アンインストールの注意点を解説,app,popular_articles
idou-app-erabikata,移動系ポイ活アプリの選び方!歩数・移動距離・広告視聴の違い,app,7,6_same_category,hashport-wallet-poikatsu,HashPort Walletとは?暗号資産・ポイント・NFTを一元管理できるアプリ,app,popular_articles
idou-app-erabikata,移動系ポイ活アプリの選び方!歩数・移動距離・広告視聴の違い,app,8,6_same_category,hosuu-app-poikatsu,歩数アプリでポイントを貯める方法!健康習慣と節約を両立するコツ,app,popular_articles
idou-app-erabikata,移動系ポイ活アプリの選び方!歩数・移動距離・広告視聴の違い,app,9,6_same_category,receipt-app-poikatsu,レシートアプリでポイ活する方法!買い物後に捨てずに活用するコツ,app,popular_articles
idou-app-erabikata,移動系ポイ活アプリの選び方!歩数・移動距離・広告視聴の違い,app,10,6_same_category,taxi-app-poikatsu,タクシーアプリでポイ活する方法!クーポンと決済ポイントの使い方,app,popular_articles
ikkyu-poikatsu,一休.comでお得に予約する考え方!高級宿・レストラン利用時のポイント,campaign,1,4_same_thumb_type,bonus-tsuki-poikatsu-keikaku,ボーナス月のポイ活計画!大きな買い物で損しない予算管理,campaign,popular_articles
ikkyu-poikatsu,一休.comでお得に予約する考え方!高級宿・レストラン利用時のポイント,campaign,2,4_same_thumb_type,fukubukuro-hatsuuri-poikatsu,福袋・初売りでポイ活する方法!お得に見えて損しない選び方,campaign,popular_articles
ikkyu-poikatsu,一休.comでお得に予約する考え方!高級宿・レストラン利用時のポイント,campaign,3,4_same_thumb_type,fuyujitaku-poikatsu,冬支度のポイ活術!暖房家電・防寒用品をお得に準備する方法,campaign,popular_articles
ikkyu-poikatsu,一休.comでお得に予約する考え方!高級宿・レストラン利用時のポイント,campaign,4,4_same_thumb_type,jcb-airmacau-campaign-2026,JCB×マカオ航空キャンペーン!日本発マカオ行き航空券が8%OFF【2026年9〜10月】,campaign,popular_articles
ikkyu-poikatsu,一休.comでお得に予約する考え方!高級宿・レストラン利用時のポイント,campaign,5,4_same_thumb_type,kakuyasu-sim-norikae-poikatsu,格安SIM乗り換えでポイ活する方法!通信費を下げながら得する流れ,campaign,popular_articles
ikkyu-poikatsu,一休.comでお得に予約する考え方!高級宿・レストラン利用時のポイント,campaign,6,4_same_thumb_type,kessan-sale-poikatsu,決算セールでポイ活する方法!家電・日用品をお得に買う判断基準,campaign,popular_articles
ikkyu-poikatsu,一休.comでお得に予約する考え方!高級宿・レストラン利用時のポイント,campaign,7,4_same_thumb_type,natsuyasumi-poikatsu-junbi,夏休み前のポイ活準備!旅行・レジャー・日用品を計画的に買う方法,campaign,popular_articles
ikkyu-poikatsu,一休.comでお得に予約する考え方!高級宿・レストラン利用時のポイント,campaign,8,4_same_thumb_type,nenmatsunenshi-poikatsu,年末年始のポイ活術!帰省・おせち・初売りで使える節約ポイント,campaign,popular_articles
ikkyu-poikatsu,一休.comでお得に予約する考え方!高級宿・レストラン利用時のポイント,campaign,9,4_same_thumb_type,paypay-campaign-katsuyo,PayPayでポイントを効率よく貯める方法!キャンペーン活用の基本,campaign,popular_articles
ikkyu-poikatsu,一休.comでお得に予約する考え方!高級宿・レストラン利用時のポイント,campaign,10,4_same_thumb_type,paypay-jichitai-campaign-2026,【2026年10月〜】PayPay自治体キャンペーンまとめ!都城市・宮古島市の還元率・上限を解説,campaign,popular_articles
infoq-poikatsu,infoQでポイ活する方法!アンケートと記事作成案件の見方,survey,1,5_category_hub,ipsos-isay-poikatsu,Ipsos iSay(イプソス・アイセイ)とは?特徴・ポイントの貯め方を解説,survey,popular_articles
infoq-poikatsu,infoQでポイ活する方法!アンケートと記事作成案件の見方,survey,2,5_category_hub,iresearch-poikatsu,アイリサーチとは?自社会場調査・ポイントの貯め方をわかりやすく解説,survey,popular_articles
infoq-poikatsu,infoQでポイ活する方法!アンケートと記事作成案件の見方,survey,3,6_same_category,macromill-poikatsu,マクロミルとは?アンケート回答でポイントが貯まるモニターサービス,survey,popular_articles
infoq-poikatsu,infoQでポイ活する方法!アンケートと記事作成案件の見方,survey,4,6_same_category,enquete-monitor-poikatsu,アンケートモニターでポイ活する方法!スキマ時間で稼ぐ前の基本,survey,popular_articles
infoq-poikatsu,infoQでポイ活する方法!アンケートと記事作成案件の見方,survey,5,6_same_category,fancrew-poikatsu,ファンくるとは?覆面調査の仕組み・ポイント・安全性を解説,survey,popular_articles
infoq-poikatsu,infoQでポイ活する方法!アンケートと記事作成案件の見方,survey,6,6_same_category,opinionworld-poikatsu,OpinionWorld(オピニオンワールド)とは?ポイント・交換先・安全性を公式情報で解説,survey,popular_articles
infoq-poikatsu,infoQでポイ活する方法!アンケートと記事作成案件の見方,survey,7,6_same_category,cue-monitor-poikatsu,キューモニターでアンケートポイ活!初心者が知るべき使い方,survey,popular_articles
infoq-poikatsu,infoQでポイ活する方法!アンケートと記事作成案件の見方,survey,8,6_same_category,fruitmail-poikatsu,フルーツメールとは?ゲーム・アンケートでポイントが貯まる懸賞サイト,survey,popular_articles
infoq-poikatsu,infoQでポイ活する方法!アンケートと記事作成案件の見方,survey,9,6_same_category,macromill-tsukaikata,マクロミルでアンケートポイ活を始める方法!回答前の注意点を解説,survey,popular_articles
infoq-poikatsu,infoQでポイ活する方法!アンケートと記事作成案件の見方,survey,10,6_same_category,monitor-town-poikatsu,モニタータウンとは?PC調査モニターの特徴・参加方法をわかりやすく解説,survey,popular_articles
ipsos-isay-poikatsu,Ipsos iSay(イプソス・アイセイ)とは?特徴・ポイントの貯め方を解説,survey,1,1_own_outbound_link,point-koukan-toha,ポイント交換とは?他社ポイント・ギフト券・マイルへの交換方法,shopping,popular_articles
ipsos-isay-poikatsu,Ipsos iSay(イプソス・アイセイ)とは?特徴・ポイントの貯め方を解説,survey,2,1_own_outbound_link,macromill-poikatsu,マクロミルとは?アンケート回答でポイントが貯まるモニターサービス,survey,popular_articles
ipsos-isay-poikatsu,Ipsos iSay(イプソス・アイセイ)とは?特徴・ポイントの貯め方を解説,survey,3,1_own_outbound_link,enquete-monitor-poikatsu,アンケートモニターでポイ活する方法!スキマ時間で稼ぐ前の基本,survey,popular_articles
ipsos-isay-poikatsu,Ipsos iSay(イプソス・アイセイ)とは?特徴・ポイントの貯め方を解説,survey,4,1_own_outbound_link,poikatsu-kiso,ポイ活とは?初心者が最初に知っておきたい仕組みと始め方,pointsite,popular_articles
ipsos-isay-poikatsu,Ipsos iSay(イプソス・アイセイ)とは?特徴・ポイントの貯め方を解説,survey,5,2_inbound_link,opinionworld-poikatsu,OpinionWorld(オピニオンワールド)とは?ポイント・交換先・安全性を公式情報で解説,survey,popular_articles
ipsos-isay-poikatsu,Ipsos iSay(イプソス・アイセイ)とは?特徴・ポイントの貯め方を解説,survey,6,4_same_thumb_type,cue-monitor-poikatsu,キューモニターでアンケートポイ活!初心者が知るべき使い方,survey,popular_articles
ipsos-isay-poikatsu,Ipsos iSay(イプソス・アイセイ)とは?特徴・ポイントの貯め方を解説,survey,7,4_same_thumb_type,fancrew-poikatsu,ファンくるとは?覆面調査の仕組み・ポイント・安全性を解説,survey,popular_articles
ipsos-isay-poikatsu,Ipsos iSay(イプソス・アイセイ)とは?特徴・ポイントの貯め方を解説,survey,8,4_same_thumb_type,fruitmail-poikatsu,フルーツメールとは?ゲーム・アンケートでポイントが貯まる懸賞サイト,survey,popular_articles
ipsos-isay-poikatsu,Ipsos iSay(イプソス・アイセイ)とは?特徴・ポイントの貯め方を解説,survey,9,4_same_thumb_type,iresearch-poikatsu,アイリサーチとは?自社会場調査・ポイントの貯め方をわかりやすく解説,survey,popular_articles
ipsos-isay-poikatsu,Ipsos iSay(イプソス・アイセイ)とは?特徴・ポイントの貯め方を解説,survey,10,4_same_thumb_type,macromill-tsukaikata,マクロミルでアンケートポイ活を始める方法!回答前の注意点を解説,survey,popular_articles
iresearch-poikatsu,アイリサーチとは?自社会場調査・ポイントの貯め方をわかりやすく解説,survey,1,1_own_outbound_link,point-koukan-toha,ポイント交換とは?他社ポイント・ギフト券・マイルへの交換方法,shopping,popular_articles
iresearch-poikatsu,アイリサーチとは?自社会場調査・ポイントの貯め方をわかりやすく解説,survey,2,1_own_outbound_link,macromill-poikatsu,マクロミルとは?アンケート回答でポイントが貯まるモニターサービス,survey,popular_articles
iresearch-poikatsu,アイリサーチとは?自社会場調査・ポイントの貯め方をわかりやすく解説,survey,3,1_own_outbound_link,fancrew-poikatsu,ファンくるとは?覆面調査の仕組み・ポイント・安全性を解説,survey,popular_articles
iresearch-poikatsu,アイリサーチとは?自社会場調査・ポイントの貯め方をわかりやすく解説,survey,4,1_own_outbound_link,poikatsu-kiso,ポイ活とは?初心者が最初に知っておきたい仕組みと始め方,pointsite,popular_articles
iresearch-poikatsu,アイリサーチとは?自社会場調査・ポイントの貯め方をわかりやすく解説,survey,5,2_inbound_link,enquete-monitor-poikatsu,アンケートモニターでポイ活する方法!スキマ時間で稼ぐ前の基本,survey,popular_articles
iresearch-poikatsu,アイリサーチとは?自社会場調査・ポイントの貯め方をわかりやすく解説,survey,6,2_inbound_link,opinionworld-poikatsu,OpinionWorld(オピニオンワールド)とは?ポイント・交換先・安全性を公式情報で解説,survey,popular_articles
iresearch-poikatsu,アイリサーチとは?自社会場調査・ポイントの貯め方をわかりやすく解説,survey,7,4_same_thumb_type,cue-monitor-poikatsu,キューモニターでアンケートポイ活!初心者が知るべき使い方,survey,popular_articles
iresearch-poikatsu,アイリサーチとは?自社会場調査・ポイントの貯め方をわかりやすく解説,survey,8,4_same_thumb_type,fruitmail-poikatsu,フルーツメールとは?ゲーム・アンケートでポイントが貯まる懸賞サイト,survey,popular_articles
iresearch-poikatsu,アイリサーチとは?自社会場調査・ポイントの貯め方をわかりやすく解説,survey,9,4_same_thumb_type,ipsos-isay-poikatsu,Ipsos iSay(イプソス・アイセイ)とは?特徴・ポイントの貯め方を解説,survey,popular_articles
iresearch-poikatsu,アイリサーチとは?自社会場調査・ポイントの貯め方をわかりやすく解説,survey,10,4_same_thumb_type,macromill-tsukaikata,マクロミルでアンケートポイ活を始める方法!回答前の注意点を解説,survey,popular_articles
irisplaza-toha,アイリスプラザとは?特徴とポイントの貯め方をわかりやすく解説,shopping,1,4_same_thumb_type,amazon-tsuhan-toha,Amazonとは?特徴とポイントの貯め方をわかりやすく解説,shopping,popular_articles
irisplaza-toha,アイリスプラザとは?特徴とポイントの貯め方をわかりやすく解説,shopping,2,4_same_thumb_type,aupay-market-toha,au PAY マーケットとは?特徴とポイントの貯め方をわかりやすく解説,shopping,popular_articles
irisplaza-toha,アイリスプラザとは?特徴とポイントの貯め方をわかりやすく解説,shopping,3,4_same_thumb_type,biccamera-toha,ビックカメラ.comとは?特徴とポイントの貯め方をわかりやすく解説,shopping,popular_articles
irisplaza-toha,アイリスプラザとは?特徴とポイントの貯め方をわかりやすく解説,shopping,4,4_same_thumb_type,charge-route-point,チャージルートでポイントを増やす考え方!複雑にしすぎない決済設計,shopping,popular_articles
irisplaza-toha,アイリスプラザとは?特徴とポイントの貯め方をわかりやすく解説,shopping,5,4_same_thumb_type,daimaru-matsuzakaya-toha,大丸松坂屋オンラインストアとは?特徴とポイントの貯め方をわかりやすく解説,shopping,popular_articles
irisplaza-toha,アイリスプラザとは?特徴とポイントの貯め方をわかりやすく解説,shopping,6,4_same_thumb_type,docomo-select-toha,docomo selectとは?スマホアクセサリー購入とdポイントを解説,shopping,popular_articles
irisplaza-toha,アイリスプラザとは?特徴とポイントの貯め方をわかりやすく解説,shopping,7,4_same_thumb_type,dpoint-tsukaimichi,dポイントのおすすめの使い道!コンビニ・ドラッグストア・ネットで使う方法,shopping,popular_articles
irisplaza-toha,アイリスプラザとは?特徴とポイントの貯め方をわかりやすく解説,shopping,8,4_same_thumb_type,dshopping-toha,dショッピングとは?特徴とポイントの貯め方をわかりやすく解説,shopping,popular_articles
irisplaza-toha,アイリスプラザとは?特徴とポイントの貯め方をわかりやすく解説,shopping,9,4_same_thumb_type,ec-current-poikatsu,ECカレントとは?家電通販の特徴とポイント制度を解説,shopping,popular_articles
irisplaza-toha,アイリスプラザとは?特徴とポイントの貯め方をわかりやすく解説,shopping,10,4_same_thumb_type,hikkoshi-poikatsu,引っ越しでポイ活する方法!見積もり・家具購入・手続きの確認ポイント,shopping,popular_articles
iryouhi-shohouyaku-point,医療費・処方薬でポイントは貯まる?支払い前に確認したい注意点,shopping,1,4_same_thumb_type,amazon-gift-charge,Amazonギフト券チャージで損しない考え方!支払い方法と使い切りのコツ,shopping,popular_articles
iryouhi-shohouyaku-point,医療費・処方薬でポイントは貯まる?支払い前に確認したい注意点,shopping,2,4_same_thumb_type,amazon-poikatsu,Amazonでポイ活はできる?ポイントを貯める方法と注意点を解説,shopping,popular_articles
iryouhi-shohouyaku-point,医療費・処方薬でポイントは貯まる?支払い前に確認したい注意点,shopping,3,4_same_thumb_type,chuushajou-yoyaku-poikatsu,駐車場予約サービスでポイ活する方法!イベント前に確認したい条件,shopping,popular_articles
iryouhi-shohouyaku-point,医療費・処方薬でポイントは貯まる?支払い前に確認したい注意点,shopping,4,4_same_thumb_type,dpoint-hanei-sarenai,dポイントが反映されない原因は?dポイントマーケットの確認方法も解説,shopping,popular_articles
iryouhi-shohouyaku-point,医療費・処方薬でポイントは貯まる?支払い前に確認したい注意点,shopping,5,4_same_thumb_type,furusato-nozei-poikatsu,ふるさと納税でポイ活はできる?ポイント還元と注意点をわかりやすく解説,shopping,popular_articles
iryouhi-shohouyaku-point,医療費・処方薬でポイントは貯まる?支払い前に確認したい注意点,shopping,6,4_same_thumb_type,game-kakin-point,ゲーム課金でポイントを貯める方法!Apple・Google残高利用時の注意,shopping,popular_articles
iryouhi-shohouyaku-point,医療費・処方薬でポイントは貯まる?支払い前に確認したい注意点,shopping,7,4_same_thumb_type,halloween-yohin-poikatsu,ハロウィン用品でポイ活する方法!衣装・お菓子を買いすぎないコツ,shopping,popular_articles
iryouhi-shohouyaku-point,医療費・処方薬でポイントは貯まる?支払い前に確認したい注意点,shopping,8,4_same_thumb_type,hikkoshi-seikatsuyohin-poikatsu,引越し後の生活用品で使えるポイ活術!支出が増える前に確認したい節約ポイント,shopping,popular_articles
iryouhi-shohouyaku-point,医療費・処方薬でポイントは貯まる?支払い前に確認したい注意点,shopping,9,4_same_thumb_type,koukyou-ryokin-poikatsu,電気・ガス・水道でポイントは貯まる?公共料金ポイ活の基本,shopping,popular_articles
iryouhi-shohouyaku-point,医療費・処方薬でポイントは貯まる?支払い前に確認したい注意点,shopping,10,4_same_thumb_type,maebarai-shisugi-poikatsu,前払いしすぎないポイ活術!ポイント目当ての出費を防ぐ考え方,shopping,popular_articles
isogashii-kaishain-shuumatsu-poikatsu,忙しい会社員の週末ポイ活ルーティン!平日に追わない管理方法,pointsite,1,4_same_thumb_type,campaign-memo-tsukurikata,キャンペーンメモの作り方!エントリー忘れを減らすポイ活管理術,pointsite,popular_articles
isogashii-kaishain-shuumatsu-poikatsu,忙しい会社員の週末ポイ活ルーティン!平日に追わない管理方法,pointsite,2,4_same_thumb_type,entry-calendar-tsukurikata,エントリーカレンダーの作り方!毎月のポイ活予定を見える化する,pointsite,popular_articles
isogashii-kaishain-shuumatsu-poikatsu,忙しい会社員の週末ポイ活ルーティン!平日に追わない管理方法,pointsite,3,4_same_thumb_type,fuyoyotei-point-mieruka,付与予定ポイントの見える化術!反映待ちを忘れないチェック習慣,pointsite,popular_articles
isogashii-kaishain-shuumatsu-poikatsu,忙しい会社員の週末ポイ活ルーティン!平日に追わない管理方法,pointsite,4,4_same_thumb_type,gendama-poikatsu,げん玉とは?ポイントの貯め方・交換方法をわかりやすく解説,pointsite,popular_articles
isogashii-kaishain-shuumatsu-poikatsu,忙しい会社員の週末ポイ活ルーティン!平日に追わない管理方法,pointsite,5,4_same_thumb_type,hitorigurashi-poikatsu,一人暮らしのポイ活術!固定費と日用品をポイントで節約する方法,pointsite,popular_articles
isogashii-kaishain-shuumatsu-poikatsu,忙しい会社員の週末ポイ活ルーティン!平日に追わない管理方法,pointsite,6,4_same_thumb_type,poikatsu-kakeibo,ポイ活を家計簿に活かす方法!ポイントを収入ではなく節約として管理する,pointsite,popular_articles
isogashii-kaishain-shuumatsu-poikatsu,忙しい会社員の週末ポイ活ルーティン!平日に追わない管理方法,pointsite,7,4_same_thumb_type,poikatsu-minaoshi-timing,ポイ活の見直しタイミングはいつ?使わないサービスを整理する方法,pointsite,popular_articles
isogashii-kaishain-shuumatsu-poikatsu,忙しい会社員の週末ポイ活ルーティン!平日に追わない管理方法,pointsite,8,4_same_thumb_type,poikatsu-yuusenjyuni,ポイ活の優先順位を決める方法!時間効率の良い案件と買い物の選び方,pointsite,popular_articles
isogashii-kaishain-shuumatsu-poikatsu,忙しい会社員の週末ポイ活ルーティン!平日に追わない管理方法,pointsite,9,4_same_thumb_type,point-shuushihyou-tsukurikata,ポイント収支表の作り方!貯める・使う・失効を見える化する方法,pointsite,popular_articles
isogashii-kaishain-shuumatsu-poikatsu,忙しい会社員の週末ポイ活ルーティン!平日に追わない管理方法,pointsite,10,4_same_thumb_type,point-toiawase-junbi,ポイント問い合わせの準備方法!必要情報をそろえてスムーズに確認する,pointsite,popular_articles
itoyokado-netsuper-onigo-poikatsu,イトーヨーカドーネットスーパー by ONIGOとは?特徴・料金・初回クーポンを解説,seikatsu,1,1_own_outbound_link,itoyokado-poikatsu,イトーヨーカドーでポイ活する方法!アプリ・nanaco・セールの使い分け,shopping,popular_articles
itoyokado-netsuper-onigo-poikatsu,イトーヨーカドーネットスーパー by ONIGOとは?特徴・料金・初回クーポンを解説,seikatsu,2,4_same_thumb_type,d-value-pass-poikatsu,dバリューパスとは?初月無料で壁紙・待受が使い放題のサブスク,seikatsu,popular_articles
itoyokado-netsuper-onigo-poikatsu,イトーヨーカドーネットスーパー by ONIGOとは?特徴・料金・初回クーポンを解説,seikatsu,3,4_same_thumb_type,rakuten-beauty-poikatsu,楽天ビューティとは?美容室・ネイル・エステの検索・予約ができるサービス,seikatsu,popular_articles
itoyokado-netsuper-onigo-poikatsu,イトーヨーカドーネットスーパー by ONIGOとは?特徴・料金・初回クーポンを解説,seikatsu,4,4_same_thumb_type,rakuten-car-shaken-poikatsu,楽天Car車検とは?見積もり比較・予約で楽天ポイントがもらえるサービス,seikatsu,popular_articles
itoyokado-netsuper-onigo-poikatsu,イトーヨーカドーネットスーパー by ONIGOとは?特徴・料金・初回クーポンを解説,seikatsu,5,4_same_thumb_type,rakuten-denwa-poikatsu,楽天でんわとは?番号そのままで通話料を半額にできる電話アプリを解説,seikatsu,popular_articles
itoyokado-netsuper-onigo-poikatsu,イトーヨーカドーネットスーパー by ONIGOとは?特徴・料金・初回クーポンを解説,seikatsu,6,4_same_thumb_type,rakuten-music-poikatsu,楽天ミュージックとは?広告なしで約1億曲聴き放題の音楽アプリを解説,seikatsu,popular_articles
itoyokado-netsuper-onigo-poikatsu,イトーヨーカドーネットスーパー by ONIGOとは?特徴・料金・初回クーポンを解説,seikatsu,7,4_same_thumb_type,rakuten-shashinkan-poikatsu,楽天写真館とは?写真プリントからフォトブックまで作れるサービスを解説,seikatsu,popular_articles
itoyokado-netsuper-onigo-poikatsu,イトーヨーカドーネットスーパー by ONIGOとは?特徴・料金・初回クーポンを解説,seikatsu,8,4_same_thumb_type,retty-poikatsu,Rettyとは?会員登録不要でPayPayポイントが貯まるグルメ予約サービス,seikatsu,popular_articles
itoyokado-netsuper-onigo-poikatsu,イトーヨーカドーネットスーパー by ONIGOとは?特徴・料金・初回クーポンを解説,seikatsu,9,4_same_thumb_type,ubereats-poikatsu,Uber Eatsでポイ活する方法!クーポン・支払い・手数料の見方,seikatsu,popular_articles
itoyokado-netsuper-onigo-poikatsu,イトーヨーカドーネットスーパー by ONIGOとは?特徴・料金・初回クーポンを解説,seikatsu,10,5_category_hub,aupay-furusato-poikatsu,au PAYふるさと納税のPontaポイントは貯まる?2025年10月の変更を解説,seikatsu,popular_articles
itoyokado-poikatsu,イトーヨーカドーでポイ活する方法!アプリ・nanaco・セールの使い分け,shopping,1,1_own_outbound_link,itoyokado-netsuper-onigo-poikatsu,イトーヨーカドーネットスーパー by ONIGOとは?特徴・料金・初回クーポンを解説,seikatsu,popular_articles
itoyokado-poikatsu,イトーヨーカドーでポイ活する方法!アプリ・nanaco・セールの使い分け,shopping,2,4_same_thumb_type,aupay-market-poikatsu,au PAYマーケットでポイントを活用する方法!買い物前の確認ポイント,shopping,popular_articles
itoyokado-poikatsu,イトーヨーカドーでポイ活する方法!アプリ・nanaco・セールの使い分け,shopping,3,4_same_thumb_type,aupay-ponta,au PAYでPontaポイントを貯める方法!スマホ決済との組み合わせを解説,shopping,popular_articles
itoyokado-poikatsu,イトーヨーカドーでポイ活する方法!アプリ・nanaco・セールの使い分け,shopping,4,4_same_thumb_type,biyouin-salon-point,美容院・サロン代をポイントで節約!予約前に見るべき条件と使い方,shopping,popular_articles
itoyokado-poikatsu,イトーヨーカドーでポイ活する方法!アプリ・nanaco・セールの使い分け,shopping,5,4_same_thumb_type,coke-on-setsuyaku,Coke ONで飲み物代を節約する方法!スタンプ・チケット活用の基本,shopping,popular_articles
itoyokado-poikatsu,イトーヨーカドーでポイ活する方法!アプリ・nanaco・セールの使い分け,shopping,6,4_same_thumb_type,demaecan-poikatsu,出前館でポイ活する方法!注文前に確認したい割引とポイント,shopping,popular_articles
itoyokado-poikatsu,イトーヨーカドーでポイ活する方法!アプリ・nanaco・セールの使い分け,shopping,7,4_same_thumb_type,doutor-tullys-poikatsu,ドトール・タリーズでポイ活する方法!カフェ利用時の支払い術,shopping,popular_articles
itoyokado-poikatsu,イトーヨーカドーでポイ活する方法!アプリ・nanaco・セールの使い分け,shopping,8,4_same_thumb_type,dpoint-d-harai,d払いでdポイントを貯める方法!日常決済で活用するコツ,shopping,popular_articles
itoyokado-poikatsu,イトーヨーカドーでポイ活する方法!アプリ・nanaco・セールの使い分け,shopping,9,4_same_thumb_type,drugstore-poikatsu,ドラッグストアでポイ活する方法!日用品・薬・コスメでポイントを貯める,shopping,popular_articles
itoyokado-poikatsu,イトーヨーカドーでポイ活する方法!アプリ・nanaco・セールの使い分け,shopping,10,4_same_thumb_type,famiresu-cafe-point,ファミレス・カフェでポイントを貯める方法!外食前のアプリ確認術,shopping,popular_articles
jal-mile-tameru-kachi,JALマイルを貯めるべき人・貯めない方がいい人を解説,shopping,1,1_own_outbound_link,ponta-mile-koukan,Pontaポイントをマイルや他社ポイントに交換する方法!使い道を広げるコツ,shopping,popular_articles
jal-mile-tameru-kachi,JALマイルを貯めるべき人・貯めない方がいい人を解説,shopping,2,1_own_outbound_link,ana-jal-mile-hikaku,ANAマイルとJALマイルはどっち?貯めやすさ・使いやすさを比較,shopping,popular_articles
jal-mile-tameru-kachi,JALマイルを貯めるべき人・貯めない方がいい人を解説,shopping,3,3_tag_match,ana-mile-tameru-kachi,ANAマイルを貯めるべき人・貯めない方がいい人を解説,shopping,popular_articles
jal-mile-tameru-kachi,JALマイルを貯めるべき人・貯めない方がいい人を解説,shopping,4,3_tag_match,ana-mileageplus-hikaku,ANAマイルとMileagePlusはどっち?同じスターアライアンスで何が違う?,shopping,popular_articles
jal-mile-tameru-kachi,JALマイルを貯めるべき人・貯めない方がいい人を解説,shopping,5,3_tag_match,mileageplus-nihon-zaijuu,MileagePlusは日本在住でも貯める価値がある?メリット・注意点を解説,shopping,popular_articles
jal-mile-tameru-kachi,JALマイルを貯めるべき人・貯めない方がいい人を解説,shopping,6,4_same_thumb_type,au-uq-ponta,au・UQユーザーはPontaポイントにまとめるべき?相性の良いサービスを解説,shopping,popular_articles
jal-mile-tameru-kachi,JALマイルを貯めるべき人・貯めない方がいい人を解説,shopping,7,4_same_thumb_type,carshare-point-katsuyou,カーシェアでポイ活する方法とは?短時間利用の節約ポイントを解説,shopping,popular_articles
jal-mile-tameru-kachi,JALマイルを貯めるべき人・貯めない方がいい人を解説,shopping,8,4_same_thumb_type,cleaning-poikatsu,クリーニング代でポイントを貯める方法!宅配と店舗を比較するコツ,shopping,popular_articles
jal-mile-tameru-kachi,JALマイルを貯めるべき人・貯めない方がいい人を解説,shopping,9,4_same_thumb_type,code-kessai-4sha-hikaku,コード決済4社を徹底比較|PayPay・d払い・楽天ペイ・au PAY,shopping,popular_articles
jal-mile-tameru-kachi,JALマイルを貯めるべき人・貯めない方がいい人を解説,shopping,10,4_same_thumb_type,d-point-supermarket,dポイントが貯まるスーパー一覧|使える店舗・地域スーパーも比較,shopping,popular_articles
jal-mileage-mall-poikatsu,JALマイレージモールでマイルを貯める方法!ネット通販前の基本,shopping,1,4_same_thumb_type,ana-furusato-mile,ANAのふるさと納税でマイルを貯める方法!旅行好き向けの基本,shopping,popular_articles
jal-mileage-mall-poikatsu,JALマイレージモールでマイルを貯める方法!ネット通販前の基本,shopping,2,4_same_thumb_type,ana-mileage-mall-poikatsu,ANAマイレージモールの使い方!通販前にマイルを貯める経由術,shopping,popular_articles
jal-mileage-mall-poikatsu,JALマイレージモールでマイルを貯める方法!ネット通販前の基本,shopping,3,4_same_thumb_type,etc-mileage-toha,ETCマイレージサービスとは?高速道路利用者が知っておきたい基本,shopping,popular_articles
jal-mileage-mall-poikatsu,JALマイレージモールでマイルを貯める方法!ネット通販前の基本,shopping,4,4_same_thumb_type,jre-point-kiso,JRE POINTの貯め方と使い方!Suica利用者向けポイ活入門,shopping,popular_articles
jal-mileage-mall-poikatsu,JALマイレージモールでマイルを貯める方法!ネット通販前の基本,shopping,5,4_same_thumb_type,mile-koukan-merit,ポイントをマイルに交換するメリットは?旅行好き向けポイ活入門,shopping,popular_articles
jal-mileage-mall-poikatsu,JALマイレージモールでマイルを貯める方法!ネット通販前の基本,shopping,6,4_same_thumb_type,point-koukan-toha,ポイント交換とは?他社ポイント・ギフト券・マイルへの交換方法,shopping,popular_articles
jal-mileage-mall-poikatsu,JALマイレージモールでマイルを貯める方法!ネット通販前の基本,shopping,7,4_same_thumb_type,ponta-mile-koukan,Pontaポイントをマイルや他社ポイントに交換する方法!使い道を広げるコツ,shopping,popular_articles
jal-mileage-mall-poikatsu,JALマイレージモールでマイルを貯める方法!ネット通販前の基本,shopping,8,4_same_thumb_type,rakuten-ana-mile-koukan,楽天ポイントをANAマイルに交換できる?交換ルートと注意点を解説,shopping,popular_articles
jal-mileage-mall-poikatsu,JALマイレージモールでマイルを貯める方法!ネット通販前の基本,shopping,9,4_same_thumb_type,recruit-ponta,リクルートサービスでPontaポイントを貯める方法!予約・買い物で活用,shopping,popular_articles
jal-mileage-mall-poikatsu,JALマイレージモールでマイルを貯める方法!ネット通販前の基本,shopping,10,4_same_thumb_type,ryokou-yoyaku-point,旅行予約でポイントを貯める方法!ホテル・航空券・予約サイト活用術,shopping,popular_articles
jalan-golf-toha,じゃらんゴルフとは?特徴とポイントの貯め方をわかりやすく解説,seikatsu,1,3_tag_match,ahamo-toha,ahamoとは?月額料金とdポイントの貯め方をわかりやすく解説,seikatsu,popular_articles
jalan-golf-toha,じゃらんゴルフとは?特徴とポイントの貯め方をわかりやすく解説,seikatsu,2,3_tag_match,aupay-furusato-poikatsu,au PAYふるさと納税のPontaポイントは貯まる?2025年10月の変更を解説,seikatsu,popular_articles
jalan-golf-toha,じゃらんゴルフとは?特徴とポイントの貯め方をわかりやすく解説,seikatsu,3,3_tag_match,dcarshare-toha,dカーシェアとは?特徴とdポイントの貯め方をわかりやすく解説,seikatsu,popular_articles
jalan-golf-toha,じゃらんゴルフとは?特徴とポイントの貯め方をわかりやすく解説,seikatsu,4,3_tag_match,dhealthcare-toha,dヘルスケアとは?歩数・体重記録でdポイントが貯まる仕組みを解説,seikatsu,popular_articles
jalan-golf-toha,じゃらんゴルフとは?特徴とポイントの貯め方をわかりやすく解説,seikatsu,5,3_tag_match,dmagazine-toha,dマガジンとは?月額料金と読める雑誌数をわかりやすく解説,seikatsu,popular_articles
jalan-golf-toha,じゃらんゴルフとは?特徴とポイントの貯め方をわかりやすく解説,seikatsu,6,3_tag_match,hikaritv-toha,ひかりTVとは?特徴と料金プランをわかりやすく解説,seikatsu,popular_articles
jalan-golf-toha,じゃらんゴルフとは?特徴とポイントの貯め方をわかりやすく解説,seikatsu,7,3_tag_match,lemino-premium-toha,Leminoプレミアムとは?月額料金とdポイント還元をわかりやすく解説,seikatsu,popular_articles
jalan-golf-toha,じゃらんゴルフとは?特徴とポイントの貯め方をわかりやすく解説,seikatsu,8,4_same_thumb_type,anshin-security-toha,あんしんセキュリティとは?月額料金と機能をわかりやすく解説,seikatsu,popular_articles
jalan-golf-toha,じゃらんゴルフとは?特徴とポイントの貯め方をわかりやすく解説,seikatsu,9,4_same_thumb_type,busnoru-poikatsu,バスのるとは?高速バス予約と「バスのるポイント」を解説,seikatsu,popular_articles
jalan-golf-toha,じゃらんゴルフとは?特徴とポイントの貯め方をわかりやすく解説,seikatsu,10,4_same_thumb_type,dhits-toha,dヒッツとは?月額300円からの音楽聴き放題サービスを解説,seikatsu,popular_articles
jalan-net-poikatsu,じゃらんnetとは?宿・ホテル予約でポイントが貯まる仕組みを解説,campaign,1,2_inbound_link,dpoint-dharai-tamekata,dポイント・d払いの貯め方とは?もらう方法・使い方を解説,,popular_articles
jalan-net-poikatsu,じゃらんnetとは?宿・ホテル予約でポイントが貯まる仕組みを解説,campaign,2,2_inbound_link,dpoint-tsukaikata,dポイントの使い方とは?店舗・連携・交換まで完全ガイド,,popular_articles
jalan-net-poikatsu,じゃらんnetとは?宿・ホテル予約でポイントが貯まる仕組みを解説,campaign,3,2_inbound_link,ponta-tamekata,Pontaポイントの貯め方とは?もらう方法・使い方を解説,,popular_articles
jalan-net-poikatsu,じゃらんnetとは?宿・ホテル予約でポイントが貯まる仕組みを解説,campaign,4,2_inbound_link,ponta-tsukaikata,Pontaポイントの使い方とは?店舗・連携・交換まで完全ガイド,,popular_articles
jalan-net-poikatsu,じゃらんnetとは?宿・ホテル予約でポイントが貯まる仕組みを解説,campaign,5,2_inbound_link,rakuten-travel-supersale-entry-coupon,楽天トラベルスーパーSALE攻略|エントリー条件とクーポン併用ルール,campaign,popular_articles
jalan-net-poikatsu,じゃらんnetとは?宿・ホテル予約でポイントが貯まる仕組みを解説,campaign,6,3_tag_match,jalan-tsukaikata,じゃらんでポイ活する方法!宿泊・遊び体験予約でポイントを貯めるコツ,campaign,popular_articles
jalan-net-poikatsu,じゃらんnetとは?宿・ホテル予約でポイントが貯まる仕組みを解説,campaign,7,3_tag_match,kakuyasu-sim-norikae-poikatsu,格安SIM乗り換えでポイ活する方法!通信費を下げながら得する流れ,campaign,popular_articles
jalan-net-poikatsu,じゃらんnetとは?宿・ホテル予約でポイントが貯まる仕組みを解説,campaign,8,4_same_thumb_type,aeoncompass-travelmall-poikatsu,イオンコンパストラベルモール(レンタカー予約)とは?WAON POINTを貯める方法,campaign,popular_articles
jalan-net-poikatsu,じゃらんnetとは?宿・ホテル予約でポイントが貯まる仕組みを解説,campaign,9,4_same_thumb_type,aeoncompass-travelmall-yado-poikatsu,イオンコンパストラベルモール(宿泊予約)とは?WAON POINTが貯まる予約サービス,campaign,popular_articles
jalan-net-poikatsu,じゃらんnetとは?宿・ホテル予約でポイントが貯まる仕組みを解説,campaign,10,4_same_thumb_type,airtrip-poikatsu,エアトリポイントの使い道は?貯め方・有効期限をわかりやすく解説,campaign,popular_articles
jalan-tsukaikata,じゃらんでポイ活する方法!宿泊・遊び体験予約でポイントを貯めるコツ,campaign,1,2_inbound_link,ryokou-yoyaku-point,旅行予約でポイントを貯める方法!ホテル・航空券・予約サイト活用術,shopping,popular_articles
jalan-tsukaikata,じゃらんでポイ活する方法!宿泊・遊び体験予約でポイントを貯めるコツ,campaign,2,2_inbound_link,shukuhaku-yoyaku-point,宿泊予約サイトでポイントを取りこぼさない方法!予約前の比較ポイント,shopping,popular_articles
jalan-tsukaikata,じゃらんでポイ活する方法!宿泊・遊び体験予約でポイントを貯めるコツ,campaign,3,3_tag_match,jalan-net-poikatsu,じゃらんnetとは?宿・ホテル予約でポイントが貯まる仕組みを解説,campaign,popular_articles
jalan-tsukaikata,じゃらんでポイ活する方法!宿泊・遊び体験予約でポイントを貯めるコツ,campaign,4,3_tag_match,kakuyasu-sim-norikae-poikatsu,格安SIM乗り換えでポイ活する方法!通信費を下げながら得する流れ,campaign,popular_articles
jalan-tsukaikata,じゃらんでポイ活する方法!宿泊・遊び体験予約でポイントを貯めるコツ,campaign,5,5_category_hub,yahoo-travel-poikatsu,Yahoo!トラベルとは?PayPayポイントが貯まる・使える宿泊予約サービス,campaign,popular_articles
jalan-tsukaikata,じゃらんでポイ活する方法!宿泊・遊び体験予約でポイントを貯めるコツ,campaign,6,6_same_category,paypay-campaign-katsuyo,PayPayでポイントを効率よく貯める方法!キャンペーン活用の基本,campaign,popular_articles
jalan-tsukaikata,じゃらんでポイ活する方法!宿泊・遊び体験予約でポイントを貯めるコツ,campaign,7,6_same_category,rakuten-travel-supersale-poikatsu,楽天トラベルスーパーセールで失敗しないポイ活!予約前チェックリスト,campaign,popular_articles
jalan-tsukaikata,じゃらんでポイ活する方法!宿泊・遊び体験予約でポイントを貯めるコツ,campaign,8,6_same_category,yahoo-travel-tsukaikata,Yahoo!トラベルでポイントを活用する方法!宿泊予約前の確認ポイント,campaign,popular_articles
jalan-tsukaikata,じゃらんでポイ活する方法!宿泊・遊び体験予約でポイントを貯めるコツ,campaign,9,6_same_category,airtrip-poikatsu,エアトリポイントの使い道は?貯め方・有効期限をわかりやすく解説,campaign,popular_articles
jalan-tsukaikata,じゃらんでポイ活する方法!宿泊・遊び体験予約でポイントを貯めるコツ,campaign,10,6_same_category,airtrip-tsukaikata,エアトリで旅行予約ポイ活!航空券購入前に見るべき費用とポイント,campaign,popular_articles
jcb-airmacau-campaign-2026,JCB×マカオ航空キャンペーン!日本発マカオ行き航空券が8%OFF【2026年9〜10月】,campaign,1,1_own_outbound_link,mile-koukan-merit,ポイントをマイルに交換するメリットは?旅行好き向けポイ活入門,shopping,popular_articles
jcb-airmacau-campaign-2026,JCB×マカオ航空キャンペーン!日本発マカオ行き航空券が8%OFF【2026年9〜10月】,campaign,2,1_own_outbound_link,credit-card-mile-hikaku,マイルが貯まるクレジットカード比較|ANA・JALの還元と移行条件,creditcard,popular_articles
jcb-airmacau-campaign-2026,JCB×マカオ航空キャンペーン!日本発マカオ行き航空券が8%OFF【2026年9〜10月】,campaign,3,1_own_outbound_link,jcb-jpoint-poikatsu,JCBのJ-POINT(旧Oki Dokiポイント)活用術!交換先と還元率の考え方,creditcard,popular_articles
jcb-airmacau-campaign-2026,JCB×マカオ航空キャンペーン!日本発マカオ行き航空券が8%OFF【2026年9〜10月】,campaign,4,4_same_thumb_type,bonus-tsuki-poikatsu-keikaku,ボーナス月のポイ活計画!大きな買い物で損しない予算管理,campaign,popular_articles
jcb-airmacau-campaign-2026,JCB×マカオ航空キャンペーン!日本発マカオ行き航空券が8%OFF【2026年9〜10月】,campaign,5,4_same_thumb_type,fukubukuro-hatsuuri-poikatsu,福袋・初売りでポイ活する方法!お得に見えて損しない選び方,campaign,popular_articles
jcb-airmacau-campaign-2026,JCB×マカオ航空キャンペーン!日本発マカオ行き航空券が8%OFF【2026年9〜10月】,campaign,6,4_same_thumb_type,fuyujitaku-poikatsu,冬支度のポイ活術!暖房家電・防寒用品をお得に準備する方法,campaign,popular_articles
jcb-airmacau-campaign-2026,JCB×マカオ航空キャンペーン!日本発マカオ行き航空券が8%OFF【2026年9〜10月】,campaign,7,4_same_thumb_type,ikkyu-poikatsu,一休.comでお得に予約する考え方!高級宿・レストラン利用時のポイント,campaign,popular_articles
jcb-airmacau-campaign-2026,JCB×マカオ航空キャンペーン!日本発マカオ行き航空券が8%OFF【2026年9〜10月】,campaign,8,4_same_thumb_type,kakuyasu-sim-norikae-poikatsu,格安SIM乗り換えでポイ活する方法!通信費を下げながら得する流れ,campaign,popular_articles
jcb-airmacau-campaign-2026,JCB×マカオ航空キャンペーン!日本発マカオ行き航空券が8%OFF【2026年9〜10月】,campaign,9,4_same_thumb_type,kessan-sale-poikatsu,決算セールでポイ活する方法!家電・日用品をお得に買う判断基準,campaign,popular_articles
jcb-airmacau-campaign-2026,JCB×マカオ航空キャンペーン!日本発マカオ行き航空券が8%OFF【2026年9〜10月】,campaign,10,4_same_thumb_type,natsuyasumi-poikatsu-junbi,夏休み前のポイ活準備!旅行・レジャー・日用品を計画的に買う方法,campaign,popular_articles
jcb-jpoint-poikatsu,JCBのJ-POINT(旧Oki Dokiポイント)活用術!交換先と還元率の考え方,creditcard,1,2_inbound_link,jcb-airmacau-campaign-2026,JCB×マカオ航空キャンペーン!日本発マカオ行き航空券が8%OFF【2026年9〜10月】,campaign,popular_articles
jcb-jpoint-poikatsu,JCBのJ-POINT(旧Oki Dokiポイント)活用術!交換先と還元率の考え方,creditcard,2,4_same_thumb_type,ana-amex-poikatsu,ANAアメックスが大幅刷新!ゴールド・プレミアムの新特典とマイル還元まとめ,creditcard,popular_articles
jcb-jpoint-poikatsu,JCBのJ-POINT(旧Oki Dokiポイント)活用術!交換先と還元率の考え方,creditcard,3,4_same_thumb_type,apple-pay-poikatsu,Apple Payでポイ活する方法!ポイント還元とiD・QUICPay・タッチ決済の違い,creditcard,popular_articles
jcb-jpoint-poikatsu,JCBのJ-POINT(旧Oki Dokiポイント)活用術!交換先と還元率の考え方,creditcard,4,4_same_thumb_type,dcard-poikatsu,dカードはポイ活におすすめ?dポイントを貯めやすい人の特徴,creditcard,popular_articles
jcb-jpoint-poikatsu,JCBのJ-POINT(旧Oki Dokiポイント)活用術!交換先と還元率の考え方,creditcard,5,4_same_thumb_type,gasoline-point-tameru,ガソリン代でポイントを貯める方法!車利用者向けポイ活の基本,creditcard,popular_articles
jcb-jpoint-poikatsu,JCBのJ-POINT(旧Oki Dokiポイント)活用術!交換先と還元率の考え方,creditcard,6,4_same_thumb_type,hokenryo-point-tameru,保険料でポイントを貯める方法!クレジットカード払いの確認ポイント,creditcard,popular_articles
jcb-jpoint-poikatsu,JCBのJ-POINT(旧Oki Dokiポイント)活用術!交換先と還元率の考え方,creditcard,7,4_same_thumb_type,mitsui-sumitomo-card-vpoint,三井住友カードでVポイントを貯める方法!対象店舗とタッチ決済の基本,creditcard,popular_articles
jcb-jpoint-poikatsu,JCBのJ-POINT(旧Oki Dokiポイント)活用術!交換先と還元率の考え方,creditcard,8,4_same_thumb_type,rakuten-card-poikatsu,楽天カードはポイ活に向いている?メリットと注意点を初心者向けに解説,creditcard,popular_articles
jcb-jpoint-poikatsu,JCBのJ-POINT(旧Oki Dokiポイント)活用術!交換先と還元率の考え方,creditcard,9,6_same_category,credit-card-mile-hikaku,マイルが貯まるクレジットカード比較|ANA・JALの還元と移行条件,creditcard,popular_articles
jcb-jpoint-poikatsu,JCBのJ-POINT(旧Oki Dokiポイント)活用術!交換先と還元率の考え方,creditcard,10,6_same_category,credit-card-common-point-hikaku,共通ポイント別クレジットカード比較|d・楽天・Ponta・Vポイントで選ぶ,creditcard,popular_articles
jisshitsu-kakaku-keisan,実質価格とは?計算方法・ポイント還元と値引きの違いを具体例で解説,shopping,1,1_own_outbound_link,souryou-son-poikatsu,送料で損しないポイ活術!送料無料ラインとまとめ買いの考え方,shopping,popular_articles
jisshitsu-kakaku-keisan,実質価格とは?計算方法・ポイント還元と値引きの違いを具体例で解説,shopping,2,1_own_outbound_link,kikangentei-point-5shu-hikaku,期間限定ポイント5種を比較!失効前に使い切る方法,shopping,popular_articles
jisshitsu-kakaku-keisan,実質価格とは?計算方法・ポイント還元と値引きの違いを具体例で解説,shopping,3,1_own_outbound_link,point-kangenritsu-mikata,ポイント還元率の見方を解説!本当にお得か判断する計算方法,shopping,popular_articles
jisshitsu-kakaku-keisan,実質価格とは?計算方法・ポイント還元と値引きの違いを具体例で解説,shopping,4,1_own_outbound_link,point-kangen-genkin-nebiki-hikaku,ポイント還元と現金値引きはどっちが得?迷った時の比較方法,shopping,popular_articles
jisshitsu-kakaku-keisan,実質価格とは?計算方法・ポイント還元と値引きの違いを具体例で解説,shopping,5,2_inbound_link,kadenryohanten-point-hikaku,家電量販店のポイント比較|還元率・現金値引き・支払い方法を7社で比較,shopping,popular_articles
jisshitsu-kakaku-keisan,実質価格とは?計算方法・ポイント還元と値引きの違いを具体例で解説,shopping,6,2_inbound_link,tsukihatsu-tsukimatsu-poikatsu-routine,月初・月末のポイ活ルーティン|ポイント失効・キャンペーンを10分で確認,pointsite,popular_articles
jisshitsu-kakaku-keisan,実質価格とは?計算方法・ポイント還元と値引きの違いを具体例で解説,shopping,7,4_same_thumb_type,amazon-tsuhan-toha,Amazonとは?特徴とポイントの貯め方をわかりやすく解説,shopping,popular_articles
jisshitsu-kakaku-keisan,実質価格とは?計算方法・ポイント還元と値引きの違いを具体例で解説,shopping,8,4_same_thumb_type,aupay-market-toha,au PAY マーケットとは?特徴とポイントの貯め方をわかりやすく解説,shopping,popular_articles
jisshitsu-kakaku-keisan,実質価格とは?計算方法・ポイント還元と値引きの違いを具体例で解説,shopping,9,4_same_thumb_type,biccamera-toha,ビックカメラ.comとは?特徴とポイントの貯め方をわかりやすく解説,shopping,popular_articles
jisshitsu-kakaku-keisan,実質価格とは?計算方法・ポイント還元と値引きの違いを具体例で解説,shopping,10,4_same_thumb_type,charge-route-point,チャージルートでポイントを増やす考え方!複雑にしすぎない決済設計,shopping,popular_articles
joshin-web-toha,Joshin webショップとは?特徴とポイントの貯め方をわかりやすく解説,shopping,1,4_same_thumb_type,amazon-tsuhan-toha,Amazonとは?特徴とポイントの貯め方をわかりやすく解説,shopping,popular_articles
joshin-web-toha,Joshin webショップとは?特徴とポイントの貯め方をわかりやすく解説,shopping,2,4_same_thumb_type,aupay-market-toha,au PAY マーケットとは?特徴とポイントの貯め方をわかりやすく解説,shopping,popular_articles
joshin-web-toha,Joshin webショップとは?特徴とポイントの貯め方をわかりやすく解説,shopping,3,4_same_thumb_type,biccamera-toha,ビックカメラ.comとは?特徴とポイントの貯め方をわかりやすく解説,shopping,popular_articles
joshin-web-toha,Joshin webショップとは?特徴とポイントの貯め方をわかりやすく解説,shopping,4,4_same_thumb_type,charge-route-point,チャージルートでポイントを増やす考え方!複雑にしすぎない決済設計,shopping,popular_articles
joshin-web-toha,Joshin webショップとは?特徴とポイントの貯め方をわかりやすく解説,shopping,5,4_same_thumb_type,daimaru-matsuzakaya-toha,大丸松坂屋オンラインストアとは?特徴とポイントの貯め方をわかりやすく解説,shopping,popular_articles
joshin-web-toha,Joshin webショップとは?特徴とポイントの貯め方をわかりやすく解説,shopping,6,4_same_thumb_type,docomo-select-toha,docomo selectとは?スマホアクセサリー購入とdポイントを解説,shopping,popular_articles
joshin-web-toha,Joshin webショップとは?特徴とポイントの貯め方をわかりやすく解説,shopping,7,4_same_thumb_type,dpoint-tsukaimichi,dポイントのおすすめの使い道!コンビニ・ドラッグストア・ネットで使う方法,shopping,popular_articles
joshin-web-toha,Joshin webショップとは?特徴とポイントの貯め方をわかりやすく解説,shopping,8,4_same_thumb_type,dshopping-toha,dショッピングとは?特徴とポイントの貯め方をわかりやすく解説,shopping,popular_articles
joshin-web-toha,Joshin webショップとは?特徴とポイントの貯め方をわかりやすく解説,shopping,9,4_same_thumb_type,ec-current-poikatsu,ECカレントとは?家電通販の特徴とポイント制度を解説,shopping,popular_articles
joshin-web-toha,Joshin webショップとは?特徴とポイントの貯め方をわかりやすく解説,shopping,10,4_same_thumb_type,hikkoshi-poikatsu,引っ越しでポイ活する方法!見積もり・家具購入・手続きの確認ポイント,shopping,popular_articles
jre-point-kiso,JRE POINTの貯め方と使い方!Suica利用者向けポイ活入門,shopping,1,3_tag_match,suica-point-tameru,Suicaでポイントを貯める方法!JRE POINT登録から使い方まで解説,shopping,popular_articles
jre-point-kiso,JRE POINTの貯め方と使い方!Suica利用者向けポイ活入門,shopping,2,4_same_thumb_type,ana-furusato-mile,ANAのふるさと納税でマイルを貯める方法!旅行好き向けの基本,shopping,popular_articles
jre-point-kiso,JRE POINTの貯め方と使い方!Suica利用者向けポイ活入門,shopping,3,4_same_thumb_type,ana-mileage-mall-poikatsu,ANAマイレージモールの使い方!通販前にマイルを貯める経由術,shopping,popular_articles
jre-point-kiso,JRE POINTの貯め方と使い方!Suica利用者向けポイ活入門,shopping,4,4_same_thumb_type,etc-mileage-toha,ETCマイレージサービスとは?高速道路利用者が知っておきたい基本,shopping,popular_articles
jre-point-kiso,JRE POINTの貯め方と使い方!Suica利用者向けポイ活入門,shopping,5,4_same_thumb_type,jal-mileage-mall-poikatsu,JALマイレージモールでマイルを貯める方法!ネット通販前の基本,shopping,popular_articles
jre-point-kiso,JRE POINTの貯め方と使い方!Suica利用者向けポイ活入門,shopping,6,4_same_thumb_type,mile-koukan-merit,ポイントをマイルに交換するメリットは?旅行好き向けポイ活入門,shopping,popular_articles
jre-point-kiso,JRE POINTの貯め方と使い方!Suica利用者向けポイ活入門,shopping,7,4_same_thumb_type,point-koukan-toha,ポイント交換とは?他社ポイント・ギフト券・マイルへの交換方法,shopping,popular_articles
jre-point-kiso,JRE POINTの貯め方と使い方!Suica利用者向けポイ活入門,shopping,8,4_same_thumb_type,ponta-mile-koukan,Pontaポイントをマイルや他社ポイントに交換する方法!使い道を広げるコツ,shopping,popular_articles
jre-point-kiso,JRE POINTの貯め方と使い方!Suica利用者向けポイ活入門,shopping,9,4_same_thumb_type,rakuten-ana-mile-koukan,楽天ポイントをANAマイルに交換できる?交換ルートと注意点を解説,shopping,popular_articles
jre-point-kiso,JRE POINTの貯め方と使い方!Suica利用者向けポイ活入門,shopping,10,4_same_thumb_type,recruit-ponta,リクルートサービスでPontaポイントを貯める方法!予約・買い物で活用,shopping,popular_articles
jtb-shopping-toha,JTBショッピングとは?お取り寄せ・お土産・ギフトの特徴を解説,shopping,1,2_inbound_link,hahanohi-chichinohi-gift-point,母の日・父の日ギフトでポイントを貯める方法!早割と配送日の確認術,shopping,popular_articles
jtb-shopping-toha,JTBショッピングとは?お取り寄せ・お土産・ギフトの特徴を解説,shopping,2,4_same_thumb_type,amazon-tsuhan-toha,Amazonとは?特徴とポイントの貯め方をわかりやすく解説,shopping,popular_articles
jtb-shopping-toha,JTBショッピングとは?お取り寄せ・お土産・ギフトの特徴を解説,shopping,3,4_same_thumb_type,aupay-market-toha,au PAY マーケットとは?特徴とポイントの貯め方をわかりやすく解説,shopping,popular_articles
jtb-shopping-toha,JTBショッピングとは?お取り寄せ・お土産・ギフトの特徴を解説,shopping,4,4_same_thumb_type,biccamera-toha,ビックカメラ.comとは?特徴とポイントの貯め方をわかりやすく解説,shopping,popular_articles
jtb-shopping-toha,JTBショッピングとは?お取り寄せ・お土産・ギフトの特徴を解説,shopping,5,4_same_thumb_type,charge-route-point,チャージルートでポイントを増やす考え方!複雑にしすぎない決済設計,shopping,popular_articles
jtb-shopping-toha,JTBショッピングとは?お取り寄せ・お土産・ギフトの特徴を解説,shopping,6,4_same_thumb_type,daimaru-matsuzakaya-toha,大丸松坂屋オンラインストアとは?特徴とポイントの貯め方をわかりやすく解説,shopping,popular_articles
jtb-shopping-toha,JTBショッピングとは?お取り寄せ・お土産・ギフトの特徴を解説,shopping,7,4_same_thumb_type,docomo-select-toha,docomo selectとは?スマホアクセサリー購入とdポイントを解説,shopping,popular_articles
jtb-shopping-toha,JTBショッピングとは?お取り寄せ・お土産・ギフトの特徴を解説,shopping,8,4_same_thumb_type,dpoint-tsukaimichi,dポイントのおすすめの使い道!コンビニ・ドラッグストア・ネットで使う方法,shopping,popular_articles
jtb-shopping-toha,JTBショッピングとは?お取り寄せ・お土産・ギフトの特徴を解説,shopping,9,4_same_thumb_type,dshopping-toha,dショッピングとは?特徴とポイントの貯め方をわかりやすく解説,shopping,popular_articles
jtb-shopping-toha,JTBショッピングとは?お取り寄せ・お土産・ギフトの特徴を解説,shopping,10,4_same_thumb_type,ec-current-poikatsu,ECカレントとは?家電通販の特徴とポイント制度を解説,shopping,popular_articles
kadenryohanten-point-hikaku,家電量販店のポイント比較|還元率・現金値引き・支払い方法を7社で比較,shopping,1,1_own_outbound_link,jisshitsu-kakaku-keisan,実質価格とは?計算方法・ポイント還元と値引きの違いを具体例で解説,shopping,popular_articles
kadenryohanten-point-hikaku,家電量販店のポイント比較|還元率・現金値引き・支払い方法を7社で比較,shopping,2,1_own_outbound_link,kadenryohanten-point,家電量販店のポイントを賢く使う方法!現金値引きとの違いを解説,shopping,popular_articles
kadenryohanten-point-hikaku,家電量販店のポイント比較|還元率・現金値引き・支払い方法を7社で比較,shopping,3,3_tag_match,au-uq-ponta,au・UQユーザーはPontaポイントにまとめるべき?相性の良いサービスを解説,shopping,popular_articles
kadenryohanten-point-hikaku,家電量販店のポイント比較|還元率・現金値引き・支払い方法を7社で比較,shopping,4,3_tag_match,aupay-market-poikatsu,au PAYマーケットでポイントを活用する方法!買い物前の確認ポイント,shopping,popular_articles
kadenryohanten-point-hikaku,家電量販店のポイント比較|還元率・現金値引き・支払い方法を7社で比較,shopping,5,3_tag_match,aupay-market-toha,au PAY マーケットとは?特徴とポイントの貯め方をわかりやすく解説,shopping,popular_articles
kadenryohanten-point-hikaku,家電量販店のポイント比較|還元率・現金値引き・支払い方法を7社で比較,shopping,6,3_tag_match,aupay-ponta,au PAYでPontaポイントを貯める方法!スマホ決済との組み合わせを解説,shopping,popular_articles
kadenryohanten-point-hikaku,家電量販店のポイント比較|還元率・現金値引き・支払い方法を7社で比較,shopping,7,3_tag_match,code-kessai-4sha-hikaku,コード決済4社を徹底比較|PayPay・d払い・楽天ペイ・au PAY,shopping,popular_articles
kadenryohanten-point-hikaku,家電量販店のポイント比較|還元率・現金値引き・支払い方法を7社で比較,shopping,8,3_tag_match,d-point-supermarket,dポイントが貯まるスーパー一覧|使える店舗・地域スーパーも比較,shopping,popular_articles
kadenryohanten-point-hikaku,家電量販店のポイント比較|還元率・現金値引き・支払い方法を7社で比較,shopping,9,3_tag_match,docomo-ahamo-dpoint,ドコモ・ahamoユーザーはdポイントにまとめるべき?相性の良いサービスを解説,shopping,popular_articles
kadenryohanten-point-hikaku,家電量販店のポイント比較|還元率・現金値引き・支払い方法を7社で比較,shopping,10,3_tag_match,docomo-select-toha,docomo selectとは?スマホアクセサリー購入とdポイントを解説,shopping,popular_articles
kadenryohanten-point,家電量販店のポイントを賢く使う方法!現金値引きとの違いを解説,shopping,1,1_own_outbound_link,kadenryohanten-point-hikaku,家電量販店のポイント比較|還元率・現金値引き・支払い方法を7社で比較,shopping,popular_articles
kadenryohanten-point,家電量販店のポイントを賢く使う方法!現金値引きとの違いを解説,shopping,2,2_inbound_link,hikkoshi-seikatsuyohin-poikatsu,引越し後の生活用品で使えるポイ活術!支出が増える前に確認したい節約ポイント,shopping,popular_articles
kadenryohanten-point,家電量販店のポイントを賢く使う方法!現金値引きとの違いを解説,shopping,3,4_same_thumb_type,ana-jal-mile-hikaku,ANAマイルとJALマイルはどっち?貯めやすさ・使いやすさを比較,shopping,popular_articles
kadenryohanten-point,家電量販店のポイントを賢く使う方法!現金値引きとの違いを解説,shopping,4,4_same_thumb_type,ana-mile-tameru-kachi,ANAマイルを貯めるべき人・貯めない方がいい人を解説,shopping,popular_articles
kadenryohanten-point,家電量販店のポイントを賢く使う方法!現金値引きとの違いを解説,shopping,5,4_same_thumb_type,ana-mileageplus-hikaku,ANAマイルとMileagePlusはどっち?同じスターアライアンスで何が違う?,shopping,popular_articles
kadenryohanten-point,家電量販店のポイントを賢く使う方法!現金値引きとの違いを解説,shopping,6,4_same_thumb_type,au-uq-ponta,au・UQユーザーはPontaポイントにまとめるべき?相性の良いサービスを解説,shopping,popular_articles
kadenryohanten-point,家電量販店のポイントを賢く使う方法!現金値引きとの違いを解説,shopping,7,4_same_thumb_type,carshare-point-katsuyou,カーシェアでポイ活する方法とは?短時間利用の節約ポイントを解説,shopping,popular_articles
kadenryohanten-point,家電量販店のポイントを賢く使う方法!現金値引きとの違いを解説,shopping,8,4_same_thumb_type,cleaning-poikatsu,クリーニング代でポイントを貯める方法!宅配と店舗を比較するコツ,shopping,popular_articles
kadenryohanten-point,家電量販店のポイントを賢く使う方法!現金値引きとの違いを解説,shopping,9,4_same_thumb_type,code-kessai-4sha-hikaku,コード決済4社を徹底比較|PayPay・d払い・楽天ペイ・au PAY,shopping,popular_articles
kadenryohanten-point,家電量販店のポイントを賢く使う方法!現金値引きとの違いを解説,shopping,10,4_same_thumb_type,d-point-supermarket,dポイントが貯まるスーパー一覧|使える店舗・地域スーパーも比較,shopping,popular_articles
kaigai-zaijuu-point-kanri,海外在住者が日本のポイントを管理する方法!帰国時に使う前提の考え方,pointsite,1,4_same_thumb_type,chihou-zaijuu-poikatsu,地方在住者のポイ活術!使える店舗が少ない時のポイント活用法,pointsite,popular_articles
kaigai-zaijuu-point-kanri,海外在住者が日本のポイントを管理する方法!帰国時に使う前提の考え方,pointsite,2,4_same_thumb_type,hoken-soudan-anken-poikatsu,保険相談案件のポイ活とは?面談前に知っておきたいメリットと注意点,pointsite,popular_articles
kaigai-zaijuu-point-kanri,海外在住者が日本のポイントを管理する方法!帰国時に使う前提の考え方,pointsite,3,4_same_thumb_type,kazoku-account-poikatsu-chuui,家族アカウントでポイ活する時の注意点!規約確認とトラブル防止,pointsite,popular_articles
kaigai-zaijuu-point-kanri,海外在住者が日本のポイントを管理する方法!帰国時に使う前提の考え方,pointsite,4,4_same_thumb_type,keiyu-wasure-boushi,ポイントサイト経由忘れを防ぐ方法!買い物前チェックを習慣化するコツ,pointsite,popular_articles
kaigai-zaijuu-point-kanri,海外在住者が日本のポイントを管理する方法!帰国時に使う前提の考え方,pointsite,5,4_same_thumb_type,poikatsu-demerit,ポイ活のデメリットとは?時間・個人情報・無駄買いのリスクを解説,pointsite,popular_articles
kaigai-zaijuu-point-kanri,海外在住者が日本のポイントを管理する方法!帰国時に使う前提の考え方,pointsite,6,4_same_thumb_type,poikatsu-kojinjouhou-mamoru,ポイ活で個人情報を守る方法!登録前に確認したい安全チェック,pointsite,popular_articles
kaigai-zaijuu-point-kanri,海外在住者が日本のポイントを管理する方法!帰国時に使う前提の考え方,pointsite,7,4_same_thumb_type,poikatsu-kuchikomi-shinyou,ポイ活の口コミは信用できる?体験談を見る時のチェックポイント,pointsite,popular_articles
kaigai-zaijuu-point-kanri,海外在住者が日本のポイントを管理する方法!帰国時に使う前提の考え方,pointsite,8,4_same_thumb_type,poikatsu-muki-fumuki,ポイ活で節約できる人・できない人の違い!向き不向きを解説,pointsite,popular_articles
kaigai-zaijuu-point-kanri,海外在住者が日本のポイントを管理する方法!帰国時に使う前提の考え方,pointsite,9,4_same_thumb_type,poikatsu-yattehaikenai-koto,ポイ活でやってはいけないこと!規約違反・不正利用・危険な案件に注意,pointsite,popular_articles
kaigai-zaijuu-point-kanri,海外在住者が日本のポイントを管理する方法!帰国時に使う前提の考え方,pointsite,10,4_same_thumb_type,pointsite-kougaku-anken,ポイントサイトの高額案件を見る前に!口座開設・カード案件の注意点,pointsite,popular_articles
kaimono-nigate-poikatsu,買い物が苦手な人のポイ活術!比較しすぎずに得するシンプル運用,pointsite,1,4_same_thumb_type,cashless-fuan-poikatsu,キャッシュレスが不安な人向けポイ活!現金感覚で使うための管理方法,pointsite,popular_articles
kaimono-nigate-poikatsu,買い物が苦手な人のポイ活術!比較しすぎずに得するシンプル運用,pointsite,2,4_same_thumb_type,gakusei-poikatsu,学生でもできるポイ活!お金をかけずに始める安全な方法,pointsite,popular_articles
kaimono-nigate-poikatsu,買い物が苦手な人のポイ活術!比較しすぎずに得するシンプル運用,pointsite,3,4_same_thumb_type,hapitas-tsukaikata,ハピタスの使い方を初心者向けに解説!案件選びとポイント交換の基本,pointsite,popular_articles
kaimono-nigate-poikatsu,買い物が苦手な人のポイ活術!比較しすぎずに得するシンプル運用,pointsite,4,4_same_thumb_type,kosodate-setai-poikatsu,子育て世帯のポイ活術!おむつ・ミルク・学用品をお得に買う方法,pointsite,popular_articles
kaimono-nigate-poikatsu,買い物が苦手な人のポイ活術!比較しすぎずに得するシンプル運用,pointsite,5,4_same_thumb_type,koteihi-sukunai-poikatsu,固定費が少ない人のポイ活術!少額支出でも効率よく貯める方法,pointsite,popular_articles
kaimono-nigate-poikatsu,買い物が苦手な人のポイ活術!比較しすぎずに得するシンプル運用,pointsite,6,4_same_thumb_type,kurumanashi-seikatsu-poikatsu,車なし生活のポイ活術!交通・ネット通販・日用品で節約する方法,pointsite,popular_articles
kaimono-nigate-poikatsu,買い物が苦手な人のポイ活術!比較しすぎずに得するシンプル運用,pointsite,7,4_same_thumb_type,minimalist-poikatsu,ミニマリスト向けポイ活!買わない生活でもポイントを活かす方法,pointsite,popular_articles
kaimono-nigate-poikatsu,買い物が苦手な人のポイ活術!比較しすぎずに得するシンプル運用,pointsite,8,4_same_thumb_type,poikatsu-mail-tsuuchi-seiri,ポイ活メール通知の整理術!必要なキャンペーンだけ見逃さない方法,pointsite,popular_articles
kaimono-nigate-poikatsu,買い物が苦手な人のポイ活術!比較しすぎずに得するシンプル運用,pointsite,9,4_same_thumb_type,poikatsu-senyou-mail-hitsuyou,ポイ活専用メールアドレスは必要?登録管理をラクにする考え方,pointsite,popular_articles
kaimono-nigate-poikatsu,買い物が苦手な人のポイ活術!比較しすぎずに得するシンプル運用,pointsite,10,4_same_thumb_type,poikatsu-taikai-mae-kakunin,ポイ活サービスを退会する前に確認すること!ポイント失効を防ぐ手順,pointsite,popular_articles
kaitenzushi-yoyaku-poikatsu,回転寿司でポイントを貯める方法!予約アプリと支払い前のチェック,shopping,1,4_same_thumb_type,aupay-market-poikatsu,au PAYマーケットでポイントを活用する方法!買い物前の確認ポイント,shopping,popular_articles
kaitenzushi-yoyaku-poikatsu,回転寿司でポイントを貯める方法!予約アプリと支払い前のチェック,shopping,2,4_same_thumb_type,aupay-ponta,au PAYでPontaポイントを貯める方法!スマホ決済との組み合わせを解説,shopping,popular_articles
kaitenzushi-yoyaku-poikatsu,回転寿司でポイントを貯める方法!予約アプリと支払い前のチェック,shopping,3,4_same_thumb_type,biyouin-salon-point,美容院・サロン代をポイントで節約!予約前に見るべき条件と使い方,shopping,popular_articles
kaitenzushi-yoyaku-poikatsu,回転寿司でポイントを貯める方法!予約アプリと支払い前のチェック,shopping,4,4_same_thumb_type,coke-on-setsuyaku,Coke ONで飲み物代を節約する方法!スタンプ・チケット活用の基本,shopping,popular_articles
kaitenzushi-yoyaku-poikatsu,回転寿司でポイントを貯める方法!予約アプリと支払い前のチェック,shopping,5,4_same_thumb_type,demaecan-poikatsu,出前館でポイ活する方法!注文前に確認したい割引とポイント,shopping,popular_articles
kaitenzushi-yoyaku-poikatsu,回転寿司でポイントを貯める方法!予約アプリと支払い前のチェック,shopping,6,4_same_thumb_type,doutor-tullys-poikatsu,ドトール・タリーズでポイ活する方法!カフェ利用時の支払い術,shopping,popular_articles
kaitenzushi-yoyaku-poikatsu,回転寿司でポイントを貯める方法!予約アプリと支払い前のチェック,shopping,7,4_same_thumb_type,dpoint-d-harai,d払いでdポイントを貯める方法!日常決済で活用するコツ,shopping,popular_articles
kaitenzushi-yoyaku-poikatsu,回転寿司でポイントを貯める方法!予約アプリと支払い前のチェック,shopping,8,4_same_thumb_type,drugstore-poikatsu,ドラッグストアでポイ活する方法!日用品・薬・コスメでポイントを貯める,shopping,popular_articles
kaitenzushi-yoyaku-poikatsu,回転寿司でポイントを貯める方法!予約アプリと支払い前のチェック,shopping,9,4_same_thumb_type,famiresu-cafe-point,ファミレス・カフェでポイントを貯める方法!外食前のアプリ確認術,shopping,popular_articles
kaitenzushi-yoyaku-poikatsu,回転寿司でポイントを貯める方法!予約アプリと支払い前のチェック,shopping,10,4_same_thumb_type,gaishoku-point-tameru,外食でポイントを貯める方法!予約サイト・決済・アプリ活用の基本,shopping,popular_articles
kakuteishinkoku-point-seiri,確定申告前に整理したいポイント利用履歴!家計と事業を分ける方法,sidejob,1,4_same_thumb_type,keihiseisan-point-dareno,経費精算でポイントは誰のもの?会社員が確認したいルールとマナー,sidejob,popular_articles
kakuteishinkoku-point-seiri,確定申告前に整理したいポイント利用履歴!家計と事業を分ける方法,sidejob,2,5_category_hub,fukugyou,ポイ活は副業になる?収入目的で始める前に知るべきメリットと限界,sidejob,popular_articles
kakuteishinkoku-point-seiri,確定申告前に整理したいポイント利用履歴!家計と事業を分ける方法,sidejob,3,6_same_category,kojinjigyounushi-point-kanri,個人事業主向けポイント管理術!経費支払いで迷わない考え方,sidejob,popular_articles
kakuyasu-sim-norikae-poikatsu,格安SIM乗り換えでポイ活する方法!通信費を下げながら得する流れ,campaign,1,1_own_outbound_link,pointsite-kyakka-genin,ポイントサイトで却下される原因は?承認条件の読み方を初心者向けに解説,pointsite,popular_articles
kakuyasu-sim-norikae-poikatsu,格安SIM乗り換えでポイ活する方法!通信費を下げながら得する流れ,campaign,2,1_own_outbound_link,keiyu-wasure-boushi,ポイントサイト経由忘れを防ぐ方法!買い物前チェックを習慣化するコツ,pointsite,popular_articles
kakuyasu-sim-norikae-poikatsu,格安SIM乗り換えでポイ活する方法!通信費を下げながら得する流れ,campaign,3,1_own_outbound_link,keitai-ryokin-setsuyaku,携帯料金をポイ活で節約する方法!ポイント払いとキャンペーンの活用,shopping,popular_articles
kakuyasu-sim-norikae-poikatsu,格安SIM乗り換えでポイ活する方法!通信費を下げながら得する流れ,campaign,4,1_own_outbound_link,keitai-ryokin-point,携帯料金でポイント還元!ドコモ・ソフトバンク・au・楽天モバイル別お得な貯め方ガイド,creditcard,popular_articles
kakuyasu-sim-norikae-poikatsu,格安SIM乗り換えでポイ活する方法!通信費を下げながら得する流れ,campaign,5,1_own_outbound_link,koteihi-sukunai-poikatsu,固定費が少ない人のポイ活術!少額支出でも効率よく貯める方法,pointsite,popular_articles
kakuyasu-sim-norikae-poikatsu,格安SIM乗り換えでポイ活する方法!通信費を下げながら得する流れ,campaign,6,1_own_outbound_link,ahamo-toha,ahamoとは?月額料金とdポイントの貯め方をわかりやすく解説,seikatsu,popular_articles
kakuyasu-sim-norikae-poikatsu,格安SIM乗り換えでポイ活する方法!通信費を下げながら得する流れ,campaign,7,1_own_outbound_link,rakuten-mobile-poikatsu,楽天モバイルとは?データ使い放題と楽天ポイント最大+4倍を解説,seikatsu,popular_articles
kakuyasu-sim-norikae-poikatsu,格安SIM乗り換えでポイ活する方法!通信費を下げながら得する流れ,campaign,8,3_tag_match,jalan-net-poikatsu,じゃらんnetとは?宿・ホテル予約でポイントが貯まる仕組みを解説,campaign,popular_articles
kakuyasu-sim-norikae-poikatsu,格安SIM乗り換えでポイ活する方法!通信費を下げながら得する流れ,campaign,9,3_tag_match,jalan-tsukaikata,じゃらんでポイ活する方法!宿泊・遊び体験予約でポイントを貯めるコツ,campaign,popular_articles
kakuyasu-sim-norikae-poikatsu,格安SIM乗り換えでポイ活する方法!通信費を下げながら得する流れ,campaign,10,3_tag_match,paypay-campaign-katsuyo,PayPayでポイントを効率よく貯める方法!キャンペーン活用の基本,campaign,popular_articles
kasoshisan-kouza-anken-poikatsu,暗号資産口座案件でポイ活する時の注意点!口座開設前に見るべき条件,kouza,1,4_same_thumb_type,point-tamaru-ginkou-hikaku,ポイントが貯まる銀行を比較!d・楽天・V・Ponta・PayPay系の選び方,kouza,popular_articles
kasoshisan-kouza-anken-poikatsu,暗号資産口座案件でポイ活する時の注意点!口座開設前に見るべき条件,kouza,2,5_category_hub,docomo-ginkou-dpoint-poikatsu,ドコモの銀行でdポイントを貯める方法|dアカウント連携・還元条件,kouza,popular_articles
kasoshisan-kouza-anken-poikatsu,暗号資産口座案件でポイ活する時の注意点!口座開設前に見るべき条件,kouza,3,6_same_category,dmm-kabu-poikatsu,DMM株とは?少額投資・低手数料が魅力の株式投資アプリを解説,kouza,popular_articles
kasoshisan-kouza-anken-poikatsu,暗号資産口座案件でポイ活する時の注意点!口座開設前に見るべき条件,kouza,4,6_same_category,matsui-shouken-ideco-poikatsu,松井証券のiDeCoとは?手数料0円・低コスト商品の特徴を解説,kouza,popular_articles
kasoshisan-kouza-anken-poikatsu,暗号資産口座案件でポイ活する時の注意点!口座開設前に見るべき条件,kouza,5,6_same_category,monex-shouken-toha,マネックス証券とは?特徴とポイントの貯め方をわかりやすく解説,kouza,popular_articles
kasoshisan-kouza-anken-poikatsu,暗号資産口座案件でポイ活する時の注意点!口座開設前に見るべき条件,kouza,6,6_same_category,net-ginkou-poikatsu,ネット銀行を使ったポイ活術!振込・ATM・残高条件の見方,kouza,popular_articles
kasoshisan-kouza-anken-poikatsu,暗号資産口座案件でポイ活する時の注意点!口座開設前に見るべき条件,kouza,7,6_same_category,paypaysec-shouken-toha,PayPay証券とは?特徴とポイントの貯め方をわかりやすく解説,kouza,popular_articles
kasoshisan-kouza-anken-poikatsu,暗号資産口座案件でポイ活する時の注意点!口座開設前に見るべき条件,kouza,8,6_same_category,rakuten-ginkou-happy-program,楽天銀行ハッピープログラムの基本!銀行取引で楽天ポイントを貯める方法,kouza,popular_articles
kasoshisan-kouza-anken-poikatsu,暗号資産口座案件でポイ活する時の注意点!口座開設前に見るべき条件,kouza,9,6_same_category,rakuten-shouken-toha,楽天証券とは?特徴とポイントの貯め方をわかりやすく解説,kouza,popular_articles
kasoshisan-kouza-anken-poikatsu,暗号資産口座案件でポイ活する時の注意点!口座開設前に見るべき条件,kouza,10,6_same_category,sbisec-shouken-toha,SBI証券とは?特徴とポイントの貯め方をわかりやすく解説,kouza,popular_articles
kazoku-account-poikatsu-chuui,家族アカウントでポイ活する時の注意点!規約確認とトラブル防止,pointsite,1,4_same_thumb_type,chihou-zaijuu-poikatsu,地方在住者のポイ活術!使える店舗が少ない時のポイント活用法,pointsite,popular_articles
kazoku-account-poikatsu-chuui,家族アカウントでポイ活する時の注意点!規約確認とトラブル防止,pointsite,2,4_same_thumb_type,hoken-soudan-anken-poikatsu,保険相談案件のポイ活とは?面談前に知っておきたいメリットと注意点,pointsite,popular_articles
kazoku-account-poikatsu-chuui,家族アカウントでポイ活する時の注意点!規約確認とトラブル防止,pointsite,3,4_same_thumb_type,kaigai-zaijuu-point-kanri,海外在住者が日本のポイントを管理する方法!帰国時に使う前提の考え方,pointsite,popular_articles
kazoku-account-poikatsu-chuui,家族アカウントでポイ活する時の注意点!規約確認とトラブル防止,pointsite,4,4_same_thumb_type,keiyu-wasure-boushi,ポイントサイト経由忘れを防ぐ方法!買い物前チェックを習慣化するコツ,pointsite,popular_articles
kazoku-account-poikatsu-chuui,家族アカウントでポイ活する時の注意点!規約確認とトラブル防止,pointsite,5,4_same_thumb_type,poikatsu-demerit,ポイ活のデメリットとは?時間・個人情報・無駄買いのリスクを解説,pointsite,popular_articles
kazoku-account-poikatsu-chuui,家族アカウントでポイ活する時の注意点!規約確認とトラブル防止,pointsite,6,4_same_thumb_type,poikatsu-kojinjouhou-mamoru,ポイ活で個人情報を守る方法!登録前に確認したい安全チェック,pointsite,popular_articles
kazoku-account-poikatsu-chuui,家族アカウントでポイ活する時の注意点!規約確認とトラブル防止,pointsite,7,4_same_thumb_type,poikatsu-kuchikomi-shinyou,ポイ活の口コミは信用できる?体験談を見る時のチェックポイント,pointsite,popular_articles
kazoku-account-poikatsu-chuui,家族アカウントでポイ活する時の注意点!規約確認とトラブル防止,pointsite,8,4_same_thumb_type,poikatsu-muki-fumuki,ポイ活で節約できる人・できない人の違い!向き不向きを解説,pointsite,popular_articles
kazoku-account-poikatsu-chuui,家族アカウントでポイ活する時の注意点!規約確認とトラブル防止,pointsite,9,4_same_thumb_type,poikatsu-yattehaikenai-koto,ポイ活でやってはいけないこと!規約違反・不正利用・危険な案件に注意,pointsite,popular_articles
kazoku-account-poikatsu-chuui,家族アカウントでポイ活する時の注意点!規約確認とトラブル防止,pointsite,10,4_same_thumb_type,pointsite-kougaku-anken,ポイントサイトの高額案件を見る前に!口座開設・カード案件の注意点,pointsite,popular_articles
kazoku-card-matomeru,家族カードでポイントをまとめる方法!家計管理と使いすぎ防止のコツ,creditcard,1,5_category_hub,rakuten-card-poikatsu,楽天カードはポイ活に向いている?メリットと注意点を初心者向けに解説,creditcard,popular_articles
kazoku-card-matomeru,家族カードでポイントをまとめる方法!家計管理と使いすぎ防止のコツ,creditcard,2,5_category_hub,dcard-poikatsu,dカードはポイ活におすすめ?dポイントを貯めやすい人の特徴,creditcard,popular_articles
kazoku-card-matomeru,家族カードでポイントをまとめる方法!家計管理と使いすぎ防止のコツ,creditcard,3,6_same_category,mitsui-sumitomo-card-vpoint,三井住友カードでVポイントを貯める方法!対象店舗とタッチ決済の基本,creditcard,popular_articles
kazoku-card-matomeru,家族カードでポイントをまとめる方法!家計管理と使いすぎ防止のコツ,creditcard,4,6_same_category,credit-card-mile-hikaku,マイルが貯まるクレジットカード比較|ANA・JALの還元と移行条件,creditcard,popular_articles
kazoku-card-matomeru,家族カードでポイントをまとめる方法!家計管理と使いすぎ防止のコツ,creditcard,5,6_same_category,ana-amex-poikatsu,ANAアメックスが大幅刷新!ゴールド・プレミアムの新特典とマイル還元まとめ,creditcard,popular_articles
kazoku-card-matomeru,家族カードでポイントをまとめる方法!家計管理と使いすぎ防止のコツ,creditcard,6,6_same_category,credit-card-common-point-hikaku,共通ポイント別クレジットカード比較|d・楽天・Ponta・Vポイントで選ぶ,creditcard,popular_articles
kazoku-card-matomeru,家族カードでポイントをまとめる方法!家計管理と使いすぎ防止のコツ,creditcard,7,6_same_category,credit-card-point-hikaku,クレジットカードのポイントを徹底比較|還元率・年会費・使い道で選ぶ,creditcard,popular_articles
kazoku-card-matomeru,家族カードでポイントをまとめる方法!家計管理と使いすぎ防止のコツ,creditcard,8,6_same_category,creditcard-tsukurisugi-chuui,クレジットカードを作りすぎると危険?ポイ活で注意したい信用情報の基本,creditcard,popular_articles
kazoku-card-matomeru,家族カードでポイントをまとめる方法!家計管理と使いすぎ防止のコツ,creditcard,9,6_same_category,kuukou-lounge-poikatsu,空港ラウンジ特典はポイ活に役立つ?カード特典の見極め方,creditcard,popular_articles
kazoku-card-matomeru,家族カードでポイントをまとめる方法!家計管理と使いすぎ防止のコツ,creditcard,10,6_same_category,ana-amex-campaign-2026,"【期間限定】ANAアメックス新規入会キャンペーン特集|最大242,000マイル",creditcard,popular_articles
kazoku-poikatsu,家族でポイ活する方法!ポイントをまとめて効率よく貯めるコツ,pointsite,1,5_category_hub,yosekatsu,ポイ活の新常識!ポイントを分散せず効率よく貯める「寄せ活」の始め方,pointsite,popular_articles
kazoku-poikatsu,家族でポイ活する方法!ポイントをまとめて効率よく貯めるコツ,pointsite,2,5_category_hub,poikatsu-kiso,ポイ活とは?初心者が最初に知っておきたい仕組みと始め方,pointsite,popular_articles
kazoku-poikatsu,家族でポイ活する方法!ポイントをまとめて効率よく貯めるコツ,pointsite,3,6_same_category,hapitas-poikatsu,ハピタスとは?ポイント還元率・交換方法・登録方法をわかりやすく解説,pointsite,popular_articles
kazoku-poikatsu,家族でポイ活する方法!ポイントをまとめて効率よく貯めるコツ,pointsite,4,6_same_category,keiyu-wasure-boushi,ポイントサイト経由忘れを防ぐ方法!買い物前チェックを習慣化するコツ,pointsite,popular_articles
kazoku-poikatsu,家族でポイ活する方法!ポイントをまとめて効率よく貯めるコツ,pointsite,5,6_same_category,moppy-hajimekata,モッピーでポイ活を始める方法!高還元案件を見る前の確認ポイント,pointsite,popular_articles
kazoku-poikatsu,家族でポイ活する方法!ポイントをまとめて効率よく貯めるコツ,pointsite,6,6_same_category,pointsite-kyakka-genin,ポイントサイトで却下される原因は?承認条件の読み方を初心者向けに解説,pointsite,popular_articles
kazoku-poikatsu,家族でポイ活する方法!ポイントをまとめて効率よく貯めるコツ,pointsite,7,6_same_category,chobirich-poikatsu,ちょびリッチとは?評判・特徴からポイントの貯め方まで徹底解説,pointsite,popular_articles
kazoku-poikatsu,家族でポイ活する方法!ポイントをまとめて効率よく貯めるコツ,pointsite,8,6_same_category,ecnavi-poikatsu,ECナビとは?多彩な方法でポイントが貯まるポイントサイトの特徴を解説,pointsite,popular_articles
kazoku-poikatsu,家族でポイ活する方法!ポイントをまとめて効率よく貯めるコツ,pointsite,9,6_same_category,koteihi-sukunai-poikatsu,固定費が少ない人のポイ活術!少額支出でも効率よく貯める方法,pointsite,popular_articles
kazoku-poikatsu,家族でポイ活する方法!ポイントをまとめて効率よく貯めるコツ,pointsite,10,6_same_category,nifty-point-club-poikatsu,ニフティポイントクラブの活用術!ネット利用者向けのポイ活基本,pointsite,popular_articles
keihiseisan-point-dareno,経費精算でポイントは誰のもの?会社員が確認したいルールとマナー,sidejob,1,4_same_thumb_type,kakuteishinkoku-point-seiri,確定申告前に整理したいポイント利用履歴!家計と事業を分ける方法,sidejob,popular_articles
keihiseisan-point-dareno,経費精算でポイントは誰のもの?会社員が確認したいルールとマナー,sidejob,2,5_category_hub,fukugyou,ポイ活は副業になる?収入目的で始める前に知るべきメリットと限界,sidejob,popular_articles
keihiseisan-point-dareno,経費精算でポイントは誰のもの?会社員が確認したいルールとマナー,sidejob,3,6_same_category,kojinjigyounushi-point-kanri,個人事業主向けポイント管理術!経費支払いで迷わない考え方,sidejob,popular_articles
keio-net-shopping-toha,京王ネットショッピングとは?特徴とポイントの貯め方をわかりやすく解説,shopping,1,2_inbound_link,hyakkaten-depart-poikatsu,百貨店のポイントを比較!高島屋・三越伊勢丹・大丸松坂屋など,shopping,popular_articles
keio-net-shopping-toha,京王ネットショッピングとは?特徴とポイントの貯め方をわかりやすく解説,shopping,2,4_same_thumb_type,amazon-tsuhan-toha,Amazonとは?特徴とポイントの貯め方をわかりやすく解説,shopping,popular_articles
keio-net-shopping-toha,京王ネットショッピングとは?特徴とポイントの貯め方をわかりやすく解説,shopping,3,4_same_thumb_type,aupay-market-toha,au PAY マーケットとは?特徴とポイントの貯め方をわかりやすく解説,shopping,popular_articles
keio-net-shopping-toha,京王ネットショッピングとは?特徴とポイントの貯め方をわかりやすく解説,shopping,4,4_same_thumb_type,biccamera-toha,ビックカメラ.comとは?特徴とポイントの貯め方をわかりやすく解説,shopping,popular_articles
keio-net-shopping-toha,京王ネットショッピングとは?特徴とポイントの貯め方をわかりやすく解説,shopping,5,4_same_thumb_type,charge-route-point,チャージルートでポイントを増やす考え方!複雑にしすぎない決済設計,shopping,popular_articles
keio-net-shopping-toha,京王ネットショッピングとは?特徴とポイントの貯め方をわかりやすく解説,shopping,6,4_same_thumb_type,daimaru-matsuzakaya-toha,大丸松坂屋オンラインストアとは?特徴とポイントの貯め方をわかりやすく解説,shopping,popular_articles
keio-net-shopping-toha,京王ネットショッピングとは?特徴とポイントの貯め方をわかりやすく解説,shopping,7,4_same_thumb_type,docomo-select-toha,docomo selectとは?スマホアクセサリー購入とdポイントを解説,shopping,popular_articles
keio-net-shopping-toha,京王ネットショッピングとは?特徴とポイントの貯め方をわかりやすく解説,shopping,8,4_same_thumb_type,dpoint-tsukaimichi,dポイントのおすすめの使い道!コンビニ・ドラッグストア・ネットで使う方法,shopping,popular_articles
keio-net-shopping-toha,京王ネットショッピングとは?特徴とポイントの貯め方をわかりやすく解説,shopping,9,4_same_thumb_type,dshopping-toha,dショッピングとは?特徴とポイントの貯め方をわかりやすく解説,shopping,popular_articles
keio-net-shopping-toha,京王ネットショッピングとは?特徴とポイントの貯め方をわかりやすく解説,shopping,10,4_same_thumb_type,ec-current-poikatsu,ECカレントとは?家電通販の特徴とポイント制度を解説,shopping,popular_articles
keitai-ryokin-point,携帯料金でポイント還元!ドコモ・ソフトバンク・au・楽天モバイル別お得な貯め方ガイド,creditcard,1,2_inbound_link,kakuyasu-sim-norikae-poikatsu,格安SIM乗り換えでポイ活する方法!通信費を下げながら得する流れ,campaign,popular_articles
keitai-ryokin-point,携帯料金でポイント還元!ドコモ・ソフトバンク・au・楽天モバイル別お得な貯め方ガイド,creditcard,2,3_tag_match,credit-card-common-point-hikaku,共通ポイント別クレジットカード比較|d・楽天・Ponta・Vポイントで選ぶ,creditcard,popular_articles
keitai-ryokin-point,携帯料金でポイント還元!ドコモ・ソフトバンク・au・楽天モバイル別お得な貯め方ガイド,creditcard,3,3_tag_match,credit-card-point-hikaku,クレジットカードのポイントを徹底比較|還元率・年会費・使い道で選ぶ,creditcard,popular_articles
keitai-ryokin-point,携帯料金でポイント還元!ドコモ・ソフトバンク・au・楽天モバイル別お得な貯め方ガイド,creditcard,4,3_tag_match,dcard-poikatsu,dカードはポイ活におすすめ?dポイントを貯めやすい人の特徴,creditcard,popular_articles
keitai-ryokin-point,携帯料金でポイント還元!ドコモ・ソフトバンク・au・楽天モバイル別お得な貯め方ガイド,creditcard,5,3_tag_match,rakuten-card-poikatsu,楽天カードはポイ活に向いている?メリットと注意点を初心者向けに解説,creditcard,popular_articles
keitai-ryokin-point,携帯料金でポイント還元!ドコモ・ソフトバンク・au・楽天モバイル別お得な貯め方ガイド,creditcard,6,6_same_category,mitsui-sumitomo-card-vpoint,三井住友カードでVポイントを貯める方法!対象店舗とタッチ決済の基本,creditcard,popular_articles
keitai-ryokin-point,携帯料金でポイント還元!ドコモ・ソフトバンク・au・楽天モバイル別お得な貯め方ガイド,creditcard,7,6_same_category,credit-card-mile-hikaku,マイルが貯まるクレジットカード比較|ANA・JALの還元と移行条件,creditcard,popular_articles
keitai-ryokin-point,携帯料金でポイント還元!ドコモ・ソフトバンク・au・楽天モバイル別お得な貯め方ガイド,creditcard,8,6_same_category,ana-amex-poikatsu,ANAアメックスが大幅刷新!ゴールド・プレミアムの新特典とマイル還元まとめ,creditcard,popular_articles
keitai-ryokin-point,携帯料金でポイント還元!ドコモ・ソフトバンク・au・楽天モバイル別お得な貯め方ガイド,creditcard,9,6_same_category,creditcard-tsukurisugi-chuui,クレジットカードを作りすぎると危険?ポイ活で注意したい信用情報の基本,creditcard,popular_articles
keitai-ryokin-point,携帯料金でポイント還元!ドコモ・ソフトバンク・au・楽天モバイル別お得な貯め方ガイド,creditcard,10,6_same_category,kuukou-lounge-poikatsu,空港ラウンジ特典はポイ活に役立つ?カード特典の見極め方,creditcard,popular_articles
keitai-ryokin-setsuyaku,携帯料金をポイ活で節約する方法!ポイント払いとキャンペーンの活用,shopping,1,2_inbound_link,kakuyasu-sim-norikae-poikatsu,格安SIM乗り換えでポイ活する方法!通信費を下げながら得する流れ,campaign,popular_articles
keitai-ryokin-setsuyaku,携帯料金をポイ活で節約する方法!ポイント払いとキャンペーンの活用,shopping,2,3_tag_match,code-kessai-4sha-hikaku,コード決済4社を徹底比較|PayPay・d払い・楽天ペイ・au PAY,shopping,popular_articles
keitai-ryokin-setsuyaku,携帯料金をポイ活で節約する方法!ポイント払いとキャンペーンの活用,shopping,3,3_tag_match,d-point-supermarket,dポイントが貯まるスーパー一覧|使える店舗・地域スーパーも比較,shopping,popular_articles
keitai-ryokin-setsuyaku,携帯料金をポイ活で節約する方法!ポイント払いとキャンペーンの活用,shopping,4,3_tag_match,docomo-ahamo-dpoint,ドコモ・ahamoユーザーはdポイントにまとめるべき?相性の良いサービスを解説,shopping,popular_articles
keitai-ryokin-setsuyaku,携帯料金をポイ活で節約する方法!ポイント払いとキャンペーンの活用,shopping,5,3_tag_match,docomo-select-toha,docomo selectとは?スマホアクセサリー購入とdポイントを解説,shopping,popular_articles
keitai-ryokin-setsuyaku,携帯料金をポイ活で節約する方法!ポイント払いとキャンペーンの活用,shopping,6,3_tag_match,doramori-point,ドラッグストアモリのポイントを解説|ポイントデー・使い方・キャッシュレス時の条件,shopping,popular_articles
keitai-ryokin-setsuyaku,携帯料金をポイ活で節約する方法!ポイント払いとキャンペーンの活用,shopping,7,3_tag_match,dpoint-d-harai,d払いでdポイントを貯める方法!日常決済で活用するコツ,shopping,popular_articles
keitai-ryokin-setsuyaku,携帯料金をポイ活で節約する方法!ポイント払いとキャンペーンの活用,shopping,8,3_tag_match,dpoint-hanei-sarenai,dポイントが反映されない原因は?dポイントマーケットの確認方法も解説,shopping,popular_articles
keitai-ryokin-setsuyaku,携帯料金をポイ活で節約する方法!ポイント払いとキャンペーンの活用,shopping,9,3_tag_match,dpoint-kiso,dポイントの貯め方を初心者向けに解説!ドコモ以外の人でも使える?,shopping,popular_articles
keitai-ryokin-setsuyaku,携帯料金をポイ活で節約する方法!ポイント払いとキャンペーンの活用,shopping,10,3_tag_match,dpoint-ponta-hikaku,dポイントとPontaはどっちが得?貯め方・使える店・有効期限を比較,shopping,popular_articles
keiyu-wasure-boushi,ポイントサイト経由忘れを防ぐ方法!買い物前チェックを習慣化するコツ,pointsite,1,2_inbound_link,kakuyasu-sim-norikae-poikatsu,格安SIM乗り換えでポイ活する方法!通信費を下げながら得する流れ,campaign,popular_articles
keiyu-wasure-boushi,ポイントサイト経由忘れを防ぐ方法!買い物前チェックを習慣化するコツ,pointsite,2,2_inbound_link,pointsite-kyakka-genin,ポイントサイトで却下される原因は?承認条件の読み方を初心者向けに解説,pointsite,popular_articles
keiyu-wasure-boushi,ポイントサイト経由忘れを防ぐ方法!買い物前チェックを習慣化するコツ,pointsite,3,4_same_thumb_type,chihou-zaijuu-poikatsu,地方在住者のポイ活術!使える店舗が少ない時のポイント活用法,pointsite,popular_articles
keiyu-wasure-boushi,ポイントサイト経由忘れを防ぐ方法!買い物前チェックを習慣化するコツ,pointsite,4,4_same_thumb_type,hoken-soudan-anken-poikatsu,保険相談案件のポイ活とは?面談前に知っておきたいメリットと注意点,pointsite,popular_articles
keiyu-wasure-boushi,ポイントサイト経由忘れを防ぐ方法!買い物前チェックを習慣化するコツ,pointsite,5,4_same_thumb_type,kaigai-zaijuu-point-kanri,海外在住者が日本のポイントを管理する方法!帰国時に使う前提の考え方,pointsite,popular_articles
keiyu-wasure-boushi,ポイントサイト経由忘れを防ぐ方法!買い物前チェックを習慣化するコツ,pointsite,6,4_same_thumb_type,kazoku-account-poikatsu-chuui,家族アカウントでポイ活する時の注意点!規約確認とトラブル防止,pointsite,popular_articles
keiyu-wasure-boushi,ポイントサイト経由忘れを防ぐ方法!買い物前チェックを習慣化するコツ,pointsite,7,4_same_thumb_type,poikatsu-demerit,ポイ活のデメリットとは?時間・個人情報・無駄買いのリスクを解説,pointsite,popular_articles
keiyu-wasure-boushi,ポイントサイト経由忘れを防ぐ方法!買い物前チェックを習慣化するコツ,pointsite,8,4_same_thumb_type,poikatsu-kojinjouhou-mamoru,ポイ活で個人情報を守る方法!登録前に確認したい安全チェック,pointsite,popular_articles
keiyu-wasure-boushi,ポイントサイト経由忘れを防ぐ方法!買い物前チェックを習慣化するコツ,pointsite,9,4_same_thumb_type,poikatsu-kuchikomi-shinyou,ポイ活の口コミは信用できる?体験談を見る時のチェックポイント,pointsite,popular_articles
keiyu-wasure-boushi,ポイントサイト経由忘れを防ぐ方法!買い物前チェックを習慣化するコツ,pointsite,10,4_same_thumb_type,poikatsu-muki-fumuki,ポイ活で節約できる人・できない人の違い!向き不向きを解説,pointsite,popular_articles
kessan-sale-poikatsu,決算セールでポイ活する方法!家電・日用品をお得に買う判断基準,campaign,1,4_same_thumb_type,bonus-tsuki-poikatsu-keikaku,ボーナス月のポイ活計画!大きな買い物で損しない予算管理,campaign,popular_articles
kessan-sale-poikatsu,決算セールでポイ活する方法!家電・日用品をお得に買う判断基準,campaign,2,4_same_thumb_type,fukubukuro-hatsuuri-poikatsu,福袋・初売りでポイ活する方法!お得に見えて損しない選び方,campaign,popular_articles
kessan-sale-poikatsu,決算セールでポイ活する方法!家電・日用品をお得に買う判断基準,campaign,3,4_same_thumb_type,fuyujitaku-poikatsu,冬支度のポイ活術!暖房家電・防寒用品をお得に準備する方法,campaign,popular_articles
kessan-sale-poikatsu,決算セールでポイ活する方法!家電・日用品をお得に買う判断基準,campaign,4,4_same_thumb_type,ikkyu-poikatsu,一休.comでお得に予約する考え方!高級宿・レストラン利用時のポイント,campaign,popular_articles
kessan-sale-poikatsu,決算セールでポイ活する方法!家電・日用品をお得に買う判断基準,campaign,5,4_same_thumb_type,jcb-airmacau-campaign-2026,JCB×マカオ航空キャンペーン!日本発マカオ行き航空券が8%OFF【2026年9〜10月】,campaign,popular_articles
kessan-sale-poikatsu,決算セールでポイ活する方法!家電・日用品をお得に買う判断基準,campaign,6,4_same_thumb_type,kakuyasu-sim-norikae-poikatsu,格安SIM乗り換えでポイ活する方法!通信費を下げながら得する流れ,campaign,popular_articles
kessan-sale-poikatsu,決算セールでポイ活する方法!家電・日用品をお得に買う判断基準,campaign,7,4_same_thumb_type,natsuyasumi-poikatsu-junbi,夏休み前のポイ活準備!旅行・レジャー・日用品を計画的に買う方法,campaign,popular_articles
kessan-sale-poikatsu,決算セールでポイ活する方法!家電・日用品をお得に買う判断基準,campaign,8,4_same_thumb_type,nenmatsunenshi-poikatsu,年末年始のポイ活術!帰省・おせち・初売りで使える節約ポイント,campaign,popular_articles
kessan-sale-poikatsu,決算セールでポイ活する方法!家電・日用品をお得に買う判断基準,campaign,9,4_same_thumb_type,paypay-campaign-katsuyo,PayPayでポイントを効率よく貯める方法!キャンペーン活用の基本,campaign,popular_articles
kessan-sale-poikatsu,決算セールでポイ活する方法!家電・日用品をお得に買う判断基準,campaign,10,4_same_thumb_type,paypay-jichitai-campaign-2026,【2026年10月〜】PayPay自治体キャンペーンまとめ!都城市・宮古島市の還元率・上限を解説,campaign,popular_articles
kikangentei-point-5shu-hikaku,期間限定ポイント5種を比較!失効前に使い切る方法,shopping,1,1_own_outbound_link,point-yuukoukigen-kanri,ポイントの有効期限を管理する方法!失効を防ぐチェック習慣,shopping,popular_articles
kikangentei-point-5shu-hikaku,期間限定ポイント5種を比較!失効前に使い切る方法,shopping,2,1_own_outbound_link,kikangentei-point-tsukaimichi,期間限定ポイントのおすすめ使い道|失効前にすぐ使える交換先ガイド,shopping,popular_articles
kikangentei-point-5shu-hikaku,期間限定ポイント5種を比較!失効前に使い切る方法,shopping,3,2_inbound_link,dpoint-ponta-hikaku,dポイントとPontaはどっちが得?貯め方・使える店・有効期限を比較,shopping,popular_articles
kikangentei-point-5shu-hikaku,期間限定ポイント5種を比較!失効前に使い切る方法,shopping,4,2_inbound_link,jisshitsu-kakaku-keisan,実質価格とは?計算方法・ポイント還元と値引きの違いを具体例で解説,shopping,popular_articles
kikangentei-point-5shu-hikaku,期間限定ポイント5種を比較!失効前に使い切る方法,shopping,5,2_inbound_link,tsukihatsu-tsukimatsu-poikatsu-routine,月初・月末のポイ活ルーティン|ポイント失効・キャンペーンを10分で確認,pointsite,popular_articles
kikangentei-point-5shu-hikaku,期間限定ポイント5種を比較!失効前に使い切る方法,shopping,6,3_tag_match,au-uq-ponta,au・UQユーザーはPontaポイントにまとめるべき?相性の良いサービスを解説,shopping,popular_articles
kikangentei-point-5shu-hikaku,期間限定ポイント5種を比較!失効前に使い切る方法,shopping,7,3_tag_match,aupay-market-poikatsu,au PAYマーケットでポイントを活用する方法!買い物前の確認ポイント,shopping,popular_articles
kikangentei-point-5shu-hikaku,期間限定ポイント5種を比較!失効前に使い切る方法,shopping,8,3_tag_match,aupay-market-toha,au PAY マーケットとは?特徴とポイントの貯め方をわかりやすく解説,shopping,popular_articles
kikangentei-point-5shu-hikaku,期間限定ポイント5種を比較!失効前に使い切る方法,shopping,9,3_tag_match,aupay-ponta,au PAYでPontaポイントを貯める方法!スマホ決済との組み合わせを解説,shopping,popular_articles
kikangentei-point-5shu-hikaku,期間限定ポイント5種を比較!失効前に使い切る方法,shopping,10,3_tag_match,code-kessai-4sha-hikaku,コード決済4社を徹底比較|PayPay・d払い・楽天ペイ・au PAY,shopping,popular_articles
kikangentei-point-tsukaimichi,期間限定ポイントのおすすめ使い道|失効前にすぐ使える交換先ガイド,shopping,1,1_own_outbound_link,kikangentei-point-5shu-hikaku,期間限定ポイント5種を比較!失効前に使い切る方法,shopping,popular_articles
kikangentei-point-tsukaimichi,期間限定ポイントのおすすめ使い道|失効前にすぐ使える交換先ガイド,shopping,2,1_own_outbound_link,point-tsukaimichi,ポイ活で貯めたポイントの使い道は?節約につながる使い方を解説,shopping,popular_articles
kikangentei-point-tsukaimichi,期間限定ポイントのおすすめ使い道|失効前にすぐ使える交換先ガイド,shopping,3,1_own_outbound_link,point-yuukoukigen-kanri,ポイントの有効期限を管理する方法!失効を防ぐチェック習慣,shopping,popular_articles
kikangentei-point-tsukaimichi,期間限定ポイントのおすすめ使い道|失効前にすぐ使える交換先ガイド,shopping,4,3_tag_match,au-uq-ponta,au・UQユーザーはPontaポイントにまとめるべき?相性の良いサービスを解説,shopping,popular_articles
kikangentei-point-tsukaimichi,期間限定ポイントのおすすめ使い道|失効前にすぐ使える交換先ガイド,shopping,5,3_tag_match,aupay-market-poikatsu,au PAYマーケットでポイントを活用する方法!買い物前の確認ポイント,shopping,popular_articles
kikangentei-point-tsukaimichi,期間限定ポイントのおすすめ使い道|失効前にすぐ使える交換先ガイド,shopping,6,3_tag_match,aupay-market-toha,au PAY マーケットとは?特徴とポイントの貯め方をわかりやすく解説,shopping,popular_articles
kikangentei-point-tsukaimichi,期間限定ポイントのおすすめ使い道|失効前にすぐ使える交換先ガイド,shopping,7,3_tag_match,aupay-ponta,au PAYでPontaポイントを貯める方法!スマホ決済との組み合わせを解説,shopping,popular_articles
kikangentei-point-tsukaimichi,期間限定ポイントのおすすめ使い道|失効前にすぐ使える交換先ガイド,shopping,8,3_tag_match,code-kessai-4sha-hikaku,コード決済4社を徹底比較|PayPay・d払い・楽天ペイ・au PAY,shopping,popular_articles
kikangentei-point-tsukaimichi,期間限定ポイントのおすすめ使い道|失効前にすぐ使える交換先ガイド,shopping,9,3_tag_match,d-point-supermarket,dポイントが貯まるスーパー一覧|使える店舗・地域スーパーも比較,shopping,popular_articles
kikangentei-point-tsukaimichi,期間限定ポイントのおすすめ使い道|失効前にすぐ使える交換先ガイド,shopping,10,3_tag_match,docomo-ahamo-dpoint,ドコモ・ahamoユーザーはdポイントにまとめるべき?相性の良いサービスを解説,shopping,popular_articles
kojinjigyounushi-point-kanri,個人事業主向けポイント管理術!経費支払いで迷わない考え方,sidejob,1,5_category_hub,fukugyou,ポイ活は副業になる?収入目的で始める前に知るべきメリットと限界,sidejob,popular_articles
kojinjigyounushi-point-kanri,個人事業主向けポイント管理術!経費支払いで迷わない考え方,sidejob,2,5_category_hub,kakuteishinkoku-point-seiri,確定申告前に整理したいポイント利用履歴!家計と事業を分ける方法,sidejob,popular_articles
kojinjigyounushi-point-kanri,個人事業主向けポイント管理術!経費支払いで迷わない考え方,sidejob,3,6_same_category,keihiseisan-point-dareno,経費精算でポイントは誰のもの?会社員が確認したいルールとマナー,sidejob,popular_articles
konbini-poikatsu-hikaku,コンビニでポイ活する方法!主要チェーンで貯まるポイントを比較,shopping,1,4_same_thumb_type,ana-jal-mile-hikaku,ANAマイルとJALマイルはどっち?貯めやすさ・使いやすさを比較,shopping,popular_articles
konbini-poikatsu-hikaku,コンビニでポイ活する方法!主要チェーンで貯まるポイントを比較,shopping,2,4_same_thumb_type,ana-mile-tameru-kachi,ANAマイルを貯めるべき人・貯めない方がいい人を解説,shopping,popular_articles
konbini-poikatsu-hikaku,コンビニでポイ活する方法!主要チェーンで貯まるポイントを比較,shopping,3,4_same_thumb_type,ana-mileageplus-hikaku,ANAマイルとMileagePlusはどっち?同じスターアライアンスで何が違う?,shopping,popular_articles
konbini-poikatsu-hikaku,コンビニでポイ活する方法!主要チェーンで貯まるポイントを比較,shopping,4,4_same_thumb_type,au-uq-ponta,au・UQユーザーはPontaポイントにまとめるべき?相性の良いサービスを解説,shopping,popular_articles
konbini-poikatsu-hikaku,コンビニでポイ活する方法!主要チェーンで貯まるポイントを比較,shopping,5,4_same_thumb_type,carshare-point-katsuyou,カーシェアでポイ活する方法とは?短時間利用の節約ポイントを解説,shopping,popular_articles
konbini-poikatsu-hikaku,コンビニでポイ活する方法!主要チェーンで貯まるポイントを比較,shopping,6,4_same_thumb_type,cleaning-poikatsu,クリーニング代でポイントを貯める方法!宅配と店舗を比較するコツ,shopping,popular_articles
konbini-poikatsu-hikaku,コンビニでポイ活する方法!主要チェーンで貯まるポイントを比較,shopping,7,4_same_thumb_type,code-kessai-4sha-hikaku,コード決済4社を徹底比較|PayPay・d払い・楽天ペイ・au PAY,shopping,popular_articles
konbini-poikatsu-hikaku,コンビニでポイ活する方法!主要チェーンで貯まるポイントを比較,shopping,8,4_same_thumb_type,d-point-supermarket,dポイントが貯まるスーパー一覧|使える店舗・地域スーパーも比較,shopping,popular_articles
konbini-poikatsu-hikaku,コンビニでポイ活する方法!主要チェーンで貯まるポイントを比較,shopping,9,4_same_thumb_type,denryoku-norikae-point,電力会社乗り換えでポイントを貯める方法!料金比較と特典の見方,shopping,popular_articles
konbini-poikatsu-hikaku,コンビニでポイ活する方法!主要チェーンで貯まるポイントを比較,shopping,10,4_same_thumb_type,docomo-ahamo-dpoint,ドコモ・ahamoユーザーはdポイントにまとめるべき?相性の良いサービスを解説,shopping,popular_articles
kosodate-setai-poikatsu,子育て世帯のポイ活術!おむつ・ミルク・学用品をお得に買う方法,pointsite,1,4_same_thumb_type,cashless-fuan-poikatsu,キャッシュレスが不安な人向けポイ活!現金感覚で使うための管理方法,pointsite,popular_articles
kosodate-setai-poikatsu,子育て世帯のポイ活術!おむつ・ミルク・学用品をお得に買う方法,pointsite,2,4_same_thumb_type,gakusei-poikatsu,学生でもできるポイ活!お金をかけずに始める安全な方法,pointsite,popular_articles
kosodate-setai-poikatsu,子育て世帯のポイ活術!おむつ・ミルク・学用品をお得に買う方法,pointsite,3,4_same_thumb_type,hapitas-tsukaikata,ハピタスの使い方を初心者向けに解説!案件選びとポイント交換の基本,pointsite,popular_articles
kosodate-setai-poikatsu,子育て世帯のポイ活術!おむつ・ミルク・学用品をお得に買う方法,pointsite,4,4_same_thumb_type,kaimono-nigate-poikatsu,買い物が苦手な人のポイ活術!比較しすぎずに得するシンプル運用,pointsite,popular_articles
kosodate-setai-poikatsu,子育て世帯のポイ活術!おむつ・ミルク・学用品をお得に買う方法,pointsite,5,4_same_thumb_type,koteihi-sukunai-poikatsu,固定費が少ない人のポイ活術!少額支出でも効率よく貯める方法,pointsite,popular_articles
kosodate-setai-poikatsu,子育て世帯のポイ活術!おむつ・ミルク・学用品をお得に買う方法,pointsite,6,4_same_thumb_type,kurumanashi-seikatsu-poikatsu,車なし生活のポイ活術!交通・ネット通販・日用品で節約する方法,pointsite,popular_articles
kosodate-setai-poikatsu,子育て世帯のポイ活術!おむつ・ミルク・学用品をお得に買う方法,pointsite,7,4_same_thumb_type,minimalist-poikatsu,ミニマリスト向けポイ活!買わない生活でもポイントを活かす方法,pointsite,popular_articles
kosodate-setai-poikatsu,子育て世帯のポイ活術!おむつ・ミルク・学用品をお得に買う方法,pointsite,8,4_same_thumb_type,poikatsu-mail-tsuuchi-seiri,ポイ活メール通知の整理術!必要なキャンペーンだけ見逃さない方法,pointsite,popular_articles
kosodate-setai-poikatsu,子育て世帯のポイ活術!おむつ・ミルク・学用品をお得に買う方法,pointsite,9,4_same_thumb_type,poikatsu-senyou-mail-hitsuyou,ポイ活専用メールアドレスは必要?登録管理をラクにする考え方,pointsite,popular_articles
kosodate-setai-poikatsu,子育て世帯のポイ活術!おむつ・ミルク・学用品をお得に買う方法,pointsite,10,4_same_thumb_type,poikatsu-taikai-mae-kakunin,ポイ活サービスを退会する前に確認すること!ポイント失効を防ぐ手順,pointsite,popular_articles
koteihi-sukunai-poikatsu,固定費が少ない人のポイ活術!少額支出でも効率よく貯める方法,pointsite,1,2_inbound_link,kakuyasu-sim-norikae-poikatsu,格安SIM乗り換えでポイ活する方法!通信費を下げながら得する流れ,campaign,popular_articles
koteihi-sukunai-poikatsu,固定費が少ない人のポイ活術!少額支出でも効率よく貯める方法,pointsite,2,4_same_thumb_type,cashless-fuan-poikatsu,キャッシュレスが不安な人向けポイ活!現金感覚で使うための管理方法,pointsite,popular_articles
koteihi-sukunai-poikatsu,固定費が少ない人のポイ活術!少額支出でも効率よく貯める方法,pointsite,3,4_same_thumb_type,gakusei-poikatsu,学生でもできるポイ活!お金をかけずに始める安全な方法,pointsite,popular_articles
koteihi-sukunai-poikatsu,固定費が少ない人のポイ活術!少額支出でも効率よく貯める方法,pointsite,4,4_same_thumb_type,hapitas-tsukaikata,ハピタスの使い方を初心者向けに解説!案件選びとポイント交換の基本,pointsite,popular_articles
koteihi-sukunai-poikatsu,固定費が少ない人のポイ活術!少額支出でも効率よく貯める方法,pointsite,5,4_same_thumb_type,kaimono-nigate-poikatsu,買い物が苦手な人のポイ活術!比較しすぎずに得するシンプル運用,pointsite,popular_articles
koteihi-sukunai-poikatsu,固定費が少ない人のポイ活術!少額支出でも効率よく貯める方法,pointsite,6,4_same_thumb_type,kosodate-setai-poikatsu,子育て世帯のポイ活術!おむつ・ミルク・学用品をお得に買う方法,pointsite,popular_articles
koteihi-sukunai-poikatsu,固定費が少ない人のポイ活術!少額支出でも効率よく貯める方法,pointsite,7,4_same_thumb_type,kurumanashi-seikatsu-poikatsu,車なし生活のポイ活術!交通・ネット通販・日用品で節約する方法,pointsite,popular_articles
koteihi-sukunai-poikatsu,固定費が少ない人のポイ活術!少額支出でも効率よく貯める方法,pointsite,8,4_same_thumb_type,minimalist-poikatsu,ミニマリスト向けポイ活!買わない生活でもポイントを活かす方法,pointsite,popular_articles
koteihi-sukunai-poikatsu,固定費が少ない人のポイ活術!少額支出でも効率よく貯める方法,pointsite,9,4_same_thumb_type,poikatsu-mail-tsuuchi-seiri,ポイ活メール通知の整理術!必要なキャンペーンだけ見逃さない方法,pointsite,popular_articles
koteihi-sukunai-poikatsu,固定費が少ない人のポイ活術!少額支出でも効率よく貯める方法,pointsite,10,4_same_thumb_type,poikatsu-senyou-mail-hitsuyou,ポイ活専用メールアドレスは必要?登録管理をラクにする考え方,pointsite,popular_articles
koukangen-hi-kaimono-list,高還元日の買い物リスト術!必要な物だけ買うポイ活ルール,shopping,1,4_same_thumb_type,amazon-tsuhan-toha,Amazonとは?特徴とポイントの貯め方をわかりやすく解説,shopping,popular_articles
koukangen-hi-kaimono-list,高還元日の買い物リスト術!必要な物だけ買うポイ活ルール,shopping,2,4_same_thumb_type,aupay-market-toha,au PAY マーケットとは?特徴とポイントの貯め方をわかりやすく解説,shopping,popular_articles
koukangen-hi-kaimono-list,高還元日の買い物リスト術!必要な物だけ買うポイ活ルール,shopping,3,4_same_thumb_type,biccamera-toha,ビックカメラ.comとは?特徴とポイントの貯め方をわかりやすく解説,shopping,popular_articles
koukangen-hi-kaimono-list,高還元日の買い物リスト術!必要な物だけ買うポイ活ルール,shopping,4,4_same_thumb_type,charge-route-point,チャージルートでポイントを増やす考え方!複雑にしすぎない決済設計,shopping,popular_articles
koukangen-hi-kaimono-list,高還元日の買い物リスト術!必要な物だけ買うポイ活ルール,shopping,5,4_same_thumb_type,daimaru-matsuzakaya-toha,大丸松坂屋オンラインストアとは?特徴とポイントの貯め方をわかりやすく解説,shopping,popular_articles
koukangen-hi-kaimono-list,高還元日の買い物リスト術!必要な物だけ買うポイ活ルール,shopping,6,4_same_thumb_type,docomo-select-toha,docomo selectとは?スマホアクセサリー購入とdポイントを解説,shopping,popular_articles
koukangen-hi-kaimono-list,高還元日の買い物リスト術!必要な物だけ買うポイ活ルール,shopping,7,4_same_thumb_type,dpoint-tsukaimichi,dポイントのおすすめの使い道!コンビニ・ドラッグストア・ネットで使う方法,shopping,popular_articles
koukangen-hi-kaimono-list,高還元日の買い物リスト術!必要な物だけ買うポイ活ルール,shopping,8,4_same_thumb_type,dshopping-toha,dショッピングとは?特徴とポイントの貯め方をわかりやすく解説,shopping,popular_articles
koukangen-hi-kaimono-list,高還元日の買い物リスト術!必要な物だけ買うポイ活ルール,shopping,9,4_same_thumb_type,ec-current-poikatsu,ECカレントとは?家電通販の特徴とポイント制度を解説,shopping,popular_articles
koukangen-hi-kaimono-list,高還元日の買い物リスト術!必要な物だけ買うポイ活ルール,shopping,10,4_same_thumb_type,hikkoshi-poikatsu,引っ越しでポイ活する方法!見積もり・家具購入・手続きの確認ポイント,shopping,popular_articles
koukyou-ryokin-poikatsu,電気・ガス・水道でポイントは貯まる?公共料金ポイ活の基本,shopping,1,1_own_outbound_link,docomo-denki-poikatsu,ドコモでんきとは?電気代でdポイントが貯まる仕組みを解説,seikatsu,popular_articles
koukyou-ryokin-poikatsu,電気・ガス・水道でポイントは貯まる?公共料金ポイ活の基本,shopping,2,2_inbound_link,denryoku-norikae-point,電力会社乗り換えでポイントを貯める方法!料金比較と特典の見方,shopping,popular_articles
koukyou-ryokin-poikatsu,電気・ガス・水道でポイントは貯まる?公共料金ポイ活の基本,shopping,3,2_inbound_link,gas-norikae-poikatsu,ガス会社乗り換えでポイ活する方法!セット割とポイントの確認術,shopping,popular_articles
koukyou-ryokin-poikatsu,電気・ガス・水道でポイントは貯まる?公共料金ポイ活の基本,shopping,4,4_same_thumb_type,amazon-gift-charge,Amazonギフト券チャージで損しない考え方!支払い方法と使い切りのコツ,shopping,popular_articles
koukyou-ryokin-poikatsu,電気・ガス・水道でポイントは貯まる?公共料金ポイ活の基本,shopping,5,4_same_thumb_type,amazon-poikatsu,Amazonでポイ活はできる?ポイントを貯める方法と注意点を解説,shopping,popular_articles
koukyou-ryokin-poikatsu,電気・ガス・水道でポイントは貯まる?公共料金ポイ活の基本,shopping,6,4_same_thumb_type,chuushajou-yoyaku-poikatsu,駐車場予約サービスでポイ活する方法!イベント前に確認したい条件,shopping,popular_articles
koukyou-ryokin-poikatsu,電気・ガス・水道でポイントは貯まる?公共料金ポイ活の基本,shopping,7,4_same_thumb_type,dpoint-hanei-sarenai,dポイントが反映されない原因は?dポイントマーケットの確認方法も解説,shopping,popular_articles
koukyou-ryokin-poikatsu,電気・ガス・水道でポイントは貯まる?公共料金ポイ活の基本,shopping,8,4_same_thumb_type,furusato-nozei-poikatsu,ふるさと納税でポイ活はできる?ポイント還元と注意点をわかりやすく解説,shopping,popular_articles
koukyou-ryokin-poikatsu,電気・ガス・水道でポイントは貯まる?公共料金ポイ活の基本,shopping,9,4_same_thumb_type,game-kakin-point,ゲーム課金でポイントを貯める方法!Apple・Google残高利用時の注意,shopping,popular_articles
koukyou-ryokin-poikatsu,電気・ガス・水道でポイントは貯まる?公共料金ポイ活の基本,shopping,10,4_same_thumb_type,halloween-yohin-poikatsu,ハロウィン用品でポイ活する方法!衣装・お菓子を買いすぎないコツ,shopping,popular_articles
kousokubus-yoyaku-poikatsu,高速バス予約でポイントを貯める方法!移動費を抑えるポイ活術,shopping,1,4_same_thumb_type,ana-jal-mile-hikaku,ANAマイルとJALマイルはどっち?貯めやすさ・使いやすさを比較,shopping,popular_articles
kousokubus-yoyaku-poikatsu,高速バス予約でポイントを貯める方法!移動費を抑えるポイ活術,shopping,2,4_same_thumb_type,ana-mile-tameru-kachi,ANAマイルを貯めるべき人・貯めない方がいい人を解説,shopping,popular_articles
kousokubus-yoyaku-poikatsu,高速バス予約でポイントを貯める方法!移動費を抑えるポイ活術,shopping,3,4_same_thumb_type,ana-mileageplus-hikaku,ANAマイルとMileagePlusはどっち?同じスターアライアンスで何が違う?,shopping,popular_articles
kousokubus-yoyaku-poikatsu,高速バス予約でポイントを貯める方法!移動費を抑えるポイ活術,shopping,4,4_same_thumb_type,au-uq-ponta,au・UQユーザーはPontaポイントにまとめるべき?相性の良いサービスを解説,shopping,popular_articles
kousokubus-yoyaku-poikatsu,高速バス予約でポイントを貯める方法!移動費を抑えるポイ活術,shopping,5,4_same_thumb_type,carshare-point-katsuyou,カーシェアでポイ活する方法とは?短時間利用の節約ポイントを解説,shopping,popular_articles
kousokubus-yoyaku-poikatsu,高速バス予約でポイントを貯める方法!移動費を抑えるポイ活術,shopping,6,4_same_thumb_type,cleaning-poikatsu,クリーニング代でポイントを貯める方法!宅配と店舗を比較するコツ,shopping,popular_articles
kousokubus-yoyaku-poikatsu,高速バス予約でポイントを貯める方法!移動費を抑えるポイ活術,shopping,7,4_same_thumb_type,code-kessai-4sha-hikaku,コード決済4社を徹底比較|PayPay・d払い・楽天ペイ・au PAY,shopping,popular_articles
kousokubus-yoyaku-poikatsu,高速バス予約でポイントを貯める方法!移動費を抑えるポイ活術,shopping,8,4_same_thumb_type,d-point-supermarket,dポイントが貯まるスーパー一覧|使える店舗・地域スーパーも比較,shopping,popular_articles
kousokubus-yoyaku-poikatsu,高速バス予約でポイントを貯める方法!移動費を抑えるポイ活術,shopping,9,4_same_thumb_type,denryoku-norikae-point,電力会社乗り換えでポイントを貯める方法!料金比較と特典の見方,shopping,popular_articles
kousokubus-yoyaku-poikatsu,高速バス予約でポイントを貯める方法!移動費を抑えるポイ活術,shopping,10,4_same_thumb_type,docomo-ahamo-dpoint,ドコモ・ahamoユーザーはdポイントにまとめるべき?相性の良いサービスを解説,shopping,popular_articles
kurumanashi-seikatsu-poikatsu,車なし生活のポイ活術!交通・ネット通販・日用品で節約する方法,pointsite,1,4_same_thumb_type,cashless-fuan-poikatsu,キャッシュレスが不安な人向けポイ活!現金感覚で使うための管理方法,pointsite,popular_articles
kurumanashi-seikatsu-poikatsu,車なし生活のポイ活術!交通・ネット通販・日用品で節約する方法,pointsite,2,4_same_thumb_type,gakusei-poikatsu,学生でもできるポイ活!お金をかけずに始める安全な方法,pointsite,popular_articles
kurumanashi-seikatsu-poikatsu,車なし生活のポイ活術!交通・ネット通販・日用品で節約する方法,pointsite,3,4_same_thumb_type,hapitas-tsukaikata,ハピタスの使い方を初心者向けに解説!案件選びとポイント交換の基本,pointsite,popular_articles
kurumanashi-seikatsu-poikatsu,車なし生活のポイ活術!交通・ネット通販・日用品で節約する方法,pointsite,4,4_same_thumb_type,kaimono-nigate-poikatsu,買い物が苦手な人のポイ活術!比較しすぎずに得するシンプル運用,pointsite,popular_articles
kurumanashi-seikatsu-poikatsu,車なし生活のポイ活術!交通・ネット通販・日用品で節約する方法,pointsite,5,4_same_thumb_type,kosodate-setai-poikatsu,子育て世帯のポイ活術!おむつ・ミルク・学用品をお得に買う方法,pointsite,popular_articles
kurumanashi-seikatsu-poikatsu,車なし生活のポイ活術!交通・ネット通販・日用品で節約する方法,pointsite,6,4_same_thumb_type,koteihi-sukunai-poikatsu,固定費が少ない人のポイ活術!少額支出でも効率よく貯める方法,pointsite,popular_articles
kurumanashi-seikatsu-poikatsu,車なし生活のポイ活術!交通・ネット通販・日用品で節約する方法,pointsite,7,4_same_thumb_type,minimalist-poikatsu,ミニマリスト向けポイ活!買わない生活でもポイントを活かす方法,pointsite,popular_articles
kurumanashi-seikatsu-poikatsu,車なし生活のポイ活術!交通・ネット通販・日用品で節約する方法,pointsite,8,4_same_thumb_type,poikatsu-mail-tsuuchi-seiri,ポイ活メール通知の整理術!必要なキャンペーンだけ見逃さない方法,pointsite,popular_articles
kurumanashi-seikatsu-poikatsu,車なし生活のポイ活術!交通・ネット通販・日用品で節約する方法,pointsite,9,4_same_thumb_type,poikatsu-senyou-mail-hitsuyou,ポイ活専用メールアドレスは必要?登録管理をラクにする考え方,pointsite,popular_articles
kurumanashi-seikatsu-poikatsu,車なし生活のポイ活術!交通・ネット通販・日用品で節約する方法,pointsite,10,4_same_thumb_type,poikatsu-taikai-mae-kakunin,ポイ活サービスを退会する前に確認すること!ポイント失効を防ぐ手順,pointsite,popular_articles
kuukou-lounge-poikatsu,空港ラウンジ特典はポイ活に役立つ?カード特典の見極め方,creditcard,1,1_own_outbound_link,ana-amex-poikatsu,ANAアメックスが大幅刷新!ゴールド・プレミアムの新特典とマイル還元まとめ,creditcard,popular_articles
kuukou-lounge-poikatsu,空港ラウンジ特典はポイ活に役立つ?カード特典の見極め方,creditcard,2,2_inbound_link,creditcard-seiri-poikatsu,複数クレジットカードの整理術!ポイ活効率を落とさない見直し方,creditcard,popular_articles
kuukou-lounge-poikatsu,空港ラウンジ特典はポイ活に役立つ?カード特典の見極め方,creditcard,3,4_same_thumb_type,credit-card-common-point-hikaku,共通ポイント別クレジットカード比較|d・楽天・Ponta・Vポイントで選ぶ,creditcard,popular_articles
kuukou-lounge-poikatsu,空港ラウンジ特典はポイ活に役立つ?カード特典の見極め方,creditcard,4,4_same_thumb_type,credit-card-point-hikaku,クレジットカードのポイントを徹底比較|還元率・年会費・使い道で選ぶ,creditcard,popular_articles
kuukou-lounge-poikatsu,空港ラウンジ特典はポイ活に役立つ?カード特典の見極め方,creditcard,5,4_same_thumb_type,creditcard-erabikata,ポイ活向けクレジットカードの選び方!初心者が見るべき5つのポイント,creditcard,popular_articles
kuukou-lounge-poikatsu,空港ラウンジ特典はポイ活に役立つ?カード特典の見極め方,creditcard,6,4_same_thumb_type,creditcard-kangenritsu,クレジットカードのポイント還元率とは?1%と0.5%の違いをわかりやすく解説,creditcard,popular_articles
kuukou-lounge-poikatsu,空港ラウンジ特典はポイ活に役立つ?カード特典の見極め方,creditcard,7,4_same_thumb_type,sumaho-kessai-creditcard-hikaku,スマホ決済とクレジットカードはどっちがお得?ポイント二重取りの基本,creditcard,popular_articles
kuukou-lounge-poikatsu,空港ラウンジ特典はポイ活に役立つ?カード特典の見極め方,creditcard,8,5_category_hub,rakuten-card-poikatsu,楽天カードはポイ活に向いている?メリットと注意点を初心者向けに解説,creditcard,popular_articles
kuukou-lounge-poikatsu,空港ラウンジ特典はポイ活に役立つ?カード特典の見極め方,creditcard,9,5_category_hub,dcard-poikatsu,dカードはポイ活におすすめ?dポイントを貯めやすい人の特徴,creditcard,popular_articles
kuukou-lounge-poikatsu,空港ラウンジ特典はポイ活に役立つ?カード特典の見極め方,creditcard,10,6_same_category,mitsui-sumitomo-card-vpoint,三井住友カードでVポイントを貯める方法!対象店舗とタッチ決済の基本,creditcard,popular_articles
lawson-ponta,ローソンでPontaポイントを貯める方法!買い物前に知っておきたい基本,shopping,1,2_inbound_link,au-uq-ponta,au・UQユーザーはPontaポイントにまとめるべき?相性の良いサービスを解説,shopping,popular_articles
lawson-ponta,ローソンでPontaポイントを貯める方法!買い物前に知っておきたい基本,shopping,2,2_inbound_link,ponta-tamekata,Pontaポイントの貯め方とは?もらう方法・使い方を解説,,popular_articles
lawson-ponta,ローソンでPontaポイントを貯める方法!買い物前に知っておきたい基本,shopping,3,3_tag_match,aupay-market-poikatsu,au PAYマーケットでポイントを活用する方法!買い物前の確認ポイント,shopping,popular_articles
lawson-ponta,ローソンでPontaポイントを貯める方法!買い物前に知っておきたい基本,shopping,4,3_tag_match,aupay-market-toha,au PAY マーケットとは?特徴とポイントの貯め方をわかりやすく解説,shopping,popular_articles
lawson-ponta,ローソンでPontaポイントを貯める方法!買い物前に知っておきたい基本,shopping,5,3_tag_match,aupay-ponta,au PAYでPontaポイントを貯める方法!スマホ決済との組み合わせを解説,shopping,popular_articles
lawson-ponta,ローソンでPontaポイントを貯める方法!買い物前に知っておきたい基本,shopping,6,3_tag_match,code-kessai-4sha-hikaku,コード決済4社を徹底比較|PayPay・d払い・楽天ペイ・au PAY,shopping,popular_articles
lawson-ponta,ローソンでPontaポイントを貯める方法!買い物前に知っておきたい基本,shopping,7,3_tag_match,dpoint-ponta-hikaku,dポイントとPontaはどっちが得?貯め方・使える店・有効期限を比較,shopping,popular_articles
lawson-ponta,ローソンでPontaポイントを貯める方法!買い物前に知っておきたい基本,shopping,8,3_tag_match,drugstore-point-hikaku,ドラッグストアのポイントを徹底比較|マツキヨ・ウエルシア・スギ薬局・ツルハなど,shopping,popular_articles
lawson-ponta,ローソンでPontaポイントを貯める方法!買い物前に知っておきたい基本,shopping,9,3_tag_match,kadenryohanten-point-hikaku,家電量販店のポイント比較|還元率・現金値引き・支払い方法を7社で比較,shopping,popular_articles
lawson-ponta,ローソンでPontaポイントを貯める方法!買い物前に知っておきたい基本,shopping,10,3_tag_match,kikangentei-point-5shu-hikaku,期間限定ポイント5種を比較!失効前に使い切る方法,shopping,popular_articles
lemino-premium-toha,Leminoプレミアムとは?月額料金とdポイント還元をわかりやすく解説,seikatsu,1,3_tag_match,ahamo-toha,ahamoとは?月額料金とdポイントの貯め方をわかりやすく解説,seikatsu,popular_articles
lemino-premium-toha,Leminoプレミアムとは?月額料金とdポイント還元をわかりやすく解説,seikatsu,2,3_tag_match,dcarshare-toha,dカーシェアとは?特徴とdポイントの貯め方をわかりやすく解説,seikatsu,popular_articles
lemino-premium-toha,Leminoプレミアムとは?月額料金とdポイント還元をわかりやすく解説,seikatsu,3,3_tag_match,dhealthcare-toha,dヘルスケアとは?歩数・体重記録でdポイントが貯まる仕組みを解説,seikatsu,popular_articles
lemino-premium-toha,Leminoプレミアムとは?月額料金とdポイント還元をわかりやすく解説,seikatsu,4,3_tag_match,dmagazine-toha,dマガジンとは?月額料金と読める雑誌数をわかりやすく解説,seikatsu,popular_articles
lemino-premium-toha,Leminoプレミアムとは?月額料金とdポイント還元をわかりやすく解説,seikatsu,5,3_tag_match,hikaritv-toha,ひかりTVとは?特徴と料金プランをわかりやすく解説,seikatsu,popular_articles
lemino-premium-toha,Leminoプレミアムとは?月額料金とdポイント還元をわかりやすく解説,seikatsu,6,3_tag_match,jalan-golf-toha,じゃらんゴルフとは?特徴とポイントの貯め方をわかりやすく解説,seikatsu,popular_articles
lemino-premium-toha,Leminoプレミアムとは?月額料金とdポイント還元をわかりやすく解説,seikatsu,7,4_same_thumb_type,anshin-security-toha,あんしんセキュリティとは?月額料金と機能をわかりやすく解説,seikatsu,popular_articles
lemino-premium-toha,Leminoプレミアムとは?月額料金とdポイント還元をわかりやすく解説,seikatsu,8,4_same_thumb_type,busnoru-poikatsu,バスのるとは?高速バス予約と「バスのるポイント」を解説,seikatsu,popular_articles
lemino-premium-toha,Leminoプレミアムとは?月額料金とdポイント還元をわかりやすく解説,seikatsu,9,4_same_thumb_type,dhits-toha,dヒッツとは?月額300円からの音楽聴き放題サービスを解説,seikatsu,popular_articles
lemino-premium-toha,Leminoプレミアムとは?月額料金とdポイント還元をわかりやすく解説,seikatsu,10,4_same_thumb_type,dmmbooks-toha,DMMブックスとは?特徴とポイントの貯め方をわかりやすく解説,seikatsu,popular_articles
line-point-nichijou,LINEポイントを日常で貯める方法!LINEサービスと決済前チェックの基本,shopping,1,4_same_thumb_type,aupay-market-poikatsu,au PAYマーケットでポイントを活用する方法!買い物前の確認ポイント,shopping,popular_articles
line-point-nichijou,LINEポイントを日常で貯める方法!LINEサービスと決済前チェックの基本,shopping,2,4_same_thumb_type,aupay-ponta,au PAYでPontaポイントを貯める方法!スマホ決済との組み合わせを解説,shopping,popular_articles
line-point-nichijou,LINEポイントを日常で貯める方法!LINEサービスと決済前チェックの基本,shopping,3,4_same_thumb_type,biyouin-salon-point,美容院・サロン代をポイントで節約!予約前に見るべき条件と使い方,shopping,popular_articles
line-point-nichijou,LINEポイントを日常で貯める方法!LINEサービスと決済前チェックの基本,shopping,4,4_same_thumb_type,coke-on-setsuyaku,Coke ONで飲み物代を節約する方法!スタンプ・チケット活用の基本,shopping,popular_articles
line-point-nichijou,LINEポイントを日常で貯める方法!LINEサービスと決済前チェックの基本,shopping,5,4_same_thumb_type,demaecan-poikatsu,出前館でポイ活する方法!注文前に確認したい割引とポイント,shopping,popular_articles
line-point-nichijou,LINEポイントを日常で貯める方法!LINEサービスと決済前チェックの基本,shopping,6,4_same_thumb_type,doutor-tullys-poikatsu,ドトール・タリーズでポイ活する方法!カフェ利用時の支払い術,shopping,popular_articles
line-point-nichijou,LINEポイントを日常で貯める方法!LINEサービスと決済前チェックの基本,shopping,7,4_same_thumb_type,dpoint-d-harai,d払いでdポイントを貯める方法!日常決済で活用するコツ,shopping,popular_articles
line-point-nichijou,LINEポイントを日常で貯める方法!LINEサービスと決済前チェックの基本,shopping,8,4_same_thumb_type,drugstore-poikatsu,ドラッグストアでポイ活する方法!日用品・薬・コスメでポイントを貯める,shopping,popular_articles
line-point-nichijou,LINEポイントを日常で貯める方法!LINEサービスと決済前チェックの基本,shopping,9,4_same_thumb_type,famiresu-cafe-point,ファミレス・カフェでポイントを貯める方法!外食前のアプリ確認術,shopping,popular_articles
line-point-nichijou,LINEポイントを日常で貯める方法!LINEサービスと決済前チェックの基本,shopping,10,4_same_thumb_type,gaishoku-point-tameru,外食でポイントを貯める方法!予約サイト・決済・アプリ活用の基本,shopping,popular_articles
lohaco-toha,LOHACOとは?特徴とポイントの貯め方をわかりやすく解説,shopping,1,3_tag_match,code-kessai-4sha-hikaku,コード決済4社を徹底比較|PayPay・d払い・楽天ペイ・au PAY,shopping,popular_articles
lohaco-toha,LOHACOとは?特徴とポイントの貯め方をわかりやすく解説,shopping,2,3_tag_match,kikangentei-point-5shu-hikaku,期間限定ポイント5種を比較!失効前に使い切る方法,shopping,popular_articles
lohaco-toha,LOHACOとは?特徴とポイントの貯め方をわかりやすく解説,shopping,3,3_tag_match,kikangentei-point-tsukaimichi,期間限定ポイントのおすすめ使い道|失効前にすぐ使える交換先ガイド,shopping,popular_articles
lohaco-toha,LOHACOとは?特徴とポイントの貯め方をわかりやすく解説,shopping,4,3_tag_match,paypay-point-kiso,PayPayポイントとは?貯め方・使い方・注意点を初心者向けに解説,shopping,popular_articles
lohaco-toha,LOHACOとは?特徴とポイントの貯め方をわかりやすく解説,shopping,5,3_tag_match,paypay-point-tsukaimichi,PayPayポイントの使い道おすすめ!支払い・運用・貯蓄感覚で使う方法,shopping,popular_articles
lohaco-toha,LOHACOとは?特徴とポイントの貯め方をわかりやすく解説,shopping,6,3_tag_match,paypay-point-tsukanai,PayPayポイントが付かない原因は?確認すべき条件と対策,shopping,popular_articles
lohaco-toha,LOHACOとは?特徴とポイントの貯め方をわかりやすく解説,shopping,7,3_tag_match,paypay-vpoint-koukan,PayPayポイント⇄Vポイント相互交換ガイド|レート・手順・注意点,shopping,popular_articles
lohaco-toha,LOHACOとは?特徴とポイントの貯め方をわかりやすく解説,shopping,8,3_tag_match,point-niju-sanjudori-kumiawase,ポイント二重取り・三重取りの組み合わせ早見表!おすすめルートを解説,shopping,popular_articles
lohaco-toha,LOHACOとは?特徴とポイントの貯め方をわかりやすく解説,shopping,9,3_tag_match,point-toushi-unyou-service-hikaku,ポイント投資・ポイント運用を主要サービスで比較,shopping,popular_articles
lohaco-toha,LOHACOとは?特徴とポイントの貯め方をわかりやすく解説,shopping,10,3_tag_match,qr-kessai-poikatsu,QRコード決済でポイントを貯める方法!支払い前のチェックポイント,shopping,popular_articles
macromill-poikatsu,マクロミルとは?アンケート回答でポイントが貯まるモニターサービス,survey,1,2_inbound_link,ipsos-isay-poikatsu,Ipsos iSay(イプソス・アイセイ)とは?特徴・ポイントの貯め方を解説,survey,popular_articles
macromill-poikatsu,マクロミルとは?アンケート回答でポイントが貯まるモニターサービス,survey,2,2_inbound_link,iresearch-poikatsu,アイリサーチとは?自社会場調査・ポイントの貯め方をわかりやすく解説,survey,popular_articles
macromill-poikatsu,マクロミルとは?アンケート回答でポイントが貯まるモニターサービス,survey,3,4_same_thumb_type,cue-monitor-poikatsu,キューモニターでアンケートポイ活!初心者が知るべき使い方,survey,popular_articles
macromill-poikatsu,マクロミルとは?アンケート回答でポイントが貯まるモニターサービス,survey,4,4_same_thumb_type,fancrew-poikatsu,ファンくるとは?覆面調査の仕組み・ポイント・安全性を解説,survey,popular_articles
macromill-poikatsu,マクロミルとは?アンケート回答でポイントが貯まるモニターサービス,survey,5,4_same_thumb_type,fruitmail-poikatsu,フルーツメールとは?ゲーム・アンケートでポイントが貯まる懸賞サイト,survey,popular_articles
macromill-poikatsu,マクロミルとは?アンケート回答でポイントが貯まるモニターサービス,survey,6,4_same_thumb_type,macromill-tsukaikata,マクロミルでアンケートポイ活を始める方法!回答前の注意点を解説,survey,popular_articles
macromill-poikatsu,マクロミルとは?アンケート回答でポイントが貯まるモニターサービス,survey,7,4_same_thumb_type,opinionworld-poikatsu,OpinionWorld(オピニオンワールド)とは?ポイント・交換先・安全性を公式情報で解説,survey,popular_articles
macromill-poikatsu,マクロミルとは?アンケート回答でポイントが貯まるモニターサービス,survey,8,6_same_category,enquete-monitor-poikatsu,アンケートモニターでポイ活する方法!スキマ時間で稼ぐ前の基本,survey,popular_articles
macromill-poikatsu,マクロミルとは?アンケート回答でポイントが貯まるモニターサービス,survey,9,6_same_category,infoq-poikatsu,infoQでポイ活する方法!アンケートと記事作成案件の見方,survey,popular_articles
macromill-poikatsu,マクロミルとは?アンケート回答でポイントが貯まるモニターサービス,survey,10,6_same_category,monitor-town-poikatsu,モニタータウンとは?PC調査モニターの特徴・参加方法をわかりやすく解説,survey,popular_articles
macromill-tsukaikata,マクロミルでアンケートポイ活を始める方法!回答前の注意点を解説,survey,1,4_same_thumb_type,cue-monitor-poikatsu,キューモニターでアンケートポイ活!初心者が知るべき使い方,survey,popular_articles
macromill-tsukaikata,マクロミルでアンケートポイ活を始める方法!回答前の注意点を解説,survey,2,4_same_thumb_type,fancrew-poikatsu,ファンくるとは?覆面調査の仕組み・ポイント・安全性を解説,survey,popular_articles
macromill-tsukaikata,マクロミルでアンケートポイ活を始める方法!回答前の注意点を解説,survey,3,4_same_thumb_type,fruitmail-poikatsu,フルーツメールとは?ゲーム・アンケートでポイントが貯まる懸賞サイト,survey,popular_articles
macromill-tsukaikata,マクロミルでアンケートポイ活を始める方法!回答前の注意点を解説,survey,4,4_same_thumb_type,ipsos-isay-poikatsu,Ipsos iSay(イプソス・アイセイ)とは?特徴・ポイントの貯め方を解説,survey,popular_articles
macromill-tsukaikata,マクロミルでアンケートポイ活を始める方法!回答前の注意点を解説,survey,5,4_same_thumb_type,iresearch-poikatsu,アイリサーチとは?自社会場調査・ポイントの貯め方をわかりやすく解説,survey,popular_articles
macromill-tsukaikata,マクロミルでアンケートポイ活を始める方法!回答前の注意点を解説,survey,6,4_same_thumb_type,macromill-poikatsu,マクロミルとは?アンケート回答でポイントが貯まるモニターサービス,survey,popular_articles
macromill-tsukaikata,マクロミルでアンケートポイ活を始める方法!回答前の注意点を解説,survey,7,4_same_thumb_type,opinionworld-poikatsu,OpinionWorld(オピニオンワールド)とは?ポイント・交換先・安全性を公式情報で解説,survey,popular_articles
macromill-tsukaikata,マクロミルでアンケートポイ活を始める方法!回答前の注意点を解説,survey,8,6_same_category,enquete-monitor-poikatsu,アンケートモニターでポイ活する方法!スキマ時間で稼ぐ前の基本,survey,popular_articles
macromill-tsukaikata,マクロミルでアンケートポイ活を始める方法!回答前の注意点を解説,survey,9,6_same_category,infoq-poikatsu,infoQでポイ活する方法!アンケートと記事作成案件の見方,survey,popular_articles
macromill-tsukaikata,マクロミルでアンケートポイ活を始める方法!回答前の注意点を解説,survey,10,6_same_category,monitor-town-poikatsu,モニタータウンとは?PC調査モニターの特徴・参加方法をわかりやすく解説,survey,popular_articles
maebarai-shisugi-poikatsu,前払いしすぎないポイ活術!ポイント目当ての出費を防ぐ考え方,shopping,1,4_same_thumb_type,amazon-gift-charge,Amazonギフト券チャージで損しない考え方!支払い方法と使い切りのコツ,shopping,popular_articles
maebarai-shisugi-poikatsu,前払いしすぎないポイ活術!ポイント目当ての出費を防ぐ考え方,shopping,2,4_same_thumb_type,amazon-poikatsu,Amazonでポイ活はできる?ポイントを貯める方法と注意点を解説,shopping,popular_articles
maebarai-shisugi-poikatsu,前払いしすぎないポイ活術!ポイント目当ての出費を防ぐ考え方,shopping,3,4_same_thumb_type,chuushajou-yoyaku-poikatsu,駐車場予約サービスでポイ活する方法!イベント前に確認したい条件,shopping,popular_articles
maebarai-shisugi-poikatsu,前払いしすぎないポイ活術!ポイント目当ての出費を防ぐ考え方,shopping,4,4_same_thumb_type,dpoint-hanei-sarenai,dポイントが反映されない原因は?dポイントマーケットの確認方法も解説,shopping,popular_articles
maebarai-shisugi-poikatsu,前払いしすぎないポイ活術!ポイント目当ての出費を防ぐ考え方,shopping,5,4_same_thumb_type,furusato-nozei-poikatsu,ふるさと納税でポイ活はできる?ポイント還元と注意点をわかりやすく解説,shopping,popular_articles
maebarai-shisugi-poikatsu,前払いしすぎないポイ活術!ポイント目当ての出費を防ぐ考え方,shopping,6,4_same_thumb_type,game-kakin-point,ゲーム課金でポイントを貯める方法!Apple・Google残高利用時の注意,shopping,popular_articles
maebarai-shisugi-poikatsu,前払いしすぎないポイ活術!ポイント目当ての出費を防ぐ考え方,shopping,7,4_same_thumb_type,halloween-yohin-poikatsu,ハロウィン用品でポイ活する方法!衣装・お菓子を買いすぎないコツ,shopping,popular_articles
maebarai-shisugi-poikatsu,前払いしすぎないポイ活術!ポイント目当ての出費を防ぐ考え方,shopping,8,4_same_thumb_type,hikkoshi-seikatsuyohin-poikatsu,引越し後の生活用品で使えるポイ活術!支出が増える前に確認したい節約ポイント,shopping,popular_articles
maebarai-shisugi-poikatsu,前払いしすぎないポイ活術!ポイント目当ての出費を防ぐ考え方,shopping,9,4_same_thumb_type,iryouhi-shohouyaku-point,医療費・処方薬でポイントは貯まる?支払い前に確認したい注意点,shopping,popular_articles
maebarai-shisugi-poikatsu,前払いしすぎないポイ活術!ポイント目当ての出費を防ぐ考え方,shopping,10,4_same_thumb_type,koukyou-ryokin-poikatsu,電気・ガス・水道でポイントは貯まる?公共料金ポイ活の基本,shopping,popular_articles
matsui-shouken-ideco-poikatsu,松井証券のiDeCoとは?手数料0円・低コスト商品の特徴を解説,kouza,1,2_inbound_link,shouken-kouza-anken-poikatsu,証券口座開設案件でポイ活する方法!投資前提で注意したい基本,kouza,popular_articles
matsui-shouken-ideco-poikatsu,松井証券のiDeCoとは?手数料0円・低コスト商品の特徴を解説,kouza,2,4_same_thumb_type,dmm-kabu-poikatsu,DMM株とは?少額投資・低手数料が魅力の株式投資アプリを解説,kouza,popular_articles
matsui-shouken-ideco-poikatsu,松井証券のiDeCoとは?手数料0円・低コスト商品の特徴を解説,kouza,3,5_category_hub,point-tamaru-ginkou-hikaku,ポイントが貯まる銀行を比較!d・楽天・V・Ponta・PayPay系の選び方,kouza,popular_articles
matsui-shouken-ideco-poikatsu,松井証券のiDeCoとは?手数料0円・低コスト商品の特徴を解説,kouza,4,5_category_hub,docomo-ginkou-dpoint-poikatsu,ドコモの銀行でdポイントを貯める方法|dアカウント連携・還元条件,kouza,popular_articles
matsui-shouken-ideco-poikatsu,松井証券のiDeCoとは?手数料0円・低コスト商品の特徴を解説,kouza,5,6_same_category,monex-shouken-toha,マネックス証券とは?特徴とポイントの貯め方をわかりやすく解説,kouza,popular_articles
matsui-shouken-ideco-poikatsu,松井証券のiDeCoとは?手数料0円・低コスト商品の特徴を解説,kouza,6,6_same_category,net-ginkou-poikatsu,ネット銀行を使ったポイ活術!振込・ATM・残高条件の見方,kouza,popular_articles
matsui-shouken-ideco-poikatsu,松井証券のiDeCoとは?手数料0円・低コスト商品の特徴を解説,kouza,7,6_same_category,paypaysec-shouken-toha,PayPay証券とは?特徴とポイントの貯め方をわかりやすく解説,kouza,popular_articles
matsui-shouken-ideco-poikatsu,松井証券のiDeCoとは?手数料0円・低コスト商品の特徴を解説,kouza,8,6_same_category,rakuten-ginkou-happy-program,楽天銀行ハッピープログラムの基本!銀行取引で楽天ポイントを貯める方法,kouza,popular_articles
matsui-shouken-ideco-poikatsu,松井証券のiDeCoとは?手数料0円・低コスト商品の特徴を解説,kouza,9,6_same_category,rakuten-shouken-toha,楽天証券とは?特徴とポイントの貯め方をわかりやすく解説,kouza,popular_articles
matsui-shouken-ideco-poikatsu,松井証券のiDeCoとは?手数料0円・低コスト商品の特徴を解説,kouza,10,6_same_category,sbisec-shouken-toha,SBI証券とは?特徴とポイントの貯め方をわかりやすく解説,kouza,popular_articles
matsukiyo-cocokara-online-toha,マツキヨココカラオンラインストアとは?送料無料条件・支払い方法・当日配送を解説,shopping,1,1_own_outbound_link,matsukiyo-cocokara-poikatsu,マツキヨココカラでポイ活する方法!アプリ・クーポン・決済の基本,shopping,popular_articles
matsukiyo-cocokara-online-toha,マツキヨココカラオンラインストアとは?送料無料条件・支払い方法・当日配送を解説,shopping,2,1_own_outbound_link,matsukiyo-cocokara-point,マツキヨココカラのポイント制度!マツキヨココカラポイントとdポイントの関係,shopping,popular_articles
matsukiyo-cocokara-online-toha,マツキヨココカラオンラインストアとは?送料無料条件・支払い方法・当日配送を解説,shopping,3,4_same_thumb_type,amazon-tsuhan-toha,Amazonとは?特徴とポイントの貯め方をわかりやすく解説,shopping,popular_articles
matsukiyo-cocokara-online-toha,マツキヨココカラオンラインストアとは?送料無料条件・支払い方法・当日配送を解説,shopping,4,4_same_thumb_type,aupay-market-toha,au PAY マーケットとは?特徴とポイントの貯め方をわかりやすく解説,shopping,popular_articles
matsukiyo-cocokara-online-toha,マツキヨココカラオンラインストアとは?送料無料条件・支払い方法・当日配送を解説,shopping,5,4_same_thumb_type,biccamera-toha,ビックカメラ.comとは?特徴とポイントの貯め方をわかりやすく解説,shopping,popular_articles
matsukiyo-cocokara-online-toha,マツキヨココカラオンラインストアとは?送料無料条件・支払い方法・当日配送を解説,shopping,6,4_same_thumb_type,charge-route-point,チャージルートでポイントを増やす考え方!複雑にしすぎない決済設計,shopping,popular_articles
matsukiyo-cocokara-online-toha,マツキヨココカラオンラインストアとは?送料無料条件・支払い方法・当日配送を解説,shopping,7,4_same_thumb_type,daimaru-matsuzakaya-toha,大丸松坂屋オンラインストアとは?特徴とポイントの貯め方をわかりやすく解説,shopping,popular_articles
matsukiyo-cocokara-online-toha,マツキヨココカラオンラインストアとは?送料無料条件・支払い方法・当日配送を解説,shopping,8,4_same_thumb_type,docomo-select-toha,docomo selectとは?スマホアクセサリー購入とdポイントを解説,shopping,popular_articles
matsukiyo-cocokara-online-toha,マツキヨココカラオンラインストアとは?送料無料条件・支払い方法・当日配送を解説,shopping,9,4_same_thumb_type,dpoint-tsukaimichi,dポイントのおすすめの使い道!コンビニ・ドラッグストア・ネットで使う方法,shopping,popular_articles
matsukiyo-cocokara-online-toha,マツキヨココカラオンラインストアとは?送料無料条件・支払い方法・当日配送を解説,shopping,10,4_same_thumb_type,dshopping-toha,dショッピングとは?特徴とポイントの貯め方をわかりやすく解説,shopping,popular_articles
matsukiyo-cocokara-poikatsu,マツキヨココカラでポイ活する方法!アプリ・クーポン・決済の基本,shopping,1,1_own_outbound_link,matsukiyo-cocokara-point,マツキヨココカラのポイント制度!マツキヨココカラポイントとdポイントの関係,shopping,popular_articles
matsukiyo-cocokara-poikatsu,マツキヨココカラでポイ活する方法!アプリ・クーポン・決済の基本,shopping,2,1_own_outbound_link,matsukiyo-cocokara-online-toha,マツキヨココカラオンラインストアとは?送料無料条件・支払い方法・当日配送を解説,shopping,popular_articles
matsukiyo-cocokara-poikatsu,マツキヨココカラでポイ活する方法!アプリ・クーポン・決済の基本,shopping,3,1_own_outbound_link,drugstore-point-hikaku,ドラッグストアのポイントを徹底比較|マツキヨ・ウエルシア・スギ薬局・ツルハなど,shopping,popular_articles
matsukiyo-cocokara-poikatsu,マツキヨココカラでポイ活する方法!アプリ・クーポン・決済の基本,shopping,4,2_inbound_link,drugstore-poikatsu,ドラッグストアでポイ活する方法!日用品・薬・コスメでポイントを貯める,shopping,popular_articles
matsukiyo-cocokara-poikatsu,マツキヨココカラでポイ活する方法!アプリ・クーポン・決済の基本,shopping,5,5_category_hub,point-toushi-unyou-service-hikaku,ポイント投資・ポイント運用を主要サービスで比較,shopping,popular_articles
matsukiyo-cocokara-poikatsu,マツキヨココカラでポイ活する方法!アプリ・クーポン・決済の基本,shopping,6,6_same_category,rakuten-ichiba-toha,楽天市場とは?特徴とポイントの貯め方をわかりやすく解説,shopping,popular_articles
matsukiyo-cocokara-poikatsu,マツキヨココカラでポイ活する方法!アプリ・クーポン・決済の基本,shopping,7,6_same_category,kikangentei-point-5shu-hikaku,期間限定ポイント5種を比較!失効前に使い切る方法,shopping,popular_articles
matsukiyo-cocokara-poikatsu,マツキヨココカラでポイ活する方法!アプリ・クーポン・決済の基本,shopping,8,6_same_category,paypay-point-kiso,PayPayポイントとは?貯め方・使い方・注意点を初心者向けに解説,shopping,popular_articles
matsukiyo-cocokara-poikatsu,マツキヨココカラでポイ活する方法!アプリ・クーポン・決済の基本,shopping,9,6_same_category,point-yuukoukigen-kanri,ポイントの有効期限を管理する方法!失効を防ぐチェック習慣,shopping,popular_articles
matsukiyo-cocokara-poikatsu,マツキヨココカラでポイ活する方法!アプリ・クーポン・決済の基本,shopping,10,6_same_category,rakuten-mobile-rakuten-point,楽天モバイルなら楽天ポイントにまとめるべき?楽天経済圏との相性を解説,shopping,popular_articles
matsukiyo-cocokara-point,マツキヨココカラのポイント制度!マツキヨココカラポイントとdポイントの関係,shopping,1,1_own_outbound_link,matsukiyo-cocokara-poikatsu,マツキヨココカラでポイ活する方法!アプリ・クーポン・決済の基本,shopping,popular_articles
matsukiyo-cocokara-point,マツキヨココカラのポイント制度!マツキヨココカラポイントとdポイントの関係,shopping,2,1_own_outbound_link,drugstore-point-hikaku,ドラッグストアのポイントを徹底比較|マツキヨ・ウエルシア・スギ薬局・ツルハなど,shopping,popular_articles
matsukiyo-cocokara-point,マツキヨココカラのポイント制度!マツキヨココカラポイントとdポイントの関係,shopping,3,1_own_outbound_link,matsukiyo-cocokara-online-toha,マツキヨココカラオンラインストアとは?送料無料条件・支払い方法・当日配送を解説,shopping,popular_articles
matsukiyo-cocokara-point,マツキヨココカラのポイント制度!マツキヨココカラポイントとdポイントの関係,shopping,4,2_inbound_link,drugstore-poikatsu,ドラッグストアでポイ活する方法!日用品・薬・コスメでポイントを貯める,shopping,popular_articles
matsukiyo-cocokara-point,マツキヨココカラのポイント制度!マツキヨココカラポイントとdポイントの関係,shopping,5,3_tag_match,code-kessai-4sha-hikaku,コード決済4社を徹底比較|PayPay・d払い・楽天ペイ・au PAY,shopping,popular_articles
matsukiyo-cocokara-point,マツキヨココカラのポイント制度!マツキヨココカラポイントとdポイントの関係,shopping,6,3_tag_match,d-point-supermarket,dポイントが貯まるスーパー一覧|使える店舗・地域スーパーも比較,shopping,popular_articles
matsukiyo-cocokara-point,マツキヨココカラのポイント制度!マツキヨココカラポイントとdポイントの関係,shopping,7,3_tag_match,docomo-ahamo-dpoint,ドコモ・ahamoユーザーはdポイントにまとめるべき?相性の良いサービスを解説,shopping,popular_articles
matsukiyo-cocokara-point,マツキヨココカラのポイント制度!マツキヨココカラポイントとdポイントの関係,shopping,8,3_tag_match,docomo-select-toha,docomo selectとは?スマホアクセサリー購入とdポイントを解説,shopping,popular_articles
matsukiyo-cocokara-point,マツキヨココカラのポイント制度!マツキヨココカラポイントとdポイントの関係,shopping,9,3_tag_match,doramori-point,ドラッグストアモリのポイントを解説|ポイントデー・使い方・キャッシュレス時の条件,shopping,popular_articles
matsukiyo-cocokara-point,マツキヨココカラのポイント制度!マツキヨココカラポイントとdポイントの関係,shopping,10,3_tag_match,dpoint-d-harai,d払いでdポイントを貯める方法!日常決済で活用するコツ,shopping,popular_articles
mcdonalds-poikatsu,マクドナルドでお得に買うポイ活術!アプリ・クーポン・支払いの基本,shopping,1,4_same_thumb_type,gyudon-chain-poikatsu,牛丼チェーンでポイ活する方法!吉野家・すき家・松屋利用時の基本,shopping,popular_articles
mcdonalds-poikatsu,マクドナルドでお得に買うポイ活術!アプリ・クーポン・支払いの基本,shopping,2,4_same_thumb_type,keitai-ryokin-setsuyaku,携帯料金をポイ活で節約する方法!ポイント払いとキャンペーンの活用,shopping,popular_articles
mcdonalds-poikatsu,マクドナルドでお得に買うポイ活術!アプリ・クーポン・支払いの基本,shopping,3,4_same_thumb_type,sukairaku-group-poikatsu,すかいらーくグループでポイ活する方法!外食前のアプリ確認術,shopping,popular_articles
mcdonalds-poikatsu,マクドナルドでお得に買うポイ活術!アプリ・クーポン・支払いの基本,shopping,4,5_category_hub,drugstore-point-hikaku,ドラッグストアのポイントを徹底比較|マツキヨ・ウエルシア・スギ薬局・ツルハなど,shopping,popular_articles
mcdonalds-poikatsu,マクドナルドでお得に買うポイ活術!アプリ・クーポン・支払いの基本,shopping,5,5_category_hub,point-toushi-unyou-service-hikaku,ポイント投資・ポイント運用を主要サービスで比較,shopping,popular_articles
mcdonalds-poikatsu,マクドナルドでお得に買うポイ活術!アプリ・クーポン・支払いの基本,shopping,6,6_same_category,rakuten-ichiba-toha,楽天市場とは?特徴とポイントの貯め方をわかりやすく解説,shopping,popular_articles
mcdonalds-poikatsu,マクドナルドでお得に買うポイ活術!アプリ・クーポン・支払いの基本,shopping,7,6_same_category,kikangentei-point-5shu-hikaku,期間限定ポイント5種を比較!失効前に使い切る方法,shopping,popular_articles
mcdonalds-poikatsu,マクドナルドでお得に買うポイ活術!アプリ・クーポン・支払いの基本,shopping,8,6_same_category,paypay-point-kiso,PayPayポイントとは?貯め方・使い方・注意点を初心者向けに解説,shopping,popular_articles
mcdonalds-poikatsu,マクドナルドでお得に買うポイ活術!アプリ・クーポン・支払いの基本,shopping,9,6_same_category,point-yuukoukigen-kanri,ポイントの有効期限を管理する方法!失効を防ぐチェック習慣,shopping,popular_articles
mcdonalds-poikatsu,マクドナルドでお得に買うポイ活術!アプリ・クーポン・支払いの基本,shopping,10,6_same_category,rakuten-mobile-rakuten-point,楽天モバイルなら楽天ポイントにまとめるべき?楽天経済圏との相性を解説,shopping,popular_articles
mercari-poikatsu,メルカリでできるポイ活術!売る・買う・支払うをお得につなげる方法,furima,1,4_same_thumb_type,furima-app-kounyuu-point,フリマアプリ購入でポイントを活用する方法!中古品選びの注意点,furima,popular_articles
mile-koukan-merit,ポイントをマイルに交換するメリットは?旅行好き向けポイ活入門,shopping,1,2_inbound_link,ana-jal-mile-hikaku,ANAマイルとJALマイルはどっち?貯めやすさ・使いやすさを比較,shopping,popular_articles
mile-koukan-merit,ポイントをマイルに交換するメリットは?旅行好き向けポイ活入門,shopping,2,2_inbound_link,ana-mileage-mall-poikatsu,ANAマイレージモールの使い方!通販前にマイルを貯める経由術,shopping,popular_articles
mile-koukan-merit,ポイントをマイルに交換するメリットは?旅行好き向けポイ活入門,shopping,3,2_inbound_link,jcb-airmacau-campaign-2026,JCB×マカオ航空キャンペーン!日本発マカオ行き航空券が8%OFF【2026年9〜10月】,campaign,popular_articles
mile-koukan-merit,ポイントをマイルに交換するメリットは?旅行好き向けポイ活入門,shopping,4,4_same_thumb_type,ana-furusato-mile,ANAのふるさと納税でマイルを貯める方法!旅行好き向けの基本,shopping,popular_articles
mile-koukan-merit,ポイントをマイルに交換するメリットは?旅行好き向けポイ活入門,shopping,5,4_same_thumb_type,etc-mileage-toha,ETCマイレージサービスとは?高速道路利用者が知っておきたい基本,shopping,popular_articles
mile-koukan-merit,ポイントをマイルに交換するメリットは?旅行好き向けポイ活入門,shopping,6,4_same_thumb_type,jal-mileage-mall-poikatsu,JALマイレージモールでマイルを貯める方法!ネット通販前の基本,shopping,popular_articles
mile-koukan-merit,ポイントをマイルに交換するメリットは?旅行好き向けポイ活入門,shopping,7,4_same_thumb_type,jre-point-kiso,JRE POINTの貯め方と使い方!Suica利用者向けポイ活入門,shopping,popular_articles
mile-koukan-merit,ポイントをマイルに交換するメリットは?旅行好き向けポイ活入門,shopping,8,4_same_thumb_type,point-koukan-toha,ポイント交換とは?他社ポイント・ギフト券・マイルへの交換方法,shopping,popular_articles
mile-koukan-merit,ポイントをマイルに交換するメリットは?旅行好き向けポイ活入門,shopping,9,4_same_thumb_type,ponta-mile-koukan,Pontaポイントをマイルや他社ポイントに交換する方法!使い道を広げるコツ,shopping,popular_articles
mile-koukan-merit,ポイントをマイルに交換するメリットは?旅行好き向けポイ活入門,shopping,10,4_same_thumb_type,rakuten-ana-mile-koukan,楽天ポイントをANAマイルに交換できる?交換ルートと注意点を解説,shopping,popular_articles
mileageplus-nihon-zaijuu,MileagePlusは日本在住でも貯める価値がある?メリット・注意点を解説,shopping,1,1_own_outbound_link,ana-mileageplus-hikaku,ANAマイルとMileagePlusはどっち?同じスターアライアンスで何が違う?,shopping,popular_articles
mileageplus-nihon-zaijuu,MileagePlusは日本在住でも貯める価値がある?メリット・注意点を解説,shopping,2,3_tag_match,ana-jal-mile-hikaku,ANAマイルとJALマイルはどっち?貯めやすさ・使いやすさを比較,shopping,popular_articles
mileageplus-nihon-zaijuu,MileagePlusは日本在住でも貯める価値がある?メリット・注意点を解説,shopping,3,3_tag_match,ana-mile-tameru-kachi,ANAマイルを貯めるべき人・貯めない方がいい人を解説,shopping,popular_articles
mileageplus-nihon-zaijuu,MileagePlusは日本在住でも貯める価値がある?メリット・注意点を解説,shopping,4,3_tag_match,jal-mile-tameru-kachi,JALマイルを貯めるべき人・貯めない方がいい人を解説,shopping,popular_articles
mileageplus-nihon-zaijuu,MileagePlusは日本在住でも貯める価値がある?メリット・注意点を解説,shopping,5,4_same_thumb_type,au-uq-ponta,au・UQユーザーはPontaポイントにまとめるべき?相性の良いサービスを解説,shopping,popular_articles
mileageplus-nihon-zaijuu,MileagePlusは日本在住でも貯める価値がある?メリット・注意点を解説,shopping,6,4_same_thumb_type,carshare-point-katsuyou,カーシェアでポイ活する方法とは?短時間利用の節約ポイントを解説,shopping,popular_articles
mileageplus-nihon-zaijuu,MileagePlusは日本在住でも貯める価値がある?メリット・注意点を解説,shopping,7,4_same_thumb_type,cleaning-poikatsu,クリーニング代でポイントを貯める方法!宅配と店舗を比較するコツ,shopping,popular_articles
mileageplus-nihon-zaijuu,MileagePlusは日本在住でも貯める価値がある?メリット・注意点を解説,shopping,8,4_same_thumb_type,code-kessai-4sha-hikaku,コード決済4社を徹底比較|PayPay・d払い・楽天ペイ・au PAY,shopping,popular_articles
mileageplus-nihon-zaijuu,MileagePlusは日本在住でも貯める価値がある?メリット・注意点を解説,shopping,9,4_same_thumb_type,d-point-supermarket,dポイントが貯まるスーパー一覧|使える店舗・地域スーパーも比較,shopping,popular_articles
mileageplus-nihon-zaijuu,MileagePlusは日本在住でも貯める価値がある?メリット・注意点を解説,shopping,10,4_same_thumb_type,denryoku-norikae-point,電力会社乗り換えでポイントを貯める方法!料金比較と特典の見方,shopping,popular_articles
minimalist-poikatsu,ミニマリスト向けポイ活!買わない生活でもポイントを活かす方法,pointsite,1,4_same_thumb_type,cashless-fuan-poikatsu,キャッシュレスが不安な人向けポイ活!現金感覚で使うための管理方法,pointsite,popular_articles
minimalist-poikatsu,ミニマリスト向けポイ活!買わない生活でもポイントを活かす方法,pointsite,2,4_same_thumb_type,gakusei-poikatsu,学生でもできるポイ活!お金をかけずに始める安全な方法,pointsite,popular_articles
minimalist-poikatsu,ミニマリスト向けポイ活!買わない生活でもポイントを活かす方法,pointsite,3,4_same_thumb_type,hapitas-tsukaikata,ハピタスの使い方を初心者向けに解説!案件選びとポイント交換の基本,pointsite,popular_articles
minimalist-poikatsu,ミニマリスト向けポイ活!買わない生活でもポイントを活かす方法,pointsite,4,4_same_thumb_type,kaimono-nigate-poikatsu,買い物が苦手な人のポイ活術!比較しすぎずに得するシンプル運用,pointsite,popular_articles
minimalist-poikatsu,ミニマリスト向けポイ活!買わない生活でもポイントを活かす方法,pointsite,5,4_same_thumb_type,kosodate-setai-poikatsu,子育て世帯のポイ活術!おむつ・ミルク・学用品をお得に買う方法,pointsite,popular_articles
minimalist-poikatsu,ミニマリスト向けポイ活!買わない生活でもポイントを活かす方法,pointsite,6,4_same_thumb_type,koteihi-sukunai-poikatsu,固定費が少ない人のポイ活術!少額支出でも効率よく貯める方法,pointsite,popular_articles
minimalist-poikatsu,ミニマリスト向けポイ活!買わない生活でもポイントを活かす方法,pointsite,7,4_same_thumb_type,kurumanashi-seikatsu-poikatsu,車なし生活のポイ活術!交通・ネット通販・日用品で節約する方法,pointsite,popular_articles
minimalist-poikatsu,ミニマリスト向けポイ活!買わない生活でもポイントを活かす方法,pointsite,8,4_same_thumb_type,poikatsu-mail-tsuuchi-seiri,ポイ活メール通知の整理術!必要なキャンペーンだけ見逃さない方法,pointsite,popular_articles
minimalist-poikatsu,ミニマリスト向けポイ活!買わない生活でもポイントを活かす方法,pointsite,9,4_same_thumb_type,poikatsu-senyou-mail-hitsuyou,ポイ活専用メールアドレスは必要?登録管理をラクにする考え方,pointsite,popular_articles
minimalist-poikatsu,ミニマリスト向けポイ活!買わない生活でもポイントを活かす方法,pointsite,10,4_same_thumb_type,poikatsu-taikai-mae-kakunin,ポイ活サービスを退会する前に確認すること!ポイント失効を防ぐ手順,pointsite,popular_articles
mitsui-sumitomo-card-vpoint,三井住友カードでVポイントを貯める方法!対象店舗とタッチ決済の基本,creditcard,1,2_inbound_link,credit-card-common-point-hikaku,共通ポイント別クレジットカード比較|d・楽天・Ponta・Vポイントで選ぶ,creditcard,popular_articles
mitsui-sumitomo-card-vpoint,三井住友カードでVポイントを貯める方法!対象店舗とタッチ決済の基本,creditcard,2,2_inbound_link,point-niju-sanjudori-kumiawase,ポイント二重取り・三重取りの組み合わせ早見表!おすすめルートを解説,shopping,popular_articles
mitsui-sumitomo-card-vpoint,三井住友カードでVポイントを貯める方法!対象店舗とタッチ決済の基本,creditcard,3,2_inbound_link,vpoint-no-carrier,Vポイントと携帯キャリアの関係|ドコモ・au・ソフトバンクでも使える?,shopping,popular_articles
mitsui-sumitomo-card-vpoint,三井住友カードでVポイントを貯める方法!対象店舗とタッチ決済の基本,creditcard,4,2_inbound_link,vpoint-tamekata,Vポイントの貯め方とは?もらう方法・使い方を解説,,popular_articles
mitsui-sumitomo-card-vpoint,三井住友カードでVポイントを貯める方法!対象店舗とタッチ決済の基本,creditcard,5,3_tag_match,credit-card-point-hikaku,クレジットカードのポイントを徹底比較|還元率・年会費・使い道で選ぶ,creditcard,popular_articles
mitsui-sumitomo-card-vpoint,三井住友カードでVポイントを貯める方法!対象店舗とタッチ決済の基本,creditcard,6,4_same_thumb_type,ana-amex-poikatsu,ANAアメックスが大幅刷新!ゴールド・プレミアムの新特典とマイル還元まとめ,creditcard,popular_articles
mitsui-sumitomo-card-vpoint,三井住友カードでVポイントを貯める方法!対象店舗とタッチ決済の基本,creditcard,7,4_same_thumb_type,apple-pay-poikatsu,Apple Payでポイ活する方法!ポイント還元とiD・QUICPay・タッチ決済の違い,creditcard,popular_articles
mitsui-sumitomo-card-vpoint,三井住友カードでVポイントを貯める方法!対象店舗とタッチ決済の基本,creditcard,8,4_same_thumb_type,dcard-poikatsu,dカードはポイ活におすすめ?dポイントを貯めやすい人の特徴,creditcard,popular_articles
mitsui-sumitomo-card-vpoint,三井住友カードでVポイントを貯める方法!対象店舗とタッチ決済の基本,creditcard,9,4_same_thumb_type,gasoline-point-tameru,ガソリン代でポイントを貯める方法!車利用者向けポイ活の基本,creditcard,popular_articles
mitsui-sumitomo-card-vpoint,三井住友カードでVポイントを貯める方法!対象店舗とタッチ決済の基本,creditcard,10,4_same_thumb_type,hokenryo-point-tameru,保険料でポイントを貯める方法!クレジットカード払いの確認ポイント,creditcard,popular_articles
monex-shouken-toha,マネックス証券とは?特徴とポイントの貯め方をわかりやすく解説,kouza,1,1_own_outbound_link,point-toushi-unyou-service-hikaku,ポイント投資・ポイント運用を主要サービスで比較,shopping,popular_articles
monex-shouken-toha,マネックス証券とは?特徴とポイントの貯め方をわかりやすく解説,kouza,2,3_tag_match,docomo-ginkou-dpoint-poikatsu,ドコモの銀行でdポイントを貯める方法|dアカウント連携・還元条件,kouza,popular_articles
monex-shouken-toha,マネックス証券とは?特徴とポイントの貯め方をわかりやすく解説,kouza,3,3_tag_match,point-tamaru-ginkou-hikaku,ポイントが貯まる銀行を比較!d・楽天・V・Ponta・PayPay系の選び方,kouza,popular_articles
monex-shouken-toha,マネックス証券とは?特徴とポイントの貯め方をわかりやすく解説,kouza,4,4_same_thumb_type,paypaysec-shouken-toha,PayPay証券とは?特徴とポイントの貯め方をわかりやすく解説,kouza,popular_articles
monex-shouken-toha,マネックス証券とは?特徴とポイントの貯め方をわかりやすく解説,kouza,5,4_same_thumb_type,rakuten-ginkou-happy-program,楽天銀行ハッピープログラムの基本!銀行取引で楽天ポイントを貯める方法,kouza,popular_articles
monex-shouken-toha,マネックス証券とは?特徴とポイントの貯め方をわかりやすく解説,kouza,6,4_same_thumb_type,rakuten-shouken-toha,楽天証券とは?特徴とポイントの貯め方をわかりやすく解説,kouza,popular_articles
monex-shouken-toha,マネックス証券とは?特徴とポイントの貯め方をわかりやすく解説,kouza,7,4_same_thumb_type,sbisec-shouken-toha,SBI証券とは?特徴とポイントの貯め方をわかりやすく解説,kouza,popular_articles
monex-shouken-toha,マネックス証券とは?特徴とポイントの貯め方をわかりやすく解説,kouza,8,6_same_category,dmm-kabu-poikatsu,DMM株とは?少額投資・低手数料が魅力の株式投資アプリを解説,kouza,popular_articles
monex-shouken-toha,マネックス証券とは?特徴とポイントの貯め方をわかりやすく解説,kouza,9,6_same_category,matsui-shouken-ideco-poikatsu,松井証券のiDeCoとは?手数料0円・低コスト商品の特徴を解説,kouza,popular_articles
monex-shouken-toha,マネックス証券とは?特徴とポイントの貯め方をわかりやすく解説,kouza,10,6_same_category,net-ginkou-poikatsu,ネット銀行を使ったポイ活術!振込・ATM・残高条件の見方,kouza,popular_articles
monitor-town-poikatsu,モニタータウンとは?PC調査モニターの特徴・参加方法をわかりやすく解説,survey,1,4_same_thumb_type,enquete-monitor-poikatsu,アンケートモニターでポイ活する方法!スキマ時間で稼ぐ前の基本,survey,popular_articles
monitor-town-poikatsu,モニタータウンとは?PC調査モニターの特徴・参加方法をわかりやすく解説,survey,2,5_category_hub,ipsos-isay-poikatsu,Ipsos iSay(イプソス・アイセイ)とは?特徴・ポイントの貯め方を解説,survey,popular_articles
monitor-town-poikatsu,モニタータウンとは?PC調査モニターの特徴・参加方法をわかりやすく解説,survey,3,5_category_hub,iresearch-poikatsu,アイリサーチとは?自社会場調査・ポイントの貯め方をわかりやすく解説,survey,popular_articles
monitor-town-poikatsu,モニタータウンとは?PC調査モニターの特徴・参加方法をわかりやすく解説,survey,4,6_same_category,macromill-poikatsu,マクロミルとは?アンケート回答でポイントが貯まるモニターサービス,survey,popular_articles
monitor-town-poikatsu,モニタータウンとは?PC調査モニターの特徴・参加方法をわかりやすく解説,survey,5,6_same_category,fancrew-poikatsu,ファンくるとは?覆面調査の仕組み・ポイント・安全性を解説,survey,popular_articles
monitor-town-poikatsu,モニタータウンとは?PC調査モニターの特徴・参加方法をわかりやすく解説,survey,6,6_same_category,opinionworld-poikatsu,OpinionWorld(オピニオンワールド)とは?ポイント・交換先・安全性を公式情報で解説,survey,popular_articles
monitor-town-poikatsu,モニタータウンとは?PC調査モニターの特徴・参加方法をわかりやすく解説,survey,7,6_same_category,cue-monitor-poikatsu,キューモニターでアンケートポイ活!初心者が知るべき使い方,survey,popular_articles
monitor-town-poikatsu,モニタータウンとは?PC調査モニターの特徴・参加方法をわかりやすく解説,survey,8,6_same_category,fruitmail-poikatsu,フルーツメールとは?ゲーム・アンケートでポイントが貯まる懸賞サイト,survey,popular_articles
monitor-town-poikatsu,モニタータウンとは?PC調査モニターの特徴・参加方法をわかりやすく解説,survey,9,6_same_category,infoq-poikatsu,infoQでポイ活する方法!アンケートと記事作成案件の見方,survey,popular_articles
monitor-town-poikatsu,モニタータウンとは?PC調査モニターの特徴・参加方法をわかりやすく解説,survey,10,6_same_category,macromill-tsukaikata,マクロミルでアンケートポイ活を始める方法!回答前の注意点を解説,survey,popular_articles
moppy-hajimekata,モッピーでポイ活を始める方法!高還元案件を見る前の確認ポイント,pointsite,1,2_inbound_link,pointsite-kyakka-genin,ポイントサイトで却下される原因は?承認条件の読み方を初心者向けに解説,pointsite,popular_articles
moppy-hajimekata,モッピーでポイ活を始める方法!高還元案件を見る前の確認ポイント,pointsite,2,2_inbound_link,uniqlo-gu-point,ユニクロ・GUでポイントは貯まる?衣類購入でできる節約チェック,shopping,popular_articles
moppy-hajimekata,モッピーでポイ活を始める方法!高還元案件を見る前の確認ポイント,pointsite,3,4_same_thumb_type,amefri-poikatsu,アメフリとは?すきま時間で貯まるポイントサイトの特徴を解説,pointsite,popular_articles
moppy-hajimekata,モッピーでポイ活を始める方法!高還元案件を見る前の確認ポイント,pointsite,4,4_same_thumb_type,chobirich-poikatsu,ちょびリッチとは?評判・特徴からポイントの貯め方まで徹底解説,pointsite,popular_articles
moppy-hajimekata,モッピーでポイ活を始める方法!高還元案件を見る前の確認ポイント,pointsite,5,4_same_thumb_type,chobirich-tsukaikata,ちょびリッチの使い方!ポイントサイト初心者が見るべき案件と交換先,pointsite,popular_articles
moppy-hajimekata,モッピーでポイ活を始める方法!高還元案件を見る前の確認ポイント,pointsite,6,4_same_thumb_type,ecnavi-poikatsu,ECナビとは?多彩な方法でポイントが貯まるポイントサイトの特徴を解説,pointsite,popular_articles
moppy-hajimekata,モッピーでポイ活を始める方法!高還元案件を見る前の確認ポイント,pointsite,7,4_same_thumb_type,ecnavi-tsukaikata,ECナビでポイントを貯める方法!アンケートと買い物を組み合わせるコツ,pointsite,popular_articles
moppy-hajimekata,モッピーでポイ活を始める方法!高還元案件を見る前の確認ポイント,pointsite,8,4_same_thumb_type,hapitas-poikatsu,ハピタスとは?ポイント還元率・交換方法・登録方法をわかりやすく解説,pointsite,popular_articles
moppy-hajimekata,モッピーでポイ活を始める方法!高還元案件を見る前の確認ポイント,pointsite,9,4_same_thumb_type,muryou-kaiin-touroku-poikatsu,無料会員登録案件でポイ活する方法とは?登録前後の確認ポイントを解説,pointsite,popular_articles
moppy-hajimekata,モッピーでポイ活を始める方法!高還元案件を見る前の確認ポイント,pointsite,10,4_same_thumb_type,nifty-point-club-poikatsu,ニフティポイントクラブの活用術!ネット利用者向けのポイ活基本,pointsite,popular_articles
muji-otoku-kaimono,無印良品でお得に買い物する方法!マイル・クーポン・決済の基本,shopping,1,4_same_thumb_type,amazon-tsuhan-toha,Amazonとは?特徴とポイントの貯め方をわかりやすく解説,shopping,popular_articles
muji-otoku-kaimono,無印良品でお得に買い物する方法!マイル・クーポン・決済の基本,shopping,2,4_same_thumb_type,aupay-market-toha,au PAY マーケットとは?特徴とポイントの貯め方をわかりやすく解説,shopping,popular_articles
muji-otoku-kaimono,無印良品でお得に買い物する方法!マイル・クーポン・決済の基本,shopping,3,4_same_thumb_type,biccamera-toha,ビックカメラ.comとは?特徴とポイントの貯め方をわかりやすく解説,shopping,popular_articles
muji-otoku-kaimono,無印良品でお得に買い物する方法!マイル・クーポン・決済の基本,shopping,4,4_same_thumb_type,charge-route-point,チャージルートでポイントを増やす考え方!複雑にしすぎない決済設計,shopping,popular_articles
muji-otoku-kaimono,無印良品でお得に買い物する方法!マイル・クーポン・決済の基本,shopping,5,4_same_thumb_type,daimaru-matsuzakaya-toha,大丸松坂屋オンラインストアとは?特徴とポイントの貯め方をわかりやすく解説,shopping,popular_articles
muji-otoku-kaimono,無印良品でお得に買い物する方法!マイル・クーポン・決済の基本,shopping,6,4_same_thumb_type,docomo-select-toha,docomo selectとは?スマホアクセサリー購入とdポイントを解説,shopping,popular_articles
muji-otoku-kaimono,無印良品でお得に買い物する方法!マイル・クーポン・決済の基本,shopping,7,4_same_thumb_type,dpoint-tsukaimichi,dポイントのおすすめの使い道!コンビニ・ドラッグストア・ネットで使う方法,shopping,popular_articles
muji-otoku-kaimono,無印良品でお得に買い物する方法!マイル・クーポン・決済の基本,shopping,8,4_same_thumb_type,dshopping-toha,dショッピングとは?特徴とポイントの貯め方をわかりやすく解説,shopping,popular_articles
muji-otoku-kaimono,無印良品でお得に買い物する方法!マイル・クーポン・決済の基本,shopping,9,4_same_thumb_type,ec-current-poikatsu,ECカレントとは?家電通販の特徴とポイント制度を解説,shopping,popular_articles
muji-otoku-kaimono,無印良品でお得に買い物する方法!マイル・クーポン・決済の基本,shopping,10,4_same_thumb_type,hikkoshi-poikatsu,引っ越しでポイ活する方法!見積もり・家具購入・手続きの確認ポイント,shopping,popular_articles
muryou-kaiin-touroku-poikatsu,無料会員登録案件でポイ活する方法とは?登録前後の確認ポイントを解説,pointsite,1,4_same_thumb_type,amefri-poikatsu,アメフリとは?すきま時間で貯まるポイントサイトの特徴を解説,pointsite,popular_articles
muryou-kaiin-touroku-poikatsu,無料会員登録案件でポイ活する方法とは?登録前後の確認ポイントを解説,pointsite,2,4_same_thumb_type,chobirich-poikatsu,ちょびリッチとは?評判・特徴からポイントの貯め方まで徹底解説,pointsite,popular_articles
muryou-kaiin-touroku-poikatsu,無料会員登録案件でポイ活する方法とは?登録前後の確認ポイントを解説,pointsite,3,4_same_thumb_type,chobirich-tsukaikata,ちょびリッチの使い方!ポイントサイト初心者が見るべき案件と交換先,pointsite,popular_articles
muryou-kaiin-touroku-poikatsu,無料会員登録案件でポイ活する方法とは?登録前後の確認ポイントを解説,pointsite,4,4_same_thumb_type,ecnavi-poikatsu,ECナビとは?多彩な方法でポイントが貯まるポイントサイトの特徴を解説,pointsite,popular_articles
muryou-kaiin-touroku-poikatsu,無料会員登録案件でポイ活する方法とは?登録前後の確認ポイントを解説,pointsite,5,4_same_thumb_type,ecnavi-tsukaikata,ECナビでポイントを貯める方法!アンケートと買い物を組み合わせるコツ,pointsite,popular_articles
muryou-kaiin-touroku-poikatsu,無料会員登録案件でポイ活する方法とは?登録前後の確認ポイントを解説,pointsite,6,4_same_thumb_type,hapitas-poikatsu,ハピタスとは?ポイント還元率・交換方法・登録方法をわかりやすく解説,pointsite,popular_articles
muryou-kaiin-touroku-poikatsu,無料会員登録案件でポイ活する方法とは?登録前後の確認ポイントを解説,pointsite,7,4_same_thumb_type,moppy-hajimekata,モッピーでポイ活を始める方法!高還元案件を見る前の確認ポイント,pointsite,popular_articles
muryou-kaiin-touroku-poikatsu,無料会員登録案件でポイ活する方法とは?登録前後の確認ポイントを解説,pointsite,8,4_same_thumb_type,nifty-point-club-poikatsu,ニフティポイントクラブの活用術!ネット利用者向けのポイ活基本,pointsite,popular_articles
muryou-kaiin-touroku-poikatsu,無料会員登録案件でポイ活する方法とは?登録前後の確認ポイントを解説,pointsite,9,4_same_thumb_type,point-museum-poikatsu,ポイントミュージアムとは?安全性・交換条件・特徴をわかりやすく解説,pointsite,popular_articles
muryou-kaiin-touroku-poikatsu,無料会員登録案件でポイ活する方法とは?登録前後の確認ポイントを解説,pointsite,10,4_same_thumb_type,pointincome-poikatsu,ポイントインカムとは?アプリでも貯まるポイントサイトの特徴を解説,pointsite,popular_articles
nanaco-point-kiso,nanacoポイントの貯め方と使い方!セブン系で活用する基本,shopping,1,3_tag_match,seven-eleven-point,セブン-イレブンでポイントを貯める方法!nanacoとアプリ活用の基本,shopping,popular_articles
nanaco-point-kiso,nanacoポイントの貯め方と使い方!セブン系で活用する基本,shopping,2,4_same_thumb_type,abc-mart-poikatsu,ABC-MARTでポイ活する方法!靴購入時のアプリ・決済チェック,shopping,popular_articles
nanaco-point-kiso,nanacoポイントの貯め方と使い方!セブン系で活用する基本,shopping,3,4_same_thumb_type,bousai-goods-poikatsu,防災グッズ購入でポイ活する方法!備蓄を無駄なくそろえるコツ,shopping,popular_articles
nanaco-point-kiso,nanacoポイントの貯め方と使い方!セブン系で活用する基本,shopping,4,4_same_thumb_type,cashless-setsuyaku,キャッシュレス決済で節約する方法!現金派から始めるポイ活入門,shopping,popular_articles
nanaco-point-kiso,nanacoポイントの貯め方と使い方!セブン系で活用する基本,shopping,5,4_same_thumb_type,dpoint-kiso,dポイントの貯め方を初心者向けに解説!ドコモ以外の人でも使える?,shopping,popular_articles
nanaco-point-kiso,nanacoポイントの貯め方と使い方!セブン系で活用する基本,shopping,6,4_same_thumb_type,hasuu-shiharai-point,端数支払いでポイントを使う方法!少額ポイントを無駄にしないコツ,shopping,popular_articles
nanaco-point-kiso,nanacoポイントの貯め方と使い方!セブン系で活用する基本,shopping,7,4_same_thumb_type,hyakkaten-depart-poikatsu,百貨店のポイントを比較!高島屋・三越伊勢丹・大丸松坂屋など,shopping,popular_articles
nanaco-point-kiso,nanacoポイントの貯め方と使い方!セブン系で活用する基本,shopping,8,4_same_thumb_type,kikangentei-point-tsukaimichi,期間限定ポイントのおすすめ使い道|失効前にすぐ使える交換先ガイド,shopping,popular_articles
nanaco-point-kiso,nanacoポイントの貯め方と使い方!セブン系で活用する基本,shopping,9,4_same_thumb_type,net-shopping-point-kiso,ネットショッピングでポイントを貯める方法!楽天・Yahoo・Amazonの基本,shopping,popular_articles
nanaco-point-kiso,nanacoポイントの貯め方と使い方!セブン系で活用する基本,shopping,10,4_same_thumb_type,nyuugaku-shingaku-junbi-point,入学・進学準備でポイントを貯める方法!学用品購入の節約術,shopping,popular_articles
natsuyasumi-poikatsu-junbi,夏休み前のポイ活準備!旅行・レジャー・日用品を計画的に買う方法,campaign,1,4_same_thumb_type,bonus-tsuki-poikatsu-keikaku,ボーナス月のポイ活計画!大きな買い物で損しない予算管理,campaign,popular_articles
natsuyasumi-poikatsu-junbi,夏休み前のポイ活準備!旅行・レジャー・日用品を計画的に買う方法,campaign,2,4_same_thumb_type,fukubukuro-hatsuuri-poikatsu,福袋・初売りでポイ活する方法!お得に見えて損しない選び方,campaign,popular_articles
natsuyasumi-poikatsu-junbi,夏休み前のポイ活準備!旅行・レジャー・日用品を計画的に買う方法,campaign,3,4_same_thumb_type,fuyujitaku-poikatsu,冬支度のポイ活術!暖房家電・防寒用品をお得に準備する方法,campaign,popular_articles
natsuyasumi-poikatsu-junbi,夏休み前のポイ活準備!旅行・レジャー・日用品を計画的に買う方法,campaign,4,4_same_thumb_type,ikkyu-poikatsu,一休.comでお得に予約する考え方!高級宿・レストラン利用時のポイント,campaign,popular_articles
natsuyasumi-poikatsu-junbi,夏休み前のポイ活準備!旅行・レジャー・日用品を計画的に買う方法,campaign,5,4_same_thumb_type,jcb-airmacau-campaign-2026,JCB×マカオ航空キャンペーン!日本発マカオ行き航空券が8%OFF【2026年9〜10月】,campaign,popular_articles
natsuyasumi-poikatsu-junbi,夏休み前のポイ活準備!旅行・レジャー・日用品を計画的に買う方法,campaign,6,4_same_thumb_type,kakuyasu-sim-norikae-poikatsu,格安SIM乗り換えでポイ活する方法!通信費を下げながら得する流れ,campaign,popular_articles
natsuyasumi-poikatsu-junbi,夏休み前のポイ活準備!旅行・レジャー・日用品を計画的に買う方法,campaign,7,4_same_thumb_type,kessan-sale-poikatsu,決算セールでポイ活する方法!家電・日用品をお得に買う判断基準,campaign,popular_articles
natsuyasumi-poikatsu-junbi,夏休み前のポイ活準備!旅行・レジャー・日用品を計画的に買う方法,campaign,8,4_same_thumb_type,nenmatsunenshi-poikatsu,年末年始のポイ活術!帰省・おせち・初売りで使える節約ポイント,campaign,popular_articles
natsuyasumi-poikatsu-junbi,夏休み前のポイ活準備!旅行・レジャー・日用品を計画的に買う方法,campaign,9,4_same_thumb_type,paypay-campaign-katsuyo,PayPayでポイントを効率よく貯める方法!キャンペーン活用の基本,campaign,popular_articles
natsuyasumi-poikatsu-junbi,夏休み前のポイ活準備!旅行・レジャー・日用品を計画的に買う方法,campaign,10,4_same_thumb_type,paypay-jichitai-campaign-2026,【2026年10月〜】PayPay自治体キャンペーンまとめ!都城市・宮古島市の還元率・上限を解説,campaign,popular_articles
nenkaihi-muryo-card,年会費無料カードでポイ活はできる?無理なく始めるカード活用術,creditcard,1,4_same_thumb_type,creditcard-poikatsu-kiso,クレジットカードでポイ活する基本!還元率だけで選ばない考え方,creditcard,popular_articles
nenkaihi-muryo-card,年会費無料カードでポイ活はできる?無理なく始めるカード活用術,creditcard,2,4_same_thumb_type,debit-card-poikatsu,デビットカード派のポイ活入門!即時払いで支出を管理するコツ,creditcard,popular_articles
nenkaihi-muryo-card,年会費無料カードでポイ活はできる?無理なく始めるカード活用術,creditcard,3,5_category_hub,rakuten-card-poikatsu,楽天カードはポイ活に向いている?メリットと注意点を初心者向けに解説,creditcard,popular_articles
nenkaihi-muryo-card,年会費無料カードでポイ活はできる?無理なく始めるカード活用術,creditcard,4,5_category_hub,dcard-poikatsu,dカードはポイ活におすすめ?dポイントを貯めやすい人の特徴,creditcard,popular_articles
nenkaihi-muryo-card,年会費無料カードでポイ活はできる?無理なく始めるカード活用術,creditcard,5,6_same_category,mitsui-sumitomo-card-vpoint,三井住友カードでVポイントを貯める方法!対象店舗とタッチ決済の基本,creditcard,popular_articles
nenkaihi-muryo-card,年会費無料カードでポイ活はできる?無理なく始めるカード活用術,creditcard,6,6_same_category,credit-card-mile-hikaku,マイルが貯まるクレジットカード比較|ANA・JALの還元と移行条件,creditcard,popular_articles
nenkaihi-muryo-card,年会費無料カードでポイ活はできる?無理なく始めるカード活用術,creditcard,7,6_same_category,ana-amex-poikatsu,ANAアメックスが大幅刷新!ゴールド・プレミアムの新特典とマイル還元まとめ,creditcard,popular_articles
nenkaihi-muryo-card,年会費無料カードでポイ活はできる?無理なく始めるカード活用術,creditcard,8,6_same_category,credit-card-common-point-hikaku,共通ポイント別クレジットカード比較|d・楽天・Ponta・Vポイントで選ぶ,creditcard,popular_articles
nenkaihi-muryo-card,年会費無料カードでポイ活はできる?無理なく始めるカード活用術,creditcard,9,6_same_category,credit-card-point-hikaku,クレジットカードのポイントを徹底比較|還元率・年会費・使い道で選ぶ,creditcard,popular_articles
nenkaihi-muryo-card,年会費無料カードでポイ活はできる?無理なく始めるカード活用術,creditcard,10,6_same_category,creditcard-tsukurisugi-chuui,クレジットカードを作りすぎると危険?ポイ活で注意したい信用情報の基本,creditcard,popular_articles
nenmatsunenshi-poikatsu,年末年始のポイ活術!帰省・おせち・初売りで使える節約ポイント,campaign,1,4_same_thumb_type,bonus-tsuki-poikatsu-keikaku,ボーナス月のポイ活計画!大きな買い物で損しない予算管理,campaign,popular_articles
nenmatsunenshi-poikatsu,年末年始のポイ活術!帰省・おせち・初売りで使える節約ポイント,campaign,2,4_same_thumb_type,fukubukuro-hatsuuri-poikatsu,福袋・初売りでポイ活する方法!お得に見えて損しない選び方,campaign,popular_articles
nenmatsunenshi-poikatsu,年末年始のポイ活術!帰省・おせち・初売りで使える節約ポイント,campaign,3,4_same_thumb_type,fuyujitaku-poikatsu,冬支度のポイ活術!暖房家電・防寒用品をお得に準備する方法,campaign,popular_articles
nenmatsunenshi-poikatsu,年末年始のポイ活術!帰省・おせち・初売りで使える節約ポイント,campaign,4,4_same_thumb_type,ikkyu-poikatsu,一休.comでお得に予約する考え方!高級宿・レストラン利用時のポイント,campaign,popular_articles
nenmatsunenshi-poikatsu,年末年始のポイ活術!帰省・おせち・初売りで使える節約ポイント,campaign,5,4_same_thumb_type,jcb-airmacau-campaign-2026,JCB×マカオ航空キャンペーン!日本発マカオ行き航空券が8%OFF【2026年9〜10月】,campaign,popular_articles
nenmatsunenshi-poikatsu,年末年始のポイ活術!帰省・おせち・初売りで使える節約ポイント,campaign,6,4_same_thumb_type,kakuyasu-sim-norikae-poikatsu,格安SIM乗り換えでポイ活する方法!通信費を下げながら得する流れ,campaign,popular_articles
nenmatsunenshi-poikatsu,年末年始のポイ活術!帰省・おせち・初売りで使える節約ポイント,campaign,7,4_same_thumb_type,kessan-sale-poikatsu,決算セールでポイ活する方法!家電・日用品をお得に買う判断基準,campaign,popular_articles
nenmatsunenshi-poikatsu,年末年始のポイ活術!帰省・おせち・初売りで使える節約ポイント,campaign,8,4_same_thumb_type,natsuyasumi-poikatsu-junbi,夏休み前のポイ活準備!旅行・レジャー・日用品を計画的に買う方法,campaign,popular_articles
nenmatsunenshi-poikatsu,年末年始のポイ活術!帰省・おせち・初売りで使える節約ポイント,campaign,9,4_same_thumb_type,paypay-campaign-katsuyo,PayPayでポイントを効率よく貯める方法!キャンペーン活用の基本,campaign,popular_articles
nenmatsunenshi-poikatsu,年末年始のポイ活術!帰省・おせち・初売りで使える節約ポイント,campaign,10,4_same_thumb_type,paypay-jichitai-campaign-2026,【2026年10月〜】PayPay自治体キャンペーンまとめ!都城市・宮古島市の還元率・上限を解説,campaign,popular_articles
net-ginkou-poikatsu,ネット銀行を使ったポイ活術!振込・ATM・残高条件の見方,kouza,1,1_own_outbound_link,docomo-ginkou-dpoint-poikatsu,ドコモの銀行でdポイントを貯める方法|dアカウント連携・還元条件,kouza,popular_articles
net-ginkou-poikatsu,ネット銀行を使ったポイ活術!振込・ATM・残高条件の見方,kouza,2,1_own_outbound_link,point-tamaru-ginkou-hikaku,ポイントが貯まる銀行を比較!d・楽天・V・Ponta・PayPay系の選び方,kouza,popular_articles
net-ginkou-poikatsu,ネット銀行を使ったポイ活術!振込・ATM・残高条件の見方,kouza,3,6_same_category,dmm-kabu-poikatsu,DMM株とは?少額投資・低手数料が魅力の株式投資アプリを解説,kouza,popular_articles
net-ginkou-poikatsu,ネット銀行を使ったポイ活術!振込・ATM・残高条件の見方,kouza,4,6_same_category,matsui-shouken-ideco-poikatsu,松井証券のiDeCoとは?手数料0円・低コスト商品の特徴を解説,kouza,popular_articles
net-ginkou-poikatsu,ネット銀行を使ったポイ活術!振込・ATM・残高条件の見方,kouza,5,6_same_category,monex-shouken-toha,マネックス証券とは?特徴とポイントの貯め方をわかりやすく解説,kouza,popular_articles
net-ginkou-poikatsu,ネット銀行を使ったポイ活術!振込・ATM・残高条件の見方,kouza,6,6_same_category,paypaysec-shouken-toha,PayPay証券とは?特徴とポイントの貯め方をわかりやすく解説,kouza,popular_articles
net-ginkou-poikatsu,ネット銀行を使ったポイ活術!振込・ATM・残高条件の見方,kouza,7,6_same_category,rakuten-ginkou-happy-program,楽天銀行ハッピープログラムの基本!銀行取引で楽天ポイントを貯める方法,kouza,popular_articles
net-ginkou-poikatsu,ネット銀行を使ったポイ活術!振込・ATM・残高条件の見方,kouza,8,6_same_category,rakuten-shouken-toha,楽天証券とは?特徴とポイントの貯め方をわかりやすく解説,kouza,popular_articles
net-ginkou-poikatsu,ネット銀行を使ったポイ活術!振込・ATM・残高条件の見方,kouza,9,6_same_category,sbisec-shouken-toha,SBI証券とは?特徴とポイントの貯め方をわかりやすく解説,kouza,popular_articles
net-ginkou-poikatsu,ネット銀行を使ったポイ活術!振込・ATM・残高条件の見方,kouza,10,6_same_category,fx-kouza-anken-poikatsu,FX口座案件のポイ活は注意が必要?高還元に飛びつく前の確認点,kouza,popular_articles
net-shopping-point-kiso,ネットショッピングでポイントを貯める方法!楽天・Yahoo・Amazonの基本,shopping,1,1_own_outbound_link,yahoo-shopping-toha,Yahoo!ショッピングとは?特徴とポイントの貯め方をわかりやすく解説,shopping,popular_articles
net-shopping-point-kiso,ネットショッピングでポイントを貯める方法!楽天・Yahoo・Amazonの基本,shopping,2,1_own_outbound_link,amazon-tsuhan-toha,Amazonとは?特徴とポイントの貯め方をわかりやすく解説,shopping,popular_articles
net-shopping-point-kiso,ネットショッピングでポイントを貯める方法!楽天・Yahoo・Amazonの基本,shopping,3,1_own_outbound_link,aupay-market-toha,au PAY マーケットとは?特徴とポイントの貯め方をわかりやすく解説,shopping,popular_articles
net-shopping-point-kiso,ネットショッピングでポイントを貯める方法!楽天・Yahoo・Amazonの基本,shopping,4,3_tag_match,code-kessai-4sha-hikaku,コード決済4社を徹底比較|PayPay・d払い・楽天ペイ・au PAY,shopping,popular_articles
net-shopping-point-kiso,ネットショッピングでポイントを貯める方法!楽天・Yahoo・Amazonの基本,shopping,5,3_tag_match,drugstore-point-hikaku,ドラッグストアのポイントを徹底比較|マツキヨ・ウエルシア・スギ薬局・ツルハなど,shopping,popular_articles
net-shopping-point-kiso,ネットショッピングでポイントを貯める方法!楽天・Yahoo・Amazonの基本,shopping,6,3_tag_match,kadenryohanten-point-hikaku,家電量販店のポイント比較|還元率・現金値引き・支払い方法を7社で比較,shopping,popular_articles
net-shopping-point-kiso,ネットショッピングでポイントを貯める方法!楽天・Yahoo・Amazonの基本,shopping,7,3_tag_match,kikangentei-point-5shu-hikaku,期間限定ポイント5種を比較!失効前に使い切る方法,shopping,popular_articles
net-shopping-point-kiso,ネットショッピングでポイントを貯める方法!楽天・Yahoo・Amazonの基本,shopping,8,3_tag_match,kikangentei-point-tsukaimichi,期間限定ポイントのおすすめ使い道|失効前にすぐ使える交換先ガイド,shopping,popular_articles
net-shopping-point-kiso,ネットショッピングでポイントを貯める方法!楽天・Yahoo・Amazonの基本,shopping,9,3_tag_match,point-niju-sanjudori-kumiawase,ポイント二重取り・三重取りの組み合わせ早見表!おすすめルートを解説,shopping,popular_articles
net-shopping-point-kiso,ネットショッピングでポイントを貯める方法!楽天・Yahoo・Amazonの基本,shopping,10,3_tag_match,point-toushi-unyou-service-hikaku,ポイント投資・ポイント運用を主要サービスで比較,shopping,popular_articles
net-super-poikatsu,ネットスーパーのポイントを比較|Ponta・楽天・WAON POINTなど対応状況を解説,shopping,1,1_own_outbound_link,ponta-supermarket,Pontaが貯まるスーパー一覧|使える店舗・地域スーパーも比較,shopping,popular_articles
net-super-poikatsu,ネットスーパーのポイントを比較|Ponta・楽天・WAON POINTなど対応状況を解説,shopping,2,1_own_outbound_link,rakuten-point-supermarket,楽天ポイントが貯まるスーパー一覧|使える店舗・地域スーパーも比較,shopping,popular_articles
net-super-poikatsu,ネットスーパーのポイントを比較|Ponta・楽天・WAON POINTなど対応状況を解説,shopping,3,1_own_outbound_link,d-point-supermarket,dポイントが貯まるスーパー一覧|使える店舗・地域スーパーも比較,shopping,popular_articles
net-super-poikatsu,ネットスーパーのポイントを比較|Ponta・楽天・WAON POINTなど対応状況を解説,shopping,4,1_own_outbound_link,v-point-supermarket,Vポイントが貯まるスーパー一覧|使える店舗・地域スーパーも比較,shopping,popular_articles
net-super-poikatsu,ネットスーパーのポイントを比較|Ponta・楽天・WAON POINTなど対応状況を解説,shopping,5,2_inbound_link,hikkoshi-seikatsuyohin-poikatsu,引越し後の生活用品で使えるポイ活術!支出が増える前に確認したい節約ポイント,shopping,popular_articles
net-super-poikatsu,ネットスーパーのポイントを比較|Ponta・楽天・WAON POINTなど対応状況を解説,shopping,6,3_tag_match,ana-jal-mile-hikaku,ANAマイルとJALマイルはどっち?貯めやすさ・使いやすさを比較,shopping,popular_articles
net-super-poikatsu,ネットスーパーのポイントを比較|Ponta・楽天・WAON POINTなど対応状況を解説,shopping,7,3_tag_match,ana-mileageplus-hikaku,ANAマイルとMileagePlusはどっち?同じスターアライアンスで何が違う?,shopping,popular_articles
net-super-poikatsu,ネットスーパーのポイントを比較|Ponta・楽天・WAON POINTなど対応状況を解説,shopping,8,3_tag_match,au-uq-ponta,au・UQユーザーはPontaポイントにまとめるべき?相性の良いサービスを解説,shopping,popular_articles
net-super-poikatsu,ネットスーパーのポイントを比較|Ponta・楽天・WAON POINTなど対応状況を解説,shopping,9,3_tag_match,aupay-market-poikatsu,au PAYマーケットでポイントを活用する方法!買い物前の確認ポイント,shopping,popular_articles
net-super-poikatsu,ネットスーパーのポイントを比較|Ponta・楽天・WAON POINTなど対応状況を解説,shopping,10,3_tag_match,aupay-market-toha,au PAY マーケットとは?特徴とポイントの貯め方をわかりやすく解説,shopping,popular_articles
nexus-card-poikatsu,Nexus Cardとは?特徴と申込前に確認したいポイントを解説,creditcard,1,4_same_thumb_type,cosmo-opus-card-poikatsu,コスモ・ザ・カード・オーパスとは?ガソリン割引の特徴を解説,creditcard,popular_articles
nexus-card-poikatsu,Nexus Cardとは?特徴と申込前に確認したいポイントを解説,creditcard,2,4_same_thumb_type,epos-card-poikatsu,エポスカードとは?年会費無料の特徴とマルイでの優待を解説,creditcard,popular_articles
nexus-card-poikatsu,Nexus Cardとは?特徴と申込前に確認したいポイントを解説,creditcard,3,4_same_thumb_type,odakyu-point-card-poikatsu,小田急ポイントカードとは?OPポイントの貯め方を解説,creditcard,popular_articles
nexus-card-poikatsu,Nexus Cardとは?特徴と申込前に確認したいポイントを解説,creditcard,4,5_category_hub,rakuten-card-poikatsu,楽天カードはポイ活に向いている?メリットと注意点を初心者向けに解説,creditcard,popular_articles
nexus-card-poikatsu,Nexus Cardとは?特徴と申込前に確認したいポイントを解説,creditcard,5,5_category_hub,dcard-poikatsu,dカードはポイ活におすすめ?dポイントを貯めやすい人の特徴,creditcard,popular_articles
nexus-card-poikatsu,Nexus Cardとは?特徴と申込前に確認したいポイントを解説,creditcard,6,6_same_category,mitsui-sumitomo-card-vpoint,三井住友カードでVポイントを貯める方法!対象店舗とタッチ決済の基本,creditcard,popular_articles
nexus-card-poikatsu,Nexus Cardとは?特徴と申込前に確認したいポイントを解説,creditcard,7,6_same_category,credit-card-mile-hikaku,マイルが貯まるクレジットカード比較|ANA・JALの還元と移行条件,creditcard,popular_articles
nexus-card-poikatsu,Nexus Cardとは?特徴と申込前に確認したいポイントを解説,creditcard,8,6_same_category,ana-amex-poikatsu,ANAアメックスが大幅刷新!ゴールド・プレミアムの新特典とマイル還元まとめ,creditcard,popular_articles
nexus-card-poikatsu,Nexus Cardとは?特徴と申込前に確認したいポイントを解説,creditcard,9,6_same_category,credit-card-common-point-hikaku,共通ポイント別クレジットカード比較|d・楽天・Ponta・Vポイントで選ぶ,creditcard,popular_articles
nexus-card-poikatsu,Nexus Cardとは?特徴と申込前に確認したいポイントを解説,creditcard,10,6_same_category,credit-card-point-hikaku,クレジットカードのポイントを徹底比較|還元率・年会費・使い道で選ぶ,creditcard,popular_articles
nifty-docomo-hikari-poikatsu,@nifty with ドコモ光とは?キャッシュバックと料金・特典を解説,seikatsu,1,4_same_thumb_type,ahamo-hikari-poikatsu,ahamo光とは?料金・dポイント特典・工事費無料の条件を解説,seikatsu,popular_articles
nifty-docomo-hikari-poikatsu,@nifty with ドコモ光とは?キャッシュバックと料金・特典を解説,seikatsu,2,4_same_thumb_type,ana-hikari-poikatsu,ANAマイルが貯まる光回線が登場!「ANA光 powered by SoftBank」を徹底解説,seikatsu,popular_articles
nifty-docomo-hikari-poikatsu,@nifty with ドコモ光とは?キャッシュバックと料金・特典を解説,seikatsu,3,4_same_thumb_type,auhikari-poikatsu,auひかりとは?NEXT経由の申込みでキャッシュバックが早いって本当?,seikatsu,popular_articles
nifty-docomo-hikari-poikatsu,@nifty with ドコモ光とは?キャッシュバックと料金・特典を解説,seikatsu,4,4_same_thumb_type,biglobe-hikari-poikatsu,BIGLOBE光とは?フレッツ光の設備を使った高速・格安光回線を解説,seikatsu,popular_articles
nifty-docomo-hikari-poikatsu,@nifty with ドコモ光とは?キャッシュバックと料金・特典を解説,seikatsu,5,4_same_thumb_type,docomo-denki-poikatsu,ドコモでんきとは?電気代でdポイントが貯まる仕組みを解説,seikatsu,popular_articles
nifty-docomo-hikari-poikatsu,@nifty with ドコモ光とは?キャッシュバックと料金・特典を解説,seikatsu,6,4_same_thumb_type,rakuten-hikari-poikatsu,楽天ひかりとは?楽天モバイルとセットで楽天市場ポイントが7倍になる光回線,seikatsu,popular_articles
nifty-docomo-hikari-poikatsu,@nifty with ドコモ光とは?キャッシュバックと料金・特典を解説,seikatsu,7,4_same_thumb_type,rakuten-mobile-poikatsu,楽天モバイルとは?データ使い放題と楽天ポイント最大+4倍を解説,seikatsu,popular_articles
nifty-docomo-hikari-poikatsu,@nifty with ドコモ光とは?キャッシュバックと料金・特典を解説,seikatsu,8,4_same_thumb_type,softbank-hikari-poikatsu,SoftBank 光とは?フレッツ光より安い高速光回線とキャッシュバックを解説,seikatsu,popular_articles
nifty-docomo-hikari-poikatsu,@nifty with ドコモ光とは?キャッシュバックと料金・特典を解説,seikatsu,9,5_category_hub,aupay-furusato-poikatsu,au PAYふるさと納税のPontaポイントは貯まる?2025年10月の変更を解説,seikatsu,popular_articles
nifty-docomo-hikari-poikatsu,@nifty with ドコモ光とは?キャッシュバックと料金・特典を解説,seikatsu,10,6_same_category,d-value-pass-poikatsu,dバリューパスとは?初月無料で壁紙・待受が使い放題のサブスク,seikatsu,popular_articles
nifty-point-club-poikatsu,ニフティポイントクラブの活用術!ネット利用者向けのポイ活基本,pointsite,1,2_inbound_link,pointsite-kyakka-genin,ポイントサイトで却下される原因は?承認条件の読み方を初心者向けに解説,pointsite,popular_articles
nifty-point-club-poikatsu,ニフティポイントクラブの活用術!ネット利用者向けのポイ活基本,pointsite,2,4_same_thumb_type,amefri-poikatsu,アメフリとは?すきま時間で貯まるポイントサイトの特徴を解説,pointsite,popular_articles
nifty-point-club-poikatsu,ニフティポイントクラブの活用術!ネット利用者向けのポイ活基本,pointsite,3,4_same_thumb_type,chobirich-poikatsu,ちょびリッチとは?評判・特徴からポイントの貯め方まで徹底解説,pointsite,popular_articles
nifty-point-club-poikatsu,ニフティポイントクラブの活用術!ネット利用者向けのポイ活基本,pointsite,4,4_same_thumb_type,chobirich-tsukaikata,ちょびリッチの使い方!ポイントサイト初心者が見るべき案件と交換先,pointsite,popular_articles
nifty-point-club-poikatsu,ニフティポイントクラブの活用術!ネット利用者向けのポイ活基本,pointsite,5,4_same_thumb_type,ecnavi-poikatsu,ECナビとは?多彩な方法でポイントが貯まるポイントサイトの特徴を解説,pointsite,popular_articles
nifty-point-club-poikatsu,ニフティポイントクラブの活用術!ネット利用者向けのポイ活基本,pointsite,6,4_same_thumb_type,ecnavi-tsukaikata,ECナビでポイントを貯める方法!アンケートと買い物を組み合わせるコツ,pointsite,popular_articles
nifty-point-club-poikatsu,ニフティポイントクラブの活用術!ネット利用者向けのポイ活基本,pointsite,7,4_same_thumb_type,hapitas-poikatsu,ハピタスとは?ポイント還元率・交換方法・登録方法をわかりやすく解説,pointsite,popular_articles
nifty-point-club-poikatsu,ニフティポイントクラブの活用術!ネット利用者向けのポイ活基本,pointsite,8,4_same_thumb_type,moppy-hajimekata,モッピーでポイ活を始める方法!高還元案件を見る前の確認ポイント,pointsite,popular_articles
nifty-point-club-poikatsu,ニフティポイントクラブの活用術!ネット利用者向けのポイ活基本,pointsite,9,4_same_thumb_type,muryou-kaiin-touroku-poikatsu,無料会員登録案件でポイ活する方法とは?登録前後の確認ポイントを解説,pointsite,popular_articles
nifty-point-club-poikatsu,ニフティポイントクラブの活用術!ネット利用者向けのポイ活基本,pointsite,10,4_same_thumb_type,point-museum-poikatsu,ポイントミュージアムとは?安全性・交換条件・特徴をわかりやすく解説,pointsite,popular_articles
nissen-toha,ニッセンとは?特徴とポイントの貯め方をわかりやすく解説,shopping,1,4_same_thumb_type,amazon-tsuhan-toha,Amazonとは?特徴とポイントの貯め方をわかりやすく解説,shopping,popular_articles
nissen-toha,ニッセンとは?特徴とポイントの貯め方をわかりやすく解説,shopping,2,4_same_thumb_type,aupay-market-toha,au PAY マーケットとは?特徴とポイントの貯め方をわかりやすく解説,shopping,popular_articles
nissen-toha,ニッセンとは?特徴とポイントの貯め方をわかりやすく解説,shopping,3,4_same_thumb_type,biccamera-toha,ビックカメラ.comとは?特徴とポイントの貯め方をわかりやすく解説,shopping,popular_articles
nissen-toha,ニッセンとは?特徴とポイントの貯め方をわかりやすく解説,shopping,4,4_same_thumb_type,charge-route-point,チャージルートでポイントを増やす考え方!複雑にしすぎない決済設計,shopping,popular_articles
nissen-toha,ニッセンとは?特徴とポイントの貯め方をわかりやすく解説,shopping,5,4_same_thumb_type,daimaru-matsuzakaya-toha,大丸松坂屋オンラインストアとは?特徴とポイントの貯め方をわかりやすく解説,shopping,popular_articles
nissen-toha,ニッセンとは?特徴とポイントの貯め方をわかりやすく解説,shopping,6,4_same_thumb_type,docomo-select-toha,docomo selectとは?スマホアクセサリー購入とdポイントを解説,shopping,popular_articles
nissen-toha,ニッセンとは?特徴とポイントの貯め方をわかりやすく解説,shopping,7,4_same_thumb_type,dpoint-tsukaimichi,dポイントのおすすめの使い道!コンビニ・ドラッグストア・ネットで使う方法,shopping,popular_articles
nissen-toha,ニッセンとは?特徴とポイントの貯め方をわかりやすく解説,shopping,8,4_same_thumb_type,dshopping-toha,dショッピングとは?特徴とポイントの貯め方をわかりやすく解説,shopping,popular_articles
nissen-toha,ニッセンとは?特徴とポイントの貯め方をわかりやすく解説,shopping,9,4_same_thumb_type,ec-current-poikatsu,ECカレントとは?家電通販の特徴とポイント制度を解説,shopping,popular_articles
nissen-toha,ニッセンとは?特徴とポイントの貯め方をわかりやすく解説,shopping,10,4_same_thumb_type,hikkoshi-poikatsu,引っ越しでポイ活する方法!見積もり・家具購入・手続きの確認ポイント,shopping,popular_articles
nyuugaku-shingaku-junbi-point,入学・進学準備でポイントを貯める方法!学用品購入の節約術,shopping,1,4_same_thumb_type,abc-mart-poikatsu,ABC-MARTでポイ活する方法!靴購入時のアプリ・決済チェック,shopping,popular_articles
nyuugaku-shingaku-junbi-point,入学・進学準備でポイントを貯める方法!学用品購入の節約術,shopping,2,4_same_thumb_type,bousai-goods-poikatsu,防災グッズ購入でポイ活する方法!備蓄を無駄なくそろえるコツ,shopping,popular_articles
nyuugaku-shingaku-junbi-point,入学・進学準備でポイントを貯める方法!学用品購入の節約術,shopping,3,4_same_thumb_type,cashless-setsuyaku,キャッシュレス決済で節約する方法!現金派から始めるポイ活入門,shopping,popular_articles
nyuugaku-shingaku-junbi-point,入学・進学準備でポイントを貯める方法!学用品購入の節約術,shopping,4,4_same_thumb_type,dpoint-kiso,dポイントの貯め方を初心者向けに解説!ドコモ以外の人でも使える?,shopping,popular_articles
nyuugaku-shingaku-junbi-point,入学・進学準備でポイントを貯める方法!学用品購入の節約術,shopping,5,4_same_thumb_type,hasuu-shiharai-point,端数支払いでポイントを使う方法!少額ポイントを無駄にしないコツ,shopping,popular_articles
nyuugaku-shingaku-junbi-point,入学・進学準備でポイントを貯める方法!学用品購入の節約術,shopping,6,4_same_thumb_type,hyakkaten-depart-poikatsu,百貨店のポイントを比較!高島屋・三越伊勢丹・大丸松坂屋など,shopping,popular_articles
nyuugaku-shingaku-junbi-point,入学・進学準備でポイントを貯める方法!学用品購入の節約術,shopping,7,4_same_thumb_type,kikangentei-point-tsukaimichi,期間限定ポイントのおすすめ使い道|失効前にすぐ使える交換先ガイド,shopping,popular_articles
nyuugaku-shingaku-junbi-point,入学・進学準備でポイントを貯める方法!学用品購入の節約術,shopping,8,4_same_thumb_type,nanaco-point-kiso,nanacoポイントの貯め方と使い方!セブン系で活用する基本,shopping,popular_articles
nyuugaku-shingaku-junbi-point,入学・進学準備でポイントを貯める方法!学用品購入の節約術,shopping,9,4_same_thumb_type,net-shopping-point-kiso,ネットショッピングでポイントを貯める方法!楽天・Yahoo・Amazonの基本,shopping,popular_articles
nyuugaku-shingaku-junbi-point,入学・進学準備でポイントを貯める方法!学用品購入の節約術,shopping,10,4_same_thumb_type,paypay-point-kiso,PayPayポイントとは?貯め方・使い方・注意点を初心者向けに解説,shopping,popular_articles
ocn-online-shop-toha,OCNオンラインショップとは?特徴とお得な買い方をわかりやすく解説,shopping,1,3_tag_match,code-kessai-4sha-hikaku,コード決済4社を徹底比較|PayPay・d払い・楽天ペイ・au PAY,shopping,popular_articles
ocn-online-shop-toha,OCNオンラインショップとは?特徴とお得な買い方をわかりやすく解説,shopping,2,3_tag_match,d-point-supermarket,dポイントが貯まるスーパー一覧|使える店舗・地域スーパーも比較,shopping,popular_articles
ocn-online-shop-toha,OCNオンラインショップとは?特徴とお得な買い方をわかりやすく解説,shopping,3,3_tag_match,docomo-ahamo-dpoint,ドコモ・ahamoユーザーはdポイントにまとめるべき?相性の良いサービスを解説,shopping,popular_articles
ocn-online-shop-toha,OCNオンラインショップとは?特徴とお得な買い方をわかりやすく解説,shopping,4,3_tag_match,docomo-select-toha,docomo selectとは?スマホアクセサリー購入とdポイントを解説,shopping,popular_articles
ocn-online-shop-toha,OCNオンラインショップとは?特徴とお得な買い方をわかりやすく解説,shopping,5,3_tag_match,doramori-point,ドラッグストアモリのポイントを解説|ポイントデー・使い方・キャッシュレス時の条件,shopping,popular_articles
ocn-online-shop-toha,OCNオンラインショップとは?特徴とお得な買い方をわかりやすく解説,shopping,6,3_tag_match,dpoint-d-harai,d払いでdポイントを貯める方法!日常決済で活用するコツ,shopping,popular_articles
ocn-online-shop-toha,OCNオンラインショップとは?特徴とお得な買い方をわかりやすく解説,shopping,7,3_tag_match,dpoint-hanei-sarenai,dポイントが反映されない原因は?dポイントマーケットの確認方法も解説,shopping,popular_articles
ocn-online-shop-toha,OCNオンラインショップとは?特徴とお得な買い方をわかりやすく解説,shopping,8,3_tag_match,dpoint-kiso,dポイントの貯め方を初心者向けに解説!ドコモ以外の人でも使える?,shopping,popular_articles
ocn-online-shop-toha,OCNオンラインショップとは?特徴とお得な買い方をわかりやすく解説,shopping,9,3_tag_match,dpoint-ponta-hikaku,dポイントとPontaはどっちが得?貯め方・使える店・有効期限を比較,shopping,popular_articles
ocn-online-shop-toha,OCNオンラインショップとは?特徴とお得な買い方をわかりやすく解説,shopping,10,3_tag_match,dpoint-tsukaimichi,dポイントのおすすめの使い道!コンビニ・ドラッグストア・ネットで使う方法,shopping,popular_articles
odakyu-point-card-poikatsu,小田急ポイントカードとは?OPポイントの貯め方を解説,creditcard,1,4_same_thumb_type,cosmo-opus-card-poikatsu,コスモ・ザ・カード・オーパスとは?ガソリン割引の特徴を解説,creditcard,popular_articles
odakyu-point-card-poikatsu,小田急ポイントカードとは?OPポイントの貯め方を解説,creditcard,2,4_same_thumb_type,epos-card-poikatsu,エポスカードとは?年会費無料の特徴とマルイでの優待を解説,creditcard,popular_articles
odakyu-point-card-poikatsu,小田急ポイントカードとは?OPポイントの貯め方を解説,creditcard,3,4_same_thumb_type,nexus-card-poikatsu,Nexus Cardとは?特徴と申込前に確認したいポイントを解説,creditcard,popular_articles
odakyu-point-card-poikatsu,小田急ポイントカードとは?OPポイントの貯め方を解説,creditcard,4,5_category_hub,rakuten-card-poikatsu,楽天カードはポイ活に向いている?メリットと注意点を初心者向けに解説,creditcard,popular_articles
odakyu-point-card-poikatsu,小田急ポイントカードとは?OPポイントの貯め方を解説,creditcard,5,5_category_hub,dcard-poikatsu,dカードはポイ活におすすめ?dポイントを貯めやすい人の特徴,creditcard,popular_articles
odakyu-point-card-poikatsu,小田急ポイントカードとは?OPポイントの貯め方を解説,creditcard,6,6_same_category,mitsui-sumitomo-card-vpoint,三井住友カードでVポイントを貯める方法!対象店舗とタッチ決済の基本,creditcard,popular_articles
odakyu-point-card-poikatsu,小田急ポイントカードとは?OPポイントの貯め方を解説,creditcard,7,6_same_category,credit-card-mile-hikaku,マイルが貯まるクレジットカード比較|ANA・JALの還元と移行条件,creditcard,popular_articles
odakyu-point-card-poikatsu,小田急ポイントカードとは?OPポイントの貯め方を解説,creditcard,8,6_same_category,ana-amex-poikatsu,ANAアメックスが大幅刷新!ゴールド・プレミアムの新特典とマイル還元まとめ,creditcard,popular_articles
odakyu-point-card-poikatsu,小田急ポイントカードとは?OPポイントの貯め方を解説,creditcard,9,6_same_category,credit-card-common-point-hikaku,共通ポイント別クレジットカード比較|d・楽天・Ponta・Vポイントで選ぶ,creditcard,popular_articles
odakyu-point-card-poikatsu,小田急ポイントカードとは?OPポイントの貯め方を解説,creditcard,10,6_same_category,credit-card-point-hikaku,クレジットカードのポイントを徹底比較|還元率・年会費・使い道で選ぶ,creditcard,popular_articles
one-receipt-poikatsu,ONEでレシートポイ活を始める方法!撮影前に確認したいポイント,app,1,2_inbound_link,receipt-app-poikatsu,レシートアプリでポイ活する方法!買い物後に捨てずに活用するコツ,app,popular_articles
one-receipt-poikatsu,ONEでレシートポイ活を始める方法!撮影前に確認したいポイント,app,2,4_same_thumb_type,code-receipt-poikatsu,CODEで商品バーコードを使ったポイ活!レシート登録と案件活用の基本,app,popular_articles
one-receipt-poikatsu,ONEでレシートポイ活を始める方法!撮影前に確認したいポイント,app,3,4_same_thumb_type,reshichare-poikatsu,レシチャレ(旧クラシルリワード)で貯めるポイ活とは?レシート・移動・広告の使い方,app,popular_articles
one-receipt-poikatsu,ONEでレシートポイ活を始める方法!撮影前に確認したいポイント,app,4,4_same_thumb_type,taxi-app-poikatsu,タクシーアプリでポイ活する方法!クーポンと決済ポイントの使い方,app,popular_articles
one-receipt-poikatsu,ONEでレシートポイ活を始める方法!撮影前に確認したいポイント,app,5,4_same_thumb_type,tiktok-lite-poikatsu,TikTok Liteのポイ活はどう使う?登録前に確認したい条件と注意点,app,popular_articles
one-receipt-poikatsu,ONEでレシートポイ活を始める方法!撮影前に確認したいポイント,app,6,4_same_thumb_type,torima-idou-poikatsu,トリマで移動ポイ活する方法!歩く・移動する前に知るべき注意点,app,popular_articles
one-receipt-poikatsu,ONEでレシートポイ活を始める方法!撮影前に確認したいポイント,app,7,6_same_category,app-hitsuyou,ポイ活アプリは必要?初心者におすすめの使い分けと管理方法,app,popular_articles
one-receipt-poikatsu,ONEでレシートポイ活を始める方法!撮影前に確認したいポイント,app,8,6_same_category,app-install-anken-poikatsu,アプリインストール案件のポイ活とは?条件達成・アンインストールの注意点を解説,app,popular_articles
one-receipt-poikatsu,ONEでレシートポイ活を始める方法!撮影前に確認したいポイント,app,9,6_same_category,hashport-wallet-poikatsu,HashPort Walletとは?暗号資産・ポイント・NFTを一元管理できるアプリ,app,popular_articles
one-receipt-poikatsu,ONEでレシートポイ活を始める方法!撮影前に確認したいポイント,app,10,6_same_category,hosuu-app-poikatsu,歩数アプリでポイントを貯める方法!健康習慣と節約を両立するコツ,app,popular_articles
opinionworld-poikatsu,OpinionWorld(オピニオンワールド)とは?ポイント・交換先・安全性を公式情報で解説,survey,1,1_own_outbound_link,ipsos-isay-poikatsu,Ipsos iSay(イプソス・アイセイ)とは?特徴・ポイントの貯め方を解説,survey,popular_articles
opinionworld-poikatsu,OpinionWorld(オピニオンワールド)とは?ポイント・交換先・安全性を公式情報で解説,survey,2,1_own_outbound_link,iresearch-poikatsu,アイリサーチとは?自社会場調査・ポイントの貯め方をわかりやすく解説,survey,popular_articles
opinionworld-poikatsu,OpinionWorld(オピニオンワールド)とは?ポイント・交換先・安全性を公式情報で解説,survey,3,2_inbound_link,enquete-monitor-poikatsu,アンケートモニターでポイ活する方法!スキマ時間で稼ぐ前の基本,survey,popular_articles
opinionworld-poikatsu,OpinionWorld(オピニオンワールド)とは?ポイント・交換先・安全性を公式情報で解説,survey,4,4_same_thumb_type,cue-monitor-poikatsu,キューモニターでアンケートポイ活!初心者が知るべき使い方,survey,popular_articles
opinionworld-poikatsu,OpinionWorld(オピニオンワールド)とは?ポイント・交換先・安全性を公式情報で解説,survey,5,4_same_thumb_type,fancrew-poikatsu,ファンくるとは?覆面調査の仕組み・ポイント・安全性を解説,survey,popular_articles
opinionworld-poikatsu,OpinionWorld(オピニオンワールド)とは?ポイント・交換先・安全性を公式情報で解説,survey,6,4_same_thumb_type,fruitmail-poikatsu,フルーツメールとは?ゲーム・アンケートでポイントが貯まる懸賞サイト,survey,popular_articles
opinionworld-poikatsu,OpinionWorld(オピニオンワールド)とは?ポイント・交換先・安全性を公式情報で解説,survey,7,4_same_thumb_type,macromill-poikatsu,マクロミルとは?アンケート回答でポイントが貯まるモニターサービス,survey,popular_articles
opinionworld-poikatsu,OpinionWorld(オピニオンワールド)とは?ポイント・交換先・安全性を公式情報で解説,survey,8,4_same_thumb_type,macromill-tsukaikata,マクロミルでアンケートポイ活を始める方法!回答前の注意点を解説,survey,popular_articles
opinionworld-poikatsu,OpinionWorld(オピニオンワールド)とは?ポイント・交換先・安全性を公式情報で解説,survey,9,6_same_category,infoq-poikatsu,infoQでポイ活する方法!アンケートと記事作成案件の見方,survey,popular_articles
opinionworld-poikatsu,OpinionWorld(オピニオンワールド)とは?ポイント・交換先・安全性を公式情報で解説,survey,10,6_same_category,monitor-town-poikatsu,モニタータウンとは?PC調査モニターの特徴・参加方法をわかりやすく解説,survey,popular_articles
pasmo-icoca-poikatsu,PASMO・ICOCAでもポイ活できる?交通系IC利用者向けの確認ポイント,shopping,1,4_same_thumb_type,amazon-gift-charge,Amazonギフト券チャージで損しない考え方!支払い方法と使い切りのコツ,shopping,popular_articles
pasmo-icoca-poikatsu,PASMO・ICOCAでもポイ活できる?交通系IC利用者向けの確認ポイント,shopping,2,4_same_thumb_type,amazon-poikatsu,Amazonでポイ活はできる?ポイントを貯める方法と注意点を解説,shopping,popular_articles
pasmo-icoca-poikatsu,PASMO・ICOCAでもポイ活できる?交通系IC利用者向けの確認ポイント,shopping,3,4_same_thumb_type,chuushajou-yoyaku-poikatsu,駐車場予約サービスでポイ活する方法!イベント前に確認したい条件,shopping,popular_articles
pasmo-icoca-poikatsu,PASMO・ICOCAでもポイ活できる?交通系IC利用者向けの確認ポイント,shopping,4,4_same_thumb_type,dpoint-hanei-sarenai,dポイントが反映されない原因は?dポイントマーケットの確認方法も解説,shopping,popular_articles
pasmo-icoca-poikatsu,PASMO・ICOCAでもポイ活できる?交通系IC利用者向けの確認ポイント,shopping,5,4_same_thumb_type,furusato-nozei-poikatsu,ふるさと納税でポイ活はできる?ポイント還元と注意点をわかりやすく解説,shopping,popular_articles
pasmo-icoca-poikatsu,PASMO・ICOCAでもポイ活できる?交通系IC利用者向けの確認ポイント,shopping,6,4_same_thumb_type,game-kakin-point,ゲーム課金でポイントを貯める方法!Apple・Google残高利用時の注意,shopping,popular_articles
pasmo-icoca-poikatsu,PASMO・ICOCAでもポイ活できる?交通系IC利用者向けの確認ポイント,shopping,7,4_same_thumb_type,halloween-yohin-poikatsu,ハロウィン用品でポイ活する方法!衣装・お菓子を買いすぎないコツ,shopping,popular_articles
pasmo-icoca-poikatsu,PASMO・ICOCAでもポイ活できる?交通系IC利用者向けの確認ポイント,shopping,8,4_same_thumb_type,hikkoshi-seikatsuyohin-poikatsu,引越し後の生活用品で使えるポイ活術!支出が増える前に確認したい節約ポイント,shopping,popular_articles
pasmo-icoca-poikatsu,PASMO・ICOCAでもポイ活できる?交通系IC利用者向けの確認ポイント,shopping,9,4_same_thumb_type,iryouhi-shohouyaku-point,医療費・処方薬でポイントは貯まる?支払い前に確認したい注意点,shopping,popular_articles
pasmo-icoca-poikatsu,PASMO・ICOCAでもポイ活できる?交通系IC利用者向けの確認ポイント,shopping,10,4_same_thumb_type,koukyou-ryokin-poikatsu,電気・ガス・水道でポイントは貯まる?公共料金ポイ活の基本,shopping,popular_articles
paypay-campaign-katsuyo,PayPayでポイントを効率よく貯める方法!キャンペーン活用の基本,campaign,1,2_inbound_link,paypay-jichitai-campaign-2026,【2026年10月〜】PayPay自治体キャンペーンまとめ!都城市・宮古島市の還元率・上限を解説,campaign,popular_articles
paypay-campaign-katsuyo,PayPayでポイントを効率よく貯める方法!キャンペーン活用の基本,campaign,2,2_inbound_link,paypay-point-tamekata,PayPayポイントの貯め方とは?もらう方法・使い方を解説,,popular_articles
paypay-campaign-katsuyo,PayPayでポイントを効率よく貯める方法!キャンペーン活用の基本,campaign,3,2_inbound_link,softbank-ymobile-paypay-point,SoftBank・Y!mobileならPayPayポイント?相性の良いサービスを比較,shopping,popular_articles
paypay-campaign-katsuyo,PayPayでポイントを効率よく貯める方法!キャンペーン活用の基本,campaign,4,3_tag_match,kakuyasu-sim-norikae-poikatsu,格安SIM乗り換えでポイ活する方法!通信費を下げながら得する流れ,campaign,popular_articles
paypay-campaign-katsuyo,PayPayでポイントを効率よく貯める方法!キャンペーン活用の基本,campaign,5,3_tag_match,sumaho-kessai-campaign-mikata,スマホ決済キャンペーンの見方!エントリー・上限・対象店舗を確認しよう,campaign,popular_articles
paypay-campaign-katsuyo,PayPayでポイントを効率よく貯める方法!キャンペーン活用の基本,campaign,6,3_tag_match,travelist-poikatsu,トラベリストとは?発券方法・ポイント還元・手数料をわかりやすく解説,campaign,popular_articles
paypay-campaign-katsuyo,PayPayでポイントを効率よく貯める方法!キャンペーン活用の基本,campaign,7,3_tag_match,yahoo-travel-poikatsu,Yahoo!トラベルとは?PayPayポイントが貯まる・使える宿泊予約サービス,campaign,popular_articles
paypay-campaign-katsuyo,PayPayでポイントを効率よく貯める方法!キャンペーン活用の基本,campaign,8,3_tag_match,yahoo-travel-tsukaikata,Yahoo!トラベルでポイントを活用する方法!宿泊予約前の確認ポイント,campaign,popular_articles
paypay-campaign-katsuyo,PayPayでポイントを効率よく貯める方法!キャンペーン活用の基本,campaign,9,4_same_thumb_type,bonus-tsuki-poikatsu-keikaku,ボーナス月のポイ活計画!大きな買い物で損しない予算管理,campaign,popular_articles
paypay-campaign-katsuyo,PayPayでポイントを効率よく貯める方法!キャンペーン活用の基本,campaign,10,4_same_thumb_type,fukubukuro-hatsuuri-poikatsu,福袋・初売りでポイ活する方法!お得に見えて損しない選び方,campaign,popular_articles
paypay-jichitai-campaign-2026,【2026年10月〜】PayPay自治体キャンペーンまとめ!都城市・宮古島市の還元率・上限を解説,campaign,1,1_own_outbound_link,paypay-point-kiso,PayPayポイントとは?貯め方・使い方・注意点を初心者向けに解説,shopping,popular_articles
paypay-jichitai-campaign-2026,【2026年10月〜】PayPay自治体キャンペーンまとめ!都城市・宮古島市の還元率・上限を解説,campaign,2,1_own_outbound_link,paypay-campaign-katsuyo,PayPayでポイントを効率よく貯める方法!キャンペーン活用の基本,campaign,popular_articles
paypay-jichitai-campaign-2026,【2026年10月〜】PayPay自治体キャンペーンまとめ!都城市・宮古島市の還元率・上限を解説,campaign,3,1_own_outbound_link,paypay-point-tsukaikata,PayPayポイントの使い方とは?店舗・連携・交換まで完全ガイド,,popular_articles
paypay-jichitai-campaign-2026,【2026年10月〜】PayPay自治体キャンペーンまとめ!都城市・宮古島市の還元率・上限を解説,campaign,4,3_tag_match,kakuyasu-sim-norikae-poikatsu,格安SIM乗り換えでポイ活する方法!通信費を下げながら得する流れ,campaign,popular_articles
paypay-jichitai-campaign-2026,【2026年10月〜】PayPay自治体キャンペーンまとめ!都城市・宮古島市の還元率・上限を解説,campaign,5,3_tag_match,sumaho-kessai-campaign-mikata,スマホ決済キャンペーンの見方!エントリー・上限・対象店舗を確認しよう,campaign,popular_articles
paypay-jichitai-campaign-2026,【2026年10月〜】PayPay自治体キャンペーンまとめ!都城市・宮古島市の還元率・上限を解説,campaign,6,3_tag_match,travelist-poikatsu,トラベリストとは?発券方法・ポイント還元・手数料をわかりやすく解説,campaign,popular_articles
paypay-jichitai-campaign-2026,【2026年10月〜】PayPay自治体キャンペーンまとめ!都城市・宮古島市の還元率・上限を解説,campaign,7,3_tag_match,yahoo-travel-poikatsu,Yahoo!トラベルとは?PayPayポイントが貯まる・使える宿泊予約サービス,campaign,popular_articles
paypay-jichitai-campaign-2026,【2026年10月〜】PayPay自治体キャンペーンまとめ!都城市・宮古島市の還元率・上限を解説,campaign,8,3_tag_match,yahoo-travel-tsukaikata,Yahoo!トラベルでポイントを活用する方法!宿泊予約前の確認ポイント,campaign,popular_articles
paypay-jichitai-campaign-2026,【2026年10月〜】PayPay自治体キャンペーンまとめ!都城市・宮古島市の還元率・上限を解説,campaign,9,4_same_thumb_type,bonus-tsuki-poikatsu-keikaku,ボーナス月のポイ活計画!大きな買い物で損しない予算管理,campaign,popular_articles
paypay-jichitai-campaign-2026,【2026年10月〜】PayPay自治体キャンペーンまとめ!都城市・宮古島市の還元率・上限を解説,campaign,10,4_same_thumb_type,fukubukuro-hatsuuri-poikatsu,福袋・初売りでポイ活する方法!お得に見えて損しない選び方,campaign,popular_articles
paypay-point-kiso,PayPayポイントとは?貯め方・使い方・注意点を初心者向けに解説,shopping,1,2_inbound_link,paypay-jichitai-campaign-2026,【2026年10月〜】PayPay自治体キャンペーンまとめ!都城市・宮古島市の還元率・上限を解説,campaign,popular_articles
paypay-point-kiso,PayPayポイントとは?貯め方・使い方・注意点を初心者向けに解説,shopping,2,2_inbound_link,paypay-point-tamekata,PayPayポイントの貯め方とは?もらう方法・使い方を解説,,popular_articles
paypay-point-kiso,PayPayポイントとは?貯め方・使い方・注意点を初心者向けに解説,shopping,3,2_inbound_link,softbank-ymobile-paypay-point,SoftBank・Y!mobileならPayPayポイント?相性の良いサービスを比較,shopping,popular_articles
paypay-point-kiso,PayPayポイントとは?貯め方・使い方・注意点を初心者向けに解説,shopping,4,2_inbound_link,starbucks-poikatsu,スタバのポイント「Star」はどう貯まる?貯め方・交換先・有効期限を解説,shopping,popular_articles
paypay-point-kiso,PayPayポイントとは?貯め方・使い方・注意点を初心者向けに解説,shopping,5,2_inbound_link,yahoo-travel-ultrasale-poikatsu,Yahoo!トラベル「ウルトラセール」とは?最大3万円クーポン・PayPayポイント特典を解説,campaign,popular_articles
paypay-point-kiso,PayPayポイントとは?貯め方・使い方・注意点を初心者向けに解説,shopping,6,3_tag_match,code-kessai-4sha-hikaku,コード決済4社を徹底比較|PayPay・d払い・楽天ペイ・au PAY,shopping,popular_articles
paypay-point-kiso,PayPayポイントとは?貯め方・使い方・注意点を初心者向けに解説,shopping,7,3_tag_match,kikangentei-point-5shu-hikaku,期間限定ポイント5種を比較!失効前に使い切る方法,shopping,popular_articles
paypay-point-kiso,PayPayポイントとは?貯め方・使い方・注意点を初心者向けに解説,shopping,8,3_tag_match,kikangentei-point-tsukaimichi,期間限定ポイントのおすすめ使い道|失効前にすぐ使える交換先ガイド,shopping,popular_articles
paypay-point-kiso,PayPayポイントとは?貯め方・使い方・注意点を初心者向けに解説,shopping,9,3_tag_match,lohaco-toha,LOHACOとは?特徴とポイントの貯め方をわかりやすく解説,shopping,popular_articles
paypay-point-kiso,PayPayポイントとは?貯め方・使い方・注意点を初心者向けに解説,shopping,10,3_tag_match,paypay-point-tsukaimichi,PayPayポイントの使い道おすすめ!支払い・運用・貯蓄感覚で使う方法,shopping,popular_articles
paypay-point-tamekata,PayPayポイントの貯め方とは?もらう方法・使い方を解説,,1,1_own_outbound_link,yahoo-shopping-toha,Yahoo!ショッピングとは?特徴とポイントの貯め方をわかりやすく解説,shopping,popular_articles
paypay-point-tamekata,PayPayポイントの貯め方とは?もらう方法・使い方を解説,,2,1_own_outbound_link,yahoo-travel-poikatsu,Yahoo!トラベルとは?PayPayポイントが貯まる・使える宿泊予約サービス,campaign,popular_articles
paypay-point-tamekata,PayPayポイントの貯め方とは?もらう方法・使い方を解説,,3,1_own_outbound_link,retty-poikatsu,Rettyとは?会員登録不要でPayPayポイントが貯まるグルメ予約サービス,seikatsu,popular_articles
paypay-point-tamekata,PayPayポイントの貯め方とは?もらう方法・使い方を解説,,4,1_own_outbound_link,paypay-point-kiso,PayPayポイントとは?貯め方・使い方・注意点を初心者向けに解説,shopping,popular_articles
paypay-point-tamekata,PayPayポイントの貯め方とは?もらう方法・使い方を解説,,5,1_own_outbound_link,paypay-campaign-katsuyo,PayPayでポイントを効率よく貯める方法!キャンペーン活用の基本,campaign,popular_articles
paypay-point-tamekata,PayPayポイントの貯め方とは?もらう方法・使い方を解説,,6,1_own_outbound_link,paypay-point-tsukaikata,PayPayポイントの使い方とは?店舗・連携・交換まで完全ガイド,,popular_articles
paypay-point-tamekata,PayPayポイントの貯め方とは?もらう方法・使い方を解説,,7,1_own_outbound_link,paypay-point-tsukanai,PayPayポイントが付かない原因は?確認すべき条件と対策,shopping,popular_articles
paypay-point-tsukaikata,PayPayポイントの使い方とは?店舗・連携・交換まで完全ガイド,,1,1_own_outbound_link,yahoo-travel-poikatsu,Yahoo!トラベルとは?PayPayポイントが貯まる・使える宿泊予約サービス,campaign,popular_articles
paypay-point-tsukaikata,PayPayポイントの使い方とは?店舗・連携・交換まで完全ガイド,,2,1_own_outbound_link,retty-poikatsu,Rettyとは?会員登録不要でPayPayポイントが貯まるグルメ予約サービス,seikatsu,popular_articles
paypay-point-tsukaikata,PayPayポイントの使い方とは?店舗・連携・交換まで完全ガイド,,3,2_inbound_link,paypay-jichitai-campaign-2026,【2026年10月〜】PayPay自治体キャンペーンまとめ!都城市・宮古島市の還元率・上限を解説,campaign,popular_articles
paypay-point-tsukaikata,PayPayポイントの使い方とは?店舗・連携・交換まで完全ガイド,,4,2_inbound_link,paypay-point-tamekata,PayPayポイントの貯め方とは?もらう方法・使い方を解説,,popular_articles
paypay-point-tsukaikata,PayPayポイントの使い方とは?店舗・連携・交換まで完全ガイド,,5,2_inbound_link,paypay-vpoint-koukan,PayPayポイント⇄Vポイント相互交換ガイド|レート・手順・注意点,shopping,popular_articles
paypay-point-tsukaikata,PayPayポイントの使い方とは?店舗・連携・交換まで完全ガイド,,6,2_inbound_link,softbank-ymobile-paypay-point,SoftBank・Y!mobileならPayPayポイント?相性の良いサービスを比較,shopping,popular_articles
paypay-point-tsukaikata,PayPayポイントの使い方とは?店舗・連携・交換まで完全ガイド,,7,2_inbound_link,vpoint-tsukaikata,Vポイントの使い方とは?店舗・連携・交換まで完全ガイド,,popular_articles
paypay-point-tsukaimichi,PayPayポイントの使い道おすすめ!支払い・運用・貯蓄感覚で使う方法,shopping,1,3_tag_match,code-kessai-4sha-hikaku,コード決済4社を徹底比較|PayPay・d払い・楽天ペイ・au PAY,shopping,popular_articles
paypay-point-tsukaimichi,PayPayポイントの使い道おすすめ!支払い・運用・貯蓄感覚で使う方法,shopping,2,3_tag_match,kikangentei-point-5shu-hikaku,期間限定ポイント5種を比較!失効前に使い切る方法,shopping,popular_articles
paypay-point-tsukaimichi,PayPayポイントの使い道おすすめ!支払い・運用・貯蓄感覚で使う方法,shopping,3,3_tag_match,kikangentei-point-tsukaimichi,期間限定ポイントのおすすめ使い道|失効前にすぐ使える交換先ガイド,shopping,popular_articles
paypay-point-tsukaimichi,PayPayポイントの使い道おすすめ!支払い・運用・貯蓄感覚で使う方法,shopping,4,3_tag_match,lohaco-toha,LOHACOとは?特徴とポイントの貯め方をわかりやすく解説,shopping,popular_articles
paypay-point-tsukaimichi,PayPayポイントの使い道おすすめ!支払い・運用・貯蓄感覚で使う方法,shopping,5,3_tag_match,paypay-point-kiso,PayPayポイントとは?貯め方・使い方・注意点を初心者向けに解説,shopping,popular_articles
paypay-point-tsukaimichi,PayPayポイントの使い道おすすめ!支払い・運用・貯蓄感覚で使う方法,shopping,6,3_tag_match,paypay-point-tsukanai,PayPayポイントが付かない原因は?確認すべき条件と対策,shopping,popular_articles
paypay-point-tsukaimichi,PayPayポイントの使い道おすすめ!支払い・運用・貯蓄感覚で使う方法,shopping,7,3_tag_match,paypay-vpoint-koukan,PayPayポイント⇄Vポイント相互交換ガイド|レート・手順・注意点,shopping,popular_articles
paypay-point-tsukaimichi,PayPayポイントの使い道おすすめ!支払い・運用・貯蓄感覚で使う方法,shopping,8,3_tag_match,point-niju-sanjudori-kumiawase,ポイント二重取り・三重取りの組み合わせ早見表!おすすめルートを解説,shopping,popular_articles
paypay-point-tsukaimichi,PayPayポイントの使い道おすすめ!支払い・運用・貯蓄感覚で使う方法,shopping,9,3_tag_match,point-toushi-unyou-service-hikaku,ポイント投資・ポイント運用を主要サービスで比較,shopping,popular_articles
paypay-point-tsukaimichi,PayPayポイントの使い道おすすめ!支払い・運用・貯蓄感覚で使う方法,shopping,10,3_tag_match,qr-kessai-poikatsu,QRコード決済でポイントを貯める方法!支払い前のチェックポイント,shopping,popular_articles
paypay-point-tsukanai,PayPayポイントが付かない原因は?確認すべき条件と対策,shopping,1,2_inbound_link,paypay-point-tamekata,PayPayポイントの貯め方とは?もらう方法・使い方を解説,,popular_articles
paypay-point-tsukanai,PayPayポイントが付かない原因は?確認すべき条件と対策,shopping,2,3_tag_match,code-kessai-4sha-hikaku,コード決済4社を徹底比較|PayPay・d払い・楽天ペイ・au PAY,shopping,popular_articles
paypay-point-tsukanai,PayPayポイントが付かない原因は?確認すべき条件と対策,shopping,3,3_tag_match,kikangentei-point-5shu-hikaku,期間限定ポイント5種を比較!失効前に使い切る方法,shopping,popular_articles
paypay-point-tsukanai,PayPayポイントが付かない原因は?確認すべき条件と対策,shopping,4,3_tag_match,kikangentei-point-tsukaimichi,期間限定ポイントのおすすめ使い道|失効前にすぐ使える交換先ガイド,shopping,popular_articles
paypay-point-tsukanai,PayPayポイントが付かない原因は?確認すべき条件と対策,shopping,5,3_tag_match,lohaco-toha,LOHACOとは?特徴とポイントの貯め方をわかりやすく解説,shopping,popular_articles
paypay-point-tsukanai,PayPayポイントが付かない原因は?確認すべき条件と対策,shopping,6,3_tag_match,paypay-point-kiso,PayPayポイントとは?貯め方・使い方・注意点を初心者向けに解説,shopping,popular_articles
paypay-point-tsukanai,PayPayポイントが付かない原因は?確認すべき条件と対策,shopping,7,3_tag_match,paypay-point-tsukaimichi,PayPayポイントの使い道おすすめ!支払い・運用・貯蓄感覚で使う方法,shopping,popular_articles
paypay-point-tsukanai,PayPayポイントが付かない原因は?確認すべき条件と対策,shopping,8,3_tag_match,paypay-vpoint-koukan,PayPayポイント⇄Vポイント相互交換ガイド|レート・手順・注意点,shopping,popular_articles
paypay-point-tsukanai,PayPayポイントが付かない原因は?確認すべき条件と対策,shopping,9,3_tag_match,point-niju-sanjudori-kumiawase,ポイント二重取り・三重取りの組み合わせ早見表!おすすめルートを解説,shopping,popular_articles
paypay-point-tsukanai,PayPayポイントが付かない原因は?確認すべき条件と対策,shopping,10,3_tag_match,point-toushi-unyou-service-hikaku,ポイント投資・ポイント運用を主要サービスで比較,shopping,popular_articles
paypay-vpoint-koukan,PayPayポイント⇄Vポイント相互交換ガイド|レート・手順・注意点,shopping,1,1_own_outbound_link,point-yuukoukigen-kanri,ポイントの有効期限を管理する方法!失効を防ぐチェック習慣,shopping,popular_articles
paypay-vpoint-koukan,PayPayポイント⇄Vポイント相互交換ガイド|レート・手順・注意点,shopping,2,1_own_outbound_link,paypay-point-tsukaikata,PayPayポイントの使い方とは?店舗・連携・交換まで完全ガイド,,popular_articles
paypay-vpoint-koukan,PayPayポイント⇄Vポイント相互交換ガイド|レート・手順・注意点,shopping,3,1_own_outbound_link,vpoint-tsukaikata,Vポイントの使い方とは?店舗・連携・交換まで完全ガイド,,popular_articles
paypay-vpoint-koukan,PayPayポイント⇄Vポイント相互交換ガイド|レート・手順・注意点,shopping,4,3_tag_match,ana-jal-mile-hikaku,ANAマイルとJALマイルはどっち?貯めやすさ・使いやすさを比較,shopping,popular_articles
paypay-vpoint-koukan,PayPayポイント⇄Vポイント相互交換ガイド|レート・手順・注意点,shopping,5,3_tag_match,ana-mileageplus-hikaku,ANAマイルとMileagePlusはどっち?同じスターアライアンスで何が違う?,shopping,popular_articles
paypay-vpoint-koukan,PayPayポイント⇄Vポイント相互交換ガイド|レート・手順・注意点,shopping,6,3_tag_match,au-uq-ponta,au・UQユーザーはPontaポイントにまとめるべき?相性の良いサービスを解説,shopping,popular_articles
paypay-vpoint-koukan,PayPayポイント⇄Vポイント相互交換ガイド|レート・手順・注意点,shopping,7,3_tag_match,cleaning-poikatsu,クリーニング代でポイントを貯める方法!宅配と店舗を比較するコツ,shopping,popular_articles
paypay-vpoint-koukan,PayPayポイント⇄Vポイント相互交換ガイド|レート・手順・注意点,shopping,8,3_tag_match,code-kessai-4sha-hikaku,コード決済4社を徹底比較|PayPay・d払い・楽天ペイ・au PAY,shopping,popular_articles
paypay-vpoint-koukan,PayPayポイント⇄Vポイント相互交換ガイド|レート・手順・注意点,shopping,9,3_tag_match,docomo-ahamo-dpoint,ドコモ・ahamoユーザーはdポイントにまとめるべき?相性の良いサービスを解説,shopping,popular_articles
paypay-vpoint-koukan,PayPayポイント⇄Vポイント相互交換ガイド|レート・手順・注意点,shopping,10,3_tag_match,dpoint-ponta-hikaku,dポイントとPontaはどっちが得?貯め方・使える店・有効期限を比較,shopping,popular_articles
paypaysec-shouken-toha,PayPay証券とは?特徴とポイントの貯め方をわかりやすく解説,kouza,1,1_own_outbound_link,point-toushi-unyou-service-hikaku,ポイント投資・ポイント運用を主要サービスで比較,shopping,popular_articles
paypaysec-shouken-toha,PayPay証券とは?特徴とポイントの貯め方をわかりやすく解説,kouza,2,3_tag_match,point-tamaru-ginkou-hikaku,ポイントが貯まる銀行を比較!d・楽天・V・Ponta・PayPay系の選び方,kouza,popular_articles
paypaysec-shouken-toha,PayPay証券とは?特徴とポイントの貯め方をわかりやすく解説,kouza,3,4_same_thumb_type,monex-shouken-toha,マネックス証券とは?特徴とポイントの貯め方をわかりやすく解説,kouza,popular_articles
paypaysec-shouken-toha,PayPay証券とは?特徴とポイントの貯め方をわかりやすく解説,kouza,4,4_same_thumb_type,rakuten-ginkou-happy-program,楽天銀行ハッピープログラムの基本!銀行取引で楽天ポイントを貯める方法,kouza,popular_articles
paypaysec-shouken-toha,PayPay証券とは?特徴とポイントの貯め方をわかりやすく解説,kouza,5,4_same_thumb_type,rakuten-shouken-toha,楽天証券とは?特徴とポイントの貯め方をわかりやすく解説,kouza,popular_articles
paypaysec-shouken-toha,PayPay証券とは?特徴とポイントの貯め方をわかりやすく解説,kouza,6,4_same_thumb_type,sbisec-shouken-toha,SBI証券とは?特徴とポイントの貯め方をわかりやすく解説,kouza,popular_articles
paypaysec-shouken-toha,PayPay証券とは?特徴とポイントの貯め方をわかりやすく解説,kouza,7,5_category_hub,docomo-ginkou-dpoint-poikatsu,ドコモの銀行でdポイントを貯める方法|dアカウント連携・還元条件,kouza,popular_articles
paypaysec-shouken-toha,PayPay証券とは?特徴とポイントの貯め方をわかりやすく解説,kouza,8,6_same_category,dmm-kabu-poikatsu,DMM株とは?少額投資・低手数料が魅力の株式投資アプリを解説,kouza,popular_articles
paypaysec-shouken-toha,PayPay証券とは?特徴とポイントの貯め方をわかりやすく解説,kouza,9,6_same_category,matsui-shouken-ideco-poikatsu,松井証券のiDeCoとは?手数料0円・低コスト商品の特徴を解説,kouza,popular_articles
paypaysec-shouken-toha,PayPay証券とは?特徴とポイントの貯め方をわかりやすく解説,kouza,10,6_same_category,net-ginkou-poikatsu,ネット銀行を使ったポイ活術!振込・ATM・残高条件の見方,kouza,popular_articles
pet-yohin-poikatsu,ペット用品でポイ活する方法!定期購入とまとめ買いの節約術,shopping,1,4_same_thumb_type,abc-mart-poikatsu,ABC-MARTでポイ活する方法!靴購入時のアプリ・決済チェック,shopping,popular_articles
pet-yohin-poikatsu,ペット用品でポイ活する方法!定期購入とまとめ買いの節約術,shopping,2,4_same_thumb_type,bousai-goods-poikatsu,防災グッズ購入でポイ活する方法!備蓄を無駄なくそろえるコツ,shopping,popular_articles
pet-yohin-poikatsu,ペット用品でポイ活する方法!定期購入とまとめ買いの節約術,shopping,3,4_same_thumb_type,cashless-setsuyaku,キャッシュレス決済で節約する方法!現金派から始めるポイ活入門,shopping,popular_articles
pet-yohin-poikatsu,ペット用品でポイ活する方法!定期購入とまとめ買いの節約術,shopping,4,4_same_thumb_type,dpoint-kiso,dポイントの貯め方を初心者向けに解説!ドコモ以外の人でも使える?,shopping,popular_articles
pet-yohin-poikatsu,ペット用品でポイ活する方法!定期購入とまとめ買いの節約術,shopping,5,4_same_thumb_type,hasuu-shiharai-point,端数支払いでポイントを使う方法!少額ポイントを無駄にしないコツ,shopping,popular_articles
pet-yohin-poikatsu,ペット用品でポイ活する方法!定期購入とまとめ買いの節約術,shopping,6,4_same_thumb_type,hyakkaten-depart-poikatsu,百貨店のポイントを比較!高島屋・三越伊勢丹・大丸松坂屋など,shopping,popular_articles
pet-yohin-poikatsu,ペット用品でポイ活する方法!定期購入とまとめ買いの節約術,shopping,7,4_same_thumb_type,kikangentei-point-tsukaimichi,期間限定ポイントのおすすめ使い道|失効前にすぐ使える交換先ガイド,shopping,popular_articles
pet-yohin-poikatsu,ペット用品でポイ活する方法!定期購入とまとめ買いの節約術,shopping,8,4_same_thumb_type,nanaco-point-kiso,nanacoポイントの貯め方と使い方!セブン系で活用する基本,shopping,popular_articles
pet-yohin-poikatsu,ペット用品でポイ活する方法!定期購入とまとめ買いの節約術,shopping,9,4_same_thumb_type,net-shopping-point-kiso,ネットショッピングでポイントを貯める方法!楽天・Yahoo・Amazonの基本,shopping,popular_articles
pet-yohin-poikatsu,ペット用品でポイ活する方法!定期購入とまとめ買いの節約術,shopping,10,4_same_thumb_type,nyuugaku-shingaku-junbi-point,入学・進学準備でポイントを貯める方法!学用品購入の節約術,shopping,popular_articles
poikatsu-campaign-shippai-boushi,ポイ活キャンペーンで失敗しない方法!エントリー忘れと上限に注意,campaign,1,4_same_thumb_type,airtrip-tsukaikata,エアトリで旅行予約ポイ活!航空券購入前に見るべき費用とポイント,campaign,popular_articles
poikatsu-campaign-shippai-boushi,ポイ活キャンペーンで失敗しない方法!エントリー忘れと上限に注意,campaign,2,4_same_thumb_type,ame-heijitsu-campaign-poikatsu,雨の日・平日限定キャンペーンのポイ活術!条件を見落とさないコツ,campaign,popular_articles
poikatsu-campaign-shippai-boushi,ポイ活キャンペーンで失敗しない方法!エントリー忘れと上限に注意,campaign,3,4_same_thumb_type,black-friday-poikatsu,ブラックフライデーで失敗しないポイ活!買うものリストと上限確認の基本,campaign,popular_articles
poikatsu-campaign-shippai-boushi,ポイ活キャンペーンで失敗しない方法!エントリー忘れと上限に注意,campaign,4,4_same_thumb_type,rakuten-travel-supersale-poikatsu,楽天トラベルスーパーセールで失敗しないポイ活!予約前チェックリスト,campaign,popular_articles
poikatsu-campaign-shippai-boushi,ポイ活キャンペーンで失敗しない方法!エントリー忘れと上限に注意,campaign,5,4_same_thumb_type,yahoo-travel-tsukaikata,Yahoo!トラベルでポイントを活用する方法!宿泊予約前の確認ポイント,campaign,popular_articles
poikatsu-campaign-shippai-boushi,ポイ活キャンペーンで失敗しない方法!エントリー忘れと上限に注意,campaign,6,5_category_hub,jalan-net-poikatsu,じゃらんnetとは?宿・ホテル予約でポイントが貯まる仕組みを解説,campaign,popular_articles
poikatsu-campaign-shippai-boushi,ポイ活キャンペーンで失敗しない方法!エントリー忘れと上限に注意,campaign,7,5_category_hub,yahoo-travel-poikatsu,Yahoo!トラベルとは?PayPayポイントが貯まる・使える宿泊予約サービス,campaign,popular_articles
poikatsu-campaign-shippai-boushi,ポイ活キャンペーンで失敗しない方法!エントリー忘れと上限に注意,campaign,8,6_same_category,paypay-campaign-katsuyo,PayPayでポイントを効率よく貯める方法!キャンペーン活用の基本,campaign,popular_articles
poikatsu-campaign-shippai-boushi,ポイ活キャンペーンで失敗しない方法!エントリー忘れと上限に注意,campaign,9,6_same_category,airtrip-poikatsu,エアトリポイントの使い道は?貯め方・有効期限をわかりやすく解説,campaign,popular_articles
poikatsu-campaign-shippai-boushi,ポイ活キャンペーンで失敗しない方法!エントリー忘れと上限に注意,campaign,10,6_same_category,jalan-tsukaikata,じゃらんでポイ活する方法!宿泊・遊び体験予約でポイントを貯めるコツ,campaign,popular_articles
poikatsu-demerit,ポイ活のデメリットとは?時間・個人情報・無駄買いのリスクを解説,pointsite,1,4_same_thumb_type,chihou-zaijuu-poikatsu,地方在住者のポイ活術!使える店舗が少ない時のポイント活用法,pointsite,popular_articles
poikatsu-demerit,ポイ活のデメリットとは?時間・個人情報・無駄買いのリスクを解説,pointsite,2,4_same_thumb_type,hoken-soudan-anken-poikatsu,保険相談案件のポイ活とは?面談前に知っておきたいメリットと注意点,pointsite,popular_articles
poikatsu-demerit,ポイ活のデメリットとは?時間・個人情報・無駄買いのリスクを解説,pointsite,3,4_same_thumb_type,kaigai-zaijuu-point-kanri,海外在住者が日本のポイントを管理する方法!帰国時に使う前提の考え方,pointsite,popular_articles
poikatsu-demerit,ポイ活のデメリットとは?時間・個人情報・無駄買いのリスクを解説,pointsite,4,4_same_thumb_type,kazoku-account-poikatsu-chuui,家族アカウントでポイ活する時の注意点!規約確認とトラブル防止,pointsite,popular_articles
poikatsu-demerit,ポイ活のデメリットとは?時間・個人情報・無駄買いのリスクを解説,pointsite,5,4_same_thumb_type,keiyu-wasure-boushi,ポイントサイト経由忘れを防ぐ方法!買い物前チェックを習慣化するコツ,pointsite,popular_articles
poikatsu-demerit,ポイ活のデメリットとは?時間・個人情報・無駄買いのリスクを解説,pointsite,6,4_same_thumb_type,poikatsu-kojinjouhou-mamoru,ポイ活で個人情報を守る方法!登録前に確認したい安全チェック,pointsite,popular_articles
poikatsu-demerit,ポイ活のデメリットとは?時間・個人情報・無駄買いのリスクを解説,pointsite,7,4_same_thumb_type,poikatsu-kuchikomi-shinyou,ポイ活の口コミは信用できる?体験談を見る時のチェックポイント,pointsite,popular_articles
poikatsu-demerit,ポイ活のデメリットとは?時間・個人情報・無駄買いのリスクを解説,pointsite,8,4_same_thumb_type,poikatsu-muki-fumuki,ポイ活で節約できる人・できない人の違い!向き不向きを解説,pointsite,popular_articles
poikatsu-demerit,ポイ活のデメリットとは?時間・個人情報・無駄買いのリスクを解説,pointsite,9,4_same_thumb_type,poikatsu-yattehaikenai-koto,ポイ活でやってはいけないこと!規約違反・不正利用・危険な案件に注意,pointsite,popular_articles
poikatsu-demerit,ポイ活のデメリットとは?時間・個人情報・無駄買いのリスクを解説,pointsite,10,4_same_thumb_type,pointsite-kougaku-anken,ポイントサイトの高額案件を見る前に!口座開設・カード案件の注意点,pointsite,popular_articles
poikatsu-kakeibo,ポイ活を家計簿に活かす方法!ポイントを収入ではなく節約として管理する,pointsite,1,4_same_thumb_type,campaign-memo-tsukurikata,キャンペーンメモの作り方!エントリー忘れを減らすポイ活管理術,pointsite,popular_articles
poikatsu-kakeibo,ポイ活を家計簿に活かす方法!ポイントを収入ではなく節約として管理する,pointsite,2,4_same_thumb_type,entry-calendar-tsukurikata,エントリーカレンダーの作り方!毎月のポイ活予定を見える化する,pointsite,popular_articles
poikatsu-kakeibo,ポイ活を家計簿に活かす方法!ポイントを収入ではなく節約として管理する,pointsite,3,4_same_thumb_type,fuyoyotei-point-mieruka,付与予定ポイントの見える化術!反映待ちを忘れないチェック習慣,pointsite,popular_articles
poikatsu-kakeibo,ポイ活を家計簿に活かす方法!ポイントを収入ではなく節約として管理する,pointsite,4,4_same_thumb_type,gendama-poikatsu,げん玉とは?ポイントの貯め方・交換方法をわかりやすく解説,pointsite,popular_articles
poikatsu-kakeibo,ポイ活を家計簿に活かす方法!ポイントを収入ではなく節約として管理する,pointsite,5,4_same_thumb_type,hitorigurashi-poikatsu,一人暮らしのポイ活術!固定費と日用品をポイントで節約する方法,pointsite,popular_articles
poikatsu-kakeibo,ポイ活を家計簿に活かす方法!ポイントを収入ではなく節約として管理する,pointsite,6,4_same_thumb_type,isogashii-kaishain-shuumatsu-poikatsu,忙しい会社員の週末ポイ活ルーティン!平日に追わない管理方法,pointsite,popular_articles
poikatsu-kakeibo,ポイ活を家計簿に活かす方法!ポイントを収入ではなく節約として管理する,pointsite,7,4_same_thumb_type,poikatsu-minaoshi-timing,ポイ活の見直しタイミングはいつ?使わないサービスを整理する方法,pointsite,popular_articles
poikatsu-kakeibo,ポイ活を家計簿に活かす方法!ポイントを収入ではなく節約として管理する,pointsite,8,4_same_thumb_type,poikatsu-yuusenjyuni,ポイ活の優先順位を決める方法!時間効率の良い案件と買い物の選び方,pointsite,popular_articles
poikatsu-kakeibo,ポイ活を家計簿に活かす方法!ポイントを収入ではなく節約として管理する,pointsite,9,4_same_thumb_type,point-shuushihyou-tsukurikata,ポイント収支表の作り方!貯める・使う・失効を見える化する方法,pointsite,popular_articles
poikatsu-kakeibo,ポイ活を家計簿に活かす方法!ポイントを収入ではなく節約として管理する,pointsite,10,4_same_thumb_type,point-toiawase-junbi,ポイント問い合わせの準備方法!必要情報をそろえてスムーズに確認する,pointsite,popular_articles
poikatsu-kiso,ポイ活とは?初心者が最初に知っておきたい仕組みと始め方,pointsite,1,2_inbound_link,hoken-soudan-anken-poikatsu,保険相談案件のポイ活とは?面談前に知っておきたいメリットと注意点,pointsite,popular_articles
poikatsu-kiso,ポイ活とは?初心者が最初に知っておきたい仕組みと始め方,pointsite,2,2_inbound_link,hon-denshi-shoseki-poikatsu,本・電子書籍のポイ活方法|楽天ブックス・Kobo・hontoの還元率を比較,shopping,popular_articles
poikatsu-kiso,ポイ活とは?初心者が最初に知っておきたい仕組みと始め方,pointsite,3,2_inbound_link,ipsos-isay-poikatsu,Ipsos iSay(イプソス・アイセイ)とは?特徴・ポイントの貯め方を解説,survey,popular_articles
poikatsu-kiso,ポイ活とは?初心者が最初に知っておきたい仕組みと始め方,pointsite,4,2_inbound_link,iresearch-poikatsu,アイリサーチとは?自社会場調査・ポイントの貯め方をわかりやすく解説,survey,popular_articles
poikatsu-kiso,ポイ活とは?初心者が最初に知っておきたい仕組みと始め方,pointsite,5,5_category_hub,yosekatsu,ポイ活の新常識!ポイントを分散せず効率よく貯める「寄せ活」の始め方,pointsite,popular_articles
poikatsu-kiso,ポイ活とは?初心者が最初に知っておきたい仕組みと始め方,pointsite,6,6_same_category,hapitas-poikatsu,ハピタスとは?ポイント還元率・交換方法・登録方法をわかりやすく解説,pointsite,popular_articles
poikatsu-kiso,ポイ活とは?初心者が最初に知っておきたい仕組みと始め方,pointsite,7,6_same_category,keiyu-wasure-boushi,ポイントサイト経由忘れを防ぐ方法!買い物前チェックを習慣化するコツ,pointsite,popular_articles
poikatsu-kiso,ポイ活とは?初心者が最初に知っておきたい仕組みと始め方,pointsite,8,6_same_category,moppy-hajimekata,モッピーでポイ活を始める方法!高還元案件を見る前の確認ポイント,pointsite,popular_articles
poikatsu-kiso,ポイ活とは?初心者が最初に知っておきたい仕組みと始め方,pointsite,9,6_same_category,pointsite-kyakka-genin,ポイントサイトで却下される原因は?承認条件の読み方を初心者向けに解説,pointsite,popular_articles
poikatsu-kiso,ポイ活とは?初心者が最初に知っておきたい仕組みと始め方,pointsite,10,6_same_category,chobirich-poikatsu,ちょびリッチとは?評判・特徴からポイントの貯め方まで徹底解説,pointsite,popular_articles
poikatsu-kojinjouhou-mamoru,ポイ活で個人情報を守る方法!登録前に確認したい安全チェック,pointsite,1,2_inbound_link,point-museum-poikatsu,ポイントミュージアムとは?安全性・交換条件・特徴をわかりやすく解説,pointsite,popular_articles
poikatsu-kojinjouhou-mamoru,ポイ活で個人情報を守る方法!登録前に確認したい安全チェック,pointsite,2,4_same_thumb_type,chihou-zaijuu-poikatsu,地方在住者のポイ活術!使える店舗が少ない時のポイント活用法,pointsite,popular_articles
poikatsu-kojinjouhou-mamoru,ポイ活で個人情報を守る方法!登録前に確認したい安全チェック,pointsite,3,4_same_thumb_type,hoken-soudan-anken-poikatsu,保険相談案件のポイ活とは?面談前に知っておきたいメリットと注意点,pointsite,popular_articles
poikatsu-kojinjouhou-mamoru,ポイ活で個人情報を守る方法!登録前に確認したい安全チェック,pointsite,4,4_same_thumb_type,kaigai-zaijuu-point-kanri,海外在住者が日本のポイントを管理する方法!帰国時に使う前提の考え方,pointsite,popular_articles
poikatsu-kojinjouhou-mamoru,ポイ活で個人情報を守る方法!登録前に確認したい安全チェック,pointsite,5,4_same_thumb_type,kazoku-account-poikatsu-chuui,家族アカウントでポイ活する時の注意点!規約確認とトラブル防止,pointsite,popular_articles
poikatsu-kojinjouhou-mamoru,ポイ活で個人情報を守る方法!登録前に確認したい安全チェック,pointsite,6,4_same_thumb_type,keiyu-wasure-boushi,ポイントサイト経由忘れを防ぐ方法!買い物前チェックを習慣化するコツ,pointsite,popular_articles
poikatsu-kojinjouhou-mamoru,ポイ活で個人情報を守る方法!登録前に確認したい安全チェック,pointsite,7,4_same_thumb_type,poikatsu-demerit,ポイ活のデメリットとは?時間・個人情報・無駄買いのリスクを解説,pointsite,popular_articles
poikatsu-kojinjouhou-mamoru,ポイ活で個人情報を守る方法!登録前に確認したい安全チェック,pointsite,8,4_same_thumb_type,poikatsu-kuchikomi-shinyou,ポイ活の口コミは信用できる?体験談を見る時のチェックポイント,pointsite,popular_articles
poikatsu-kojinjouhou-mamoru,ポイ活で個人情報を守る方法!登録前に確認したい安全チェック,pointsite,9,4_same_thumb_type,poikatsu-muki-fumuki,ポイ活で節約できる人・できない人の違い!向き不向きを解説,pointsite,popular_articles
poikatsu-kojinjouhou-mamoru,ポイ活で個人情報を守る方法!登録前に確認したい安全チェック,pointsite,10,4_same_thumb_type,poikatsu-yattehaikenai-koto,ポイ活でやってはいけないこと!規約違反・不正利用・危険な案件に注意,pointsite,popular_articles
poikatsu-kuchikomi-shinyou,ポイ活の口コミは信用できる?体験談を見る時のチェックポイント,pointsite,1,4_same_thumb_type,chihou-zaijuu-poikatsu,地方在住者のポイ活術!使える店舗が少ない時のポイント活用法,pointsite,popular_articles
poikatsu-kuchikomi-shinyou,ポイ活の口コミは信用できる?体験談を見る時のチェックポイント,pointsite,2,4_same_thumb_type,hoken-soudan-anken-poikatsu,保険相談案件のポイ活とは?面談前に知っておきたいメリットと注意点,pointsite,popular_articles
poikatsu-kuchikomi-shinyou,ポイ活の口コミは信用できる?体験談を見る時のチェックポイント,pointsite,3,4_same_thumb_type,kaigai-zaijuu-point-kanri,海外在住者が日本のポイントを管理する方法!帰国時に使う前提の考え方,pointsite,popular_articles
poikatsu-kuchikomi-shinyou,ポイ活の口コミは信用できる?体験談を見る時のチェックポイント,pointsite,4,4_same_thumb_type,kazoku-account-poikatsu-chuui,家族アカウントでポイ活する時の注意点!規約確認とトラブル防止,pointsite,popular_articles
poikatsu-kuchikomi-shinyou,ポイ活の口コミは信用できる?体験談を見る時のチェックポイント,pointsite,5,4_same_thumb_type,keiyu-wasure-boushi,ポイントサイト経由忘れを防ぐ方法!買い物前チェックを習慣化するコツ,pointsite,popular_articles
poikatsu-kuchikomi-shinyou,ポイ活の口コミは信用できる?体験談を見る時のチェックポイント,pointsite,6,4_same_thumb_type,poikatsu-demerit,ポイ活のデメリットとは?時間・個人情報・無駄買いのリスクを解説,pointsite,popular_articles
poikatsu-kuchikomi-shinyou,ポイ活の口コミは信用できる?体験談を見る時のチェックポイント,pointsite,7,4_same_thumb_type,poikatsu-kojinjouhou-mamoru,ポイ活で個人情報を守る方法!登録前に確認したい安全チェック,pointsite,popular_articles
poikatsu-kuchikomi-shinyou,ポイ活の口コミは信用できる?体験談を見る時のチェックポイント,pointsite,8,4_same_thumb_type,poikatsu-muki-fumuki,ポイ活で節約できる人・できない人の違い!向き不向きを解説,pointsite,popular_articles
poikatsu-kuchikomi-shinyou,ポイ活の口コミは信用できる?体験談を見る時のチェックポイント,pointsite,9,4_same_thumb_type,poikatsu-yattehaikenai-koto,ポイ活でやってはいけないこと!規約違反・不正利用・危険な案件に注意,pointsite,popular_articles
poikatsu-kuchikomi-shinyou,ポイ活の口コミは信用できる?体験談を見る時のチェックポイント,pointsite,10,4_same_thumb_type,pointsite-kougaku-anken,ポイントサイトの高額案件を見る前に!口座開設・カード案件の注意点,pointsite,popular_articles
poikatsu-mail-tsuuchi-seiri,ポイ活メール通知の整理術!必要なキャンペーンだけ見逃さない方法,pointsite,1,1_own_outbound_link,poikatsu-senyou-mail-hitsuyou,ポイ活専用メールアドレスは必要?登録管理をラクにする考え方,pointsite,popular_articles
poikatsu-mail-tsuuchi-seiri,ポイ活メール通知の整理術!必要なキャンペーンだけ見逃さない方法,pointsite,2,4_same_thumb_type,cashless-fuan-poikatsu,キャッシュレスが不安な人向けポイ活!現金感覚で使うための管理方法,pointsite,popular_articles
poikatsu-mail-tsuuchi-seiri,ポイ活メール通知の整理術!必要なキャンペーンだけ見逃さない方法,pointsite,3,4_same_thumb_type,gakusei-poikatsu,学生でもできるポイ活!お金をかけずに始める安全な方法,pointsite,popular_articles
poikatsu-mail-tsuuchi-seiri,ポイ活メール通知の整理術!必要なキャンペーンだけ見逃さない方法,pointsite,4,4_same_thumb_type,hapitas-tsukaikata,ハピタスの使い方を初心者向けに解説!案件選びとポイント交換の基本,pointsite,popular_articles
poikatsu-mail-tsuuchi-seiri,ポイ活メール通知の整理術!必要なキャンペーンだけ見逃さない方法,pointsite,5,4_same_thumb_type,kaimono-nigate-poikatsu,買い物が苦手な人のポイ活術!比較しすぎずに得するシンプル運用,pointsite,popular_articles
poikatsu-mail-tsuuchi-seiri,ポイ活メール通知の整理術!必要なキャンペーンだけ見逃さない方法,pointsite,6,4_same_thumb_type,kosodate-setai-poikatsu,子育て世帯のポイ活術!おむつ・ミルク・学用品をお得に買う方法,pointsite,popular_articles
poikatsu-mail-tsuuchi-seiri,ポイ活メール通知の整理術!必要なキャンペーンだけ見逃さない方法,pointsite,7,4_same_thumb_type,koteihi-sukunai-poikatsu,固定費が少ない人のポイ活術!少額支出でも効率よく貯める方法,pointsite,popular_articles
poikatsu-mail-tsuuchi-seiri,ポイ活メール通知の整理術!必要なキャンペーンだけ見逃さない方法,pointsite,8,4_same_thumb_type,kurumanashi-seikatsu-poikatsu,車なし生活のポイ活術!交通・ネット通販・日用品で節約する方法,pointsite,popular_articles
poikatsu-mail-tsuuchi-seiri,ポイ活メール通知の整理術!必要なキャンペーンだけ見逃さない方法,pointsite,9,4_same_thumb_type,minimalist-poikatsu,ミニマリスト向けポイ活!買わない生活でもポイントを活かす方法,pointsite,popular_articles
poikatsu-mail-tsuuchi-seiri,ポイ活メール通知の整理術!必要なキャンペーンだけ見逃さない方法,pointsite,10,4_same_thumb_type,poikatsu-taikai-mae-kakunin,ポイ活サービスを退会する前に確認すること!ポイント失効を防ぐ手順,pointsite,popular_articles
poikatsu-minaoshi-timing,ポイ活の見直しタイミングはいつ?使わないサービスを整理する方法,pointsite,1,4_same_thumb_type,campaign-memo-tsukurikata,キャンペーンメモの作り方!エントリー忘れを減らすポイ活管理術,pointsite,popular_articles
poikatsu-minaoshi-timing,ポイ活の見直しタイミングはいつ?使わないサービスを整理する方法,pointsite,2,4_same_thumb_type,entry-calendar-tsukurikata,エントリーカレンダーの作り方!毎月のポイ活予定を見える化する,pointsite,popular_articles
poikatsu-minaoshi-timing,ポイ活の見直しタイミングはいつ?使わないサービスを整理する方法,pointsite,3,4_same_thumb_type,fuyoyotei-point-mieruka,付与予定ポイントの見える化術!反映待ちを忘れないチェック習慣,pointsite,popular_articles
poikatsu-minaoshi-timing,ポイ活の見直しタイミングはいつ?使わないサービスを整理する方法,pointsite,4,4_same_thumb_type,gendama-poikatsu,げん玉とは?ポイントの貯め方・交換方法をわかりやすく解説,pointsite,popular_articles
poikatsu-minaoshi-timing,ポイ活の見直しタイミングはいつ?使わないサービスを整理する方法,pointsite,5,4_same_thumb_type,hitorigurashi-poikatsu,一人暮らしのポイ活術!固定費と日用品をポイントで節約する方法,pointsite,popular_articles
poikatsu-minaoshi-timing,ポイ活の見直しタイミングはいつ?使わないサービスを整理する方法,pointsite,6,4_same_thumb_type,isogashii-kaishain-shuumatsu-poikatsu,忙しい会社員の週末ポイ活ルーティン!平日に追わない管理方法,pointsite,popular_articles
poikatsu-minaoshi-timing,ポイ活の見直しタイミングはいつ?使わないサービスを整理する方法,pointsite,7,4_same_thumb_type,poikatsu-kakeibo,ポイ活を家計簿に活かす方法!ポイントを収入ではなく節約として管理する,pointsite,popular_articles
poikatsu-minaoshi-timing,ポイ活の見直しタイミングはいつ?使わないサービスを整理する方法,pointsite,8,4_same_thumb_type,poikatsu-yuusenjyuni,ポイ活の優先順位を決める方法!時間効率の良い案件と買い物の選び方,pointsite,popular_articles
poikatsu-minaoshi-timing,ポイ活の見直しタイミングはいつ?使わないサービスを整理する方法,pointsite,9,4_same_thumb_type,point-shuushihyou-tsukurikata,ポイント収支表の作り方!貯める・使う・失効を見える化する方法,pointsite,popular_articles
poikatsu-minaoshi-timing,ポイ活の見直しタイミングはいつ?使わないサービスを整理する方法,pointsite,10,4_same_thumb_type,point-toiawase-junbi,ポイント問い合わせの準備方法!必要情報をそろえてスムーズに確認する,pointsite,popular_articles
poikatsu-muki-fumuki,ポイ活で節約できる人・できない人の違い!向き不向きを解説,pointsite,1,4_same_thumb_type,chihou-zaijuu-poikatsu,地方在住者のポイ活術!使える店舗が少ない時のポイント活用法,pointsite,popular_articles
poikatsu-muki-fumuki,ポイ活で節約できる人・できない人の違い!向き不向きを解説,pointsite,2,4_same_thumb_type,hoken-soudan-anken-poikatsu,保険相談案件のポイ活とは?面談前に知っておきたいメリットと注意点,pointsite,popular_articles
poikatsu-muki-fumuki,ポイ活で節約できる人・できない人の違い!向き不向きを解説,pointsite,3,4_same_thumb_type,kaigai-zaijuu-point-kanri,海外在住者が日本のポイントを管理する方法!帰国時に使う前提の考え方,pointsite,popular_articles
poikatsu-muki-fumuki,ポイ活で節約できる人・できない人の違い!向き不向きを解説,pointsite,4,4_same_thumb_type,kazoku-account-poikatsu-chuui,家族アカウントでポイ活する時の注意点!規約確認とトラブル防止,pointsite,popular_articles
poikatsu-muki-fumuki,ポイ活で節約できる人・できない人の違い!向き不向きを解説,pointsite,5,4_same_thumb_type,keiyu-wasure-boushi,ポイントサイト経由忘れを防ぐ方法!買い物前チェックを習慣化するコツ,pointsite,popular_articles
poikatsu-muki-fumuki,ポイ活で節約できる人・できない人の違い!向き不向きを解説,pointsite,6,4_same_thumb_type,poikatsu-demerit,ポイ活のデメリットとは?時間・個人情報・無駄買いのリスクを解説,pointsite,popular_articles
poikatsu-muki-fumuki,ポイ活で節約できる人・できない人の違い!向き不向きを解説,pointsite,7,4_same_thumb_type,poikatsu-kojinjouhou-mamoru,ポイ活で個人情報を守る方法!登録前に確認したい安全チェック,pointsite,popular_articles
poikatsu-muki-fumuki,ポイ活で節約できる人・できない人の違い!向き不向きを解説,pointsite,8,4_same_thumb_type,poikatsu-kuchikomi-shinyou,ポイ活の口コミは信用できる?体験談を見る時のチェックポイント,pointsite,popular_articles
poikatsu-muki-fumuki,ポイ活で節約できる人・できない人の違い!向き不向きを解説,pointsite,9,4_same_thumb_type,poikatsu-yattehaikenai-koto,ポイ活でやってはいけないこと!規約違反・不正利用・危険な案件に注意,pointsite,popular_articles
poikatsu-muki-fumuki,ポイ活で節約できる人・できない人の違い!向き不向きを解説,pointsite,10,4_same_thumb_type,pointsite-kougaku-anken,ポイントサイトの高額案件を見る前に!口座開設・カード案件の注意点,pointsite,popular_articles
poikatsu-nenkan-keikaku,ポイ活の年間計画を作る方法!セール時期と固定費を整理しよう,pointsite,1,5_category_hub,yosekatsu,ポイ活の新常識!ポイントを分散せず効率よく貯める「寄せ活」の始め方,pointsite,popular_articles
poikatsu-nenkan-keikaku,ポイ活の年間計画を作る方法!セール時期と固定費を整理しよう,pointsite,2,5_category_hub,poikatsu-kiso,ポイ活とは?初心者が最初に知っておきたい仕組みと始め方,pointsite,popular_articles
poikatsu-nenkan-keikaku,ポイ活の年間計画を作る方法!セール時期と固定費を整理しよう,pointsite,3,6_same_category,hapitas-poikatsu,ハピタスとは?ポイント還元率・交換方法・登録方法をわかりやすく解説,pointsite,popular_articles
poikatsu-nenkan-keikaku,ポイ活の年間計画を作る方法!セール時期と固定費を整理しよう,pointsite,4,6_same_category,keiyu-wasure-boushi,ポイントサイト経由忘れを防ぐ方法!買い物前チェックを習慣化するコツ,pointsite,popular_articles
poikatsu-nenkan-keikaku,ポイ活の年間計画を作る方法!セール時期と固定費を整理しよう,pointsite,5,6_same_category,moppy-hajimekata,モッピーでポイ活を始める方法!高還元案件を見る前の確認ポイント,pointsite,popular_articles
poikatsu-nenkan-keikaku,ポイ活の年間計画を作る方法!セール時期と固定費を整理しよう,pointsite,6,6_same_category,pointsite-kyakka-genin,ポイントサイトで却下される原因は?承認条件の読み方を初心者向けに解説,pointsite,popular_articles
poikatsu-nenkan-keikaku,ポイ活の年間計画を作る方法!セール時期と固定費を整理しよう,pointsite,7,6_same_category,chobirich-poikatsu,ちょびリッチとは?評判・特徴からポイントの貯め方まで徹底解説,pointsite,popular_articles
poikatsu-nenkan-keikaku,ポイ活の年間計画を作る方法!セール時期と固定費を整理しよう,pointsite,8,6_same_category,ecnavi-poikatsu,ECナビとは?多彩な方法でポイントが貯まるポイントサイトの特徴を解説,pointsite,popular_articles
poikatsu-nenkan-keikaku,ポイ活の年間計画を作る方法!セール時期と固定費を整理しよう,pointsite,9,6_same_category,koteihi-sukunai-poikatsu,固定費が少ない人のポイ活術!少額支出でも効率よく貯める方法,pointsite,popular_articles
poikatsu-nenkan-keikaku,ポイ活の年間計画を作る方法!セール時期と固定費を整理しよう,pointsite,10,6_same_category,nifty-point-club-poikatsu,ニフティポイントクラブの活用術!ネット利用者向けのポイ活基本,pointsite,popular_articles
poikatsu-ranking-hanteikijun,ポイ活でおすすめランキングを見る前に!順位より大切な判断基準,pointsite,1,5_category_hub,yosekatsu,ポイ活の新常識!ポイントを分散せず効率よく貯める「寄せ活」の始め方,pointsite,popular_articles
poikatsu-ranking-hanteikijun,ポイ活でおすすめランキングを見る前に!順位より大切な判断基準,pointsite,2,5_category_hub,poikatsu-kiso,ポイ活とは?初心者が最初に知っておきたい仕組みと始め方,pointsite,popular_articles
poikatsu-ranking-hanteikijun,ポイ活でおすすめランキングを見る前に!順位より大切な判断基準,pointsite,3,6_same_category,hapitas-poikatsu,ハピタスとは?ポイント還元率・交換方法・登録方法をわかりやすく解説,pointsite,popular_articles
poikatsu-ranking-hanteikijun,ポイ活でおすすめランキングを見る前に!順位より大切な判断基準,pointsite,4,6_same_category,keiyu-wasure-boushi,ポイントサイト経由忘れを防ぐ方法!買い物前チェックを習慣化するコツ,pointsite,popular_articles
poikatsu-ranking-hanteikijun,ポイ活でおすすめランキングを見る前に!順位より大切な判断基準,pointsite,5,6_same_category,moppy-hajimekata,モッピーでポイ活を始める方法!高還元案件を見る前の確認ポイント,pointsite,popular_articles
poikatsu-ranking-hanteikijun,ポイ活でおすすめランキングを見る前に!順位より大切な判断基準,pointsite,6,6_same_category,pointsite-kyakka-genin,ポイントサイトで却下される原因は?承認条件の読み方を初心者向けに解説,pointsite,popular_articles
poikatsu-ranking-hanteikijun,ポイ活でおすすめランキングを見る前に!順位より大切な判断基準,pointsite,7,6_same_category,chobirich-poikatsu,ちょびリッチとは?評判・特徴からポイントの貯め方まで徹底解説,pointsite,popular_articles
poikatsu-ranking-hanteikijun,ポイ活でおすすめランキングを見る前に!順位より大切な判断基準,pointsite,8,6_same_category,ecnavi-poikatsu,ECナビとは?多彩な方法でポイントが貯まるポイントサイトの特徴を解説,pointsite,popular_articles
poikatsu-ranking-hanteikijun,ポイ活でおすすめランキングを見る前に!順位より大切な判断基準,pointsite,9,6_same_category,koteihi-sukunai-poikatsu,固定費が少ない人のポイ活術!少額支出でも効率よく貯める方法,pointsite,popular_articles
poikatsu-ranking-hanteikijun,ポイ活でおすすめランキングを見る前に!順位より大切な判断基準,pointsite,10,6_same_category,nifty-point-club-poikatsu,ニフティポイントクラブの活用術!ネット利用者向けのポイ活基本,pointsite,popular_articles
poikatsu-senyou-mail-hitsuyou,ポイ活専用メールアドレスは必要?登録管理をラクにする考え方,pointsite,1,2_inbound_link,poikatsu-mail-tsuuchi-seiri,ポイ活メール通知の整理術!必要なキャンペーンだけ見逃さない方法,pointsite,popular_articles
poikatsu-senyou-mail-hitsuyou,ポイ活専用メールアドレスは必要?登録管理をラクにする考え方,pointsite,2,4_same_thumb_type,cashless-fuan-poikatsu,キャッシュレスが不安な人向けポイ活!現金感覚で使うための管理方法,pointsite,popular_articles
poikatsu-senyou-mail-hitsuyou,ポイ活専用メールアドレスは必要?登録管理をラクにする考え方,pointsite,3,4_same_thumb_type,gakusei-poikatsu,学生でもできるポイ活!お金をかけずに始める安全な方法,pointsite,popular_articles
poikatsu-senyou-mail-hitsuyou,ポイ活専用メールアドレスは必要?登録管理をラクにする考え方,pointsite,4,4_same_thumb_type,hapitas-tsukaikata,ハピタスの使い方を初心者向けに解説!案件選びとポイント交換の基本,pointsite,popular_articles
poikatsu-senyou-mail-hitsuyou,ポイ活専用メールアドレスは必要?登録管理をラクにする考え方,pointsite,5,4_same_thumb_type,kaimono-nigate-poikatsu,買い物が苦手な人のポイ活術!比較しすぎずに得するシンプル運用,pointsite,popular_articles
poikatsu-senyou-mail-hitsuyou,ポイ活専用メールアドレスは必要?登録管理をラクにする考え方,pointsite,6,4_same_thumb_type,kosodate-setai-poikatsu,子育て世帯のポイ活術!おむつ・ミルク・学用品をお得に買う方法,pointsite,popular_articles
poikatsu-senyou-mail-hitsuyou,ポイ活専用メールアドレスは必要?登録管理をラクにする考え方,pointsite,7,4_same_thumb_type,koteihi-sukunai-poikatsu,固定費が少ない人のポイ活術!少額支出でも効率よく貯める方法,pointsite,popular_articles
poikatsu-senyou-mail-hitsuyou,ポイ活専用メールアドレスは必要?登録管理をラクにする考え方,pointsite,8,4_same_thumb_type,kurumanashi-seikatsu-poikatsu,車なし生活のポイ活術!交通・ネット通販・日用品で節約する方法,pointsite,popular_articles
poikatsu-senyou-mail-hitsuyou,ポイ活専用メールアドレスは必要?登録管理をラクにする考え方,pointsite,9,4_same_thumb_type,minimalist-poikatsu,ミニマリスト向けポイ活!買わない生活でもポイントを活かす方法,pointsite,popular_articles
poikatsu-senyou-mail-hitsuyou,ポイ活専用メールアドレスは必要?登録管理をラクにする考え方,pointsite,10,4_same_thumb_type,poikatsu-taikai-mae-kakunin,ポイ活サービスを退会する前に確認すること!ポイント失効を防ぐ手順,pointsite,popular_articles
poikatsu-taikai-mae-kakunin,ポイ活サービスを退会する前に確認すること!ポイント失効を防ぐ手順,pointsite,1,1_own_outbound_link,point-yuukoukigen-kanri,ポイントの有効期限を管理する方法!失効を防ぐチェック習慣,shopping,popular_articles
poikatsu-taikai-mae-kakunin,ポイ活サービスを退会する前に確認すること!ポイント失効を防ぐ手順,pointsite,2,1_own_outbound_link,point-rireki-mikata,ポイント履歴の見方を解説!獲得・利用・失効を確認する手順,pointsite,popular_articles
poikatsu-taikai-mae-kakunin,ポイ活サービスを退会する前に確認すること!ポイント失効を防ぐ手順,pointsite,3,4_same_thumb_type,cashless-fuan-poikatsu,キャッシュレスが不安な人向けポイ活!現金感覚で使うための管理方法,pointsite,popular_articles
poikatsu-taikai-mae-kakunin,ポイ活サービスを退会する前に確認すること!ポイント失効を防ぐ手順,pointsite,4,4_same_thumb_type,gakusei-poikatsu,学生でもできるポイ活!お金をかけずに始める安全な方法,pointsite,popular_articles
poikatsu-taikai-mae-kakunin,ポイ活サービスを退会する前に確認すること!ポイント失効を防ぐ手順,pointsite,5,4_same_thumb_type,hapitas-tsukaikata,ハピタスの使い方を初心者向けに解説!案件選びとポイント交換の基本,pointsite,popular_articles
poikatsu-taikai-mae-kakunin,ポイ活サービスを退会する前に確認すること!ポイント失効を防ぐ手順,pointsite,6,4_same_thumb_type,kaimono-nigate-poikatsu,買い物が苦手な人のポイ活術!比較しすぎずに得するシンプル運用,pointsite,popular_articles
poikatsu-taikai-mae-kakunin,ポイ活サービスを退会する前に確認すること!ポイント失効を防ぐ手順,pointsite,7,4_same_thumb_type,kosodate-setai-poikatsu,子育て世帯のポイ活術!おむつ・ミルク・学用品をお得に買う方法,pointsite,popular_articles
poikatsu-taikai-mae-kakunin,ポイ活サービスを退会する前に確認すること!ポイント失効を防ぐ手順,pointsite,8,4_same_thumb_type,koteihi-sukunai-poikatsu,固定費が少ない人のポイ活術!少額支出でも効率よく貯める方法,pointsite,popular_articles
poikatsu-taikai-mae-kakunin,ポイ活サービスを退会する前に確認すること!ポイント失効を防ぐ手順,pointsite,9,4_same_thumb_type,kurumanashi-seikatsu-poikatsu,車なし生活のポイ活術!交通・ネット通販・日用品で節約する方法,pointsite,popular_articles
poikatsu-taikai-mae-kakunin,ポイ活サービスを退会する前に確認すること!ポイント失効を防ぐ手順,pointsite,10,4_same_thumb_type,minimalist-poikatsu,ミニマリスト向けポイ活!買わない生活でもポイントを活かす方法,pointsite,popular_articles
poikatsu-tsukarenai-kotsu,ポイ活で疲れないコツ!キャンペーン追いすぎを防ぐシンプル運用,pointsite,1,4_same_thumb_type,cashless-fuan-poikatsu,キャッシュレスが不安な人向けポイ活!現金感覚で使うための管理方法,pointsite,popular_articles
poikatsu-tsukarenai-kotsu,ポイ活で疲れないコツ!キャンペーン追いすぎを防ぐシンプル運用,pointsite,2,4_same_thumb_type,gakusei-poikatsu,学生でもできるポイ活!お金をかけずに始める安全な方法,pointsite,popular_articles
poikatsu-tsukarenai-kotsu,ポイ活で疲れないコツ!キャンペーン追いすぎを防ぐシンプル運用,pointsite,3,4_same_thumb_type,hapitas-tsukaikata,ハピタスの使い方を初心者向けに解説!案件選びとポイント交換の基本,pointsite,popular_articles
poikatsu-tsukarenai-kotsu,ポイ活で疲れないコツ!キャンペーン追いすぎを防ぐシンプル運用,pointsite,4,4_same_thumb_type,kaimono-nigate-poikatsu,買い物が苦手な人のポイ活術!比較しすぎずに得するシンプル運用,pointsite,popular_articles
poikatsu-tsukarenai-kotsu,ポイ活で疲れないコツ!キャンペーン追いすぎを防ぐシンプル運用,pointsite,5,4_same_thumb_type,kosodate-setai-poikatsu,子育て世帯のポイ活術!おむつ・ミルク・学用品をお得に買う方法,pointsite,popular_articles
poikatsu-tsukarenai-kotsu,ポイ活で疲れないコツ!キャンペーン追いすぎを防ぐシンプル運用,pointsite,6,4_same_thumb_type,koteihi-sukunai-poikatsu,固定費が少ない人のポイ活術!少額支出でも効率よく貯める方法,pointsite,popular_articles
poikatsu-tsukarenai-kotsu,ポイ活で疲れないコツ!キャンペーン追いすぎを防ぐシンプル運用,pointsite,7,4_same_thumb_type,kurumanashi-seikatsu-poikatsu,車なし生活のポイ活術!交通・ネット通販・日用品で節約する方法,pointsite,popular_articles
poikatsu-tsukarenai-kotsu,ポイ活で疲れないコツ!キャンペーン追いすぎを防ぐシンプル運用,pointsite,8,4_same_thumb_type,minimalist-poikatsu,ミニマリスト向けポイ活!買わない生活でもポイントを活かす方法,pointsite,popular_articles
poikatsu-tsukarenai-kotsu,ポイ活で疲れないコツ!キャンペーン追いすぎを防ぐシンプル運用,pointsite,9,4_same_thumb_type,poikatsu-mail-tsuuchi-seiri,ポイ活メール通知の整理術!必要なキャンペーンだけ見逃さない方法,pointsite,popular_articles
poikatsu-tsukarenai-kotsu,ポイ活で疲れないコツ!キャンペーン追いすぎを防ぐシンプル運用,pointsite,10,4_same_thumb_type,poikatsu-senyou-mail-hitsuyou,ポイ活専用メールアドレスは必要?登録管理をラクにする考え方,pointsite,popular_articles
poikatsu-yasumu-kijun,ポイ活を休む判断基準とは?疲れた時に手放していい作業を解説,pointsite,1,4_same_thumb_type,cashless-fuan-poikatsu,キャッシュレスが不安な人向けポイ活!現金感覚で使うための管理方法,pointsite,popular_articles
poikatsu-yasumu-kijun,ポイ活を休む判断基準とは?疲れた時に手放していい作業を解説,pointsite,2,4_same_thumb_type,gakusei-poikatsu,学生でもできるポイ活!お金をかけずに始める安全な方法,pointsite,popular_articles
poikatsu-yasumu-kijun,ポイ活を休む判断基準とは?疲れた時に手放していい作業を解説,pointsite,3,4_same_thumb_type,hapitas-tsukaikata,ハピタスの使い方を初心者向けに解説!案件選びとポイント交換の基本,pointsite,popular_articles
poikatsu-yasumu-kijun,ポイ活を休む判断基準とは?疲れた時に手放していい作業を解説,pointsite,4,4_same_thumb_type,kaimono-nigate-poikatsu,買い物が苦手な人のポイ活術!比較しすぎずに得するシンプル運用,pointsite,popular_articles
poikatsu-yasumu-kijun,ポイ活を休む判断基準とは?疲れた時に手放していい作業を解説,pointsite,5,4_same_thumb_type,kosodate-setai-poikatsu,子育て世帯のポイ活術!おむつ・ミルク・学用品をお得に買う方法,pointsite,popular_articles
poikatsu-yasumu-kijun,ポイ活を休む判断基準とは?疲れた時に手放していい作業を解説,pointsite,6,4_same_thumb_type,koteihi-sukunai-poikatsu,固定費が少ない人のポイ活術!少額支出でも効率よく貯める方法,pointsite,popular_articles
poikatsu-yasumu-kijun,ポイ活を休む判断基準とは?疲れた時に手放していい作業を解説,pointsite,7,4_same_thumb_type,kurumanashi-seikatsu-poikatsu,車なし生活のポイ活術!交通・ネット通販・日用品で節約する方法,pointsite,popular_articles
poikatsu-yasumu-kijun,ポイ活を休む判断基準とは?疲れた時に手放していい作業を解説,pointsite,8,4_same_thumb_type,minimalist-poikatsu,ミニマリスト向けポイ活!買わない生活でもポイントを活かす方法,pointsite,popular_articles
poikatsu-yasumu-kijun,ポイ活を休む判断基準とは?疲れた時に手放していい作業を解説,pointsite,9,4_same_thumb_type,poikatsu-mail-tsuuchi-seiri,ポイ活メール通知の整理術!必要なキャンペーンだけ見逃さない方法,pointsite,popular_articles
poikatsu-yasumu-kijun,ポイ活を休む判断基準とは?疲れた時に手放していい作業を解説,pointsite,10,4_same_thumb_type,poikatsu-senyou-mail-hitsuyou,ポイ活専用メールアドレスは必要?登録管理をラクにする考え方,pointsite,popular_articles
poikatsu-yattehaikenai-koto,ポイ活でやってはいけないこと!規約違反・不正利用・危険な案件に注意,pointsite,1,4_same_thumb_type,chihou-zaijuu-poikatsu,地方在住者のポイ活術!使える店舗が少ない時のポイント活用法,pointsite,popular_articles
poikatsu-yattehaikenai-koto,ポイ活でやってはいけないこと!規約違反・不正利用・危険な案件に注意,pointsite,2,4_same_thumb_type,hoken-soudan-anken-poikatsu,保険相談案件のポイ活とは?面談前に知っておきたいメリットと注意点,pointsite,popular_articles
poikatsu-yattehaikenai-koto,ポイ活でやってはいけないこと!規約違反・不正利用・危険な案件に注意,pointsite,3,4_same_thumb_type,kaigai-zaijuu-point-kanri,海外在住者が日本のポイントを管理する方法!帰国時に使う前提の考え方,pointsite,popular_articles
poikatsu-yattehaikenai-koto,ポイ活でやってはいけないこと!規約違反・不正利用・危険な案件に注意,pointsite,4,4_same_thumb_type,kazoku-account-poikatsu-chuui,家族アカウントでポイ活する時の注意点!規約確認とトラブル防止,pointsite,popular_articles
poikatsu-yattehaikenai-koto,ポイ活でやってはいけないこと!規約違反・不正利用・危険な案件に注意,pointsite,5,4_same_thumb_type,keiyu-wasure-boushi,ポイントサイト経由忘れを防ぐ方法!買い物前チェックを習慣化するコツ,pointsite,popular_articles
poikatsu-yattehaikenai-koto,ポイ活でやってはいけないこと!規約違反・不正利用・危険な案件に注意,pointsite,6,4_same_thumb_type,poikatsu-demerit,ポイ活のデメリットとは?時間・個人情報・無駄買いのリスクを解説,pointsite,popular_articles
poikatsu-yattehaikenai-koto,ポイ活でやってはいけないこと!規約違反・不正利用・危険な案件に注意,pointsite,7,4_same_thumb_type,poikatsu-kojinjouhou-mamoru,ポイ活で個人情報を守る方法!登録前に確認したい安全チェック,pointsite,popular_articles
poikatsu-yattehaikenai-koto,ポイ活でやってはいけないこと!規約違反・不正利用・危険な案件に注意,pointsite,8,4_same_thumb_type,poikatsu-kuchikomi-shinyou,ポイ活の口コミは信用できる?体験談を見る時のチェックポイント,pointsite,popular_articles
poikatsu-yattehaikenai-koto,ポイ活でやってはいけないこと!規約違反・不正利用・危険な案件に注意,pointsite,9,4_same_thumb_type,poikatsu-muki-fumuki,ポイ活で節約できる人・できない人の違い!向き不向きを解説,pointsite,popular_articles
poikatsu-yattehaikenai-koto,ポイ活でやってはいけないこと!規約違反・不正利用・危険な案件に注意,pointsite,10,4_same_thumb_type,pointsite-kougaku-anken,ポイントサイトの高額案件を見る前に!口座開設・カード案件の注意点,pointsite,popular_articles
poikatsu-yuusenjyuni,ポイ活の優先順位を決める方法!時間効率の良い案件と買い物の選び方,pointsite,1,4_same_thumb_type,campaign-memo-tsukurikata,キャンペーンメモの作り方!エントリー忘れを減らすポイ活管理術,pointsite,popular_articles
poikatsu-yuusenjyuni,ポイ活の優先順位を決める方法!時間効率の良い案件と買い物の選び方,pointsite,2,4_same_thumb_type,entry-calendar-tsukurikata,エントリーカレンダーの作り方!毎月のポイ活予定を見える化する,pointsite,popular_articles
poikatsu-yuusenjyuni,ポイ活の優先順位を決める方法!時間効率の良い案件と買い物の選び方,pointsite,3,4_same_thumb_type,fuyoyotei-point-mieruka,付与予定ポイントの見える化術!反映待ちを忘れないチェック習慣,pointsite,popular_articles
poikatsu-yuusenjyuni,ポイ活の優先順位を決める方法!時間効率の良い案件と買い物の選び方,pointsite,4,4_same_thumb_type,gendama-poikatsu,げん玉とは?ポイントの貯め方・交換方法をわかりやすく解説,pointsite,popular_articles
poikatsu-yuusenjyuni,ポイ活の優先順位を決める方法!時間効率の良い案件と買い物の選び方,pointsite,5,4_same_thumb_type,hitorigurashi-poikatsu,一人暮らしのポイ活術!固定費と日用品をポイントで節約する方法,pointsite,popular_articles
poikatsu-yuusenjyuni,ポイ活の優先順位を決める方法!時間効率の良い案件と買い物の選び方,pointsite,6,4_same_thumb_type,isogashii-kaishain-shuumatsu-poikatsu,忙しい会社員の週末ポイ活ルーティン!平日に追わない管理方法,pointsite,popular_articles
poikatsu-yuusenjyuni,ポイ活の優先順位を決める方法!時間効率の良い案件と買い物の選び方,pointsite,7,4_same_thumb_type,poikatsu-kakeibo,ポイ活を家計簿に活かす方法!ポイントを収入ではなく節約として管理する,pointsite,popular_articles
poikatsu-yuusenjyuni,ポイ活の優先順位を決める方法!時間効率の良い案件と買い物の選び方,pointsite,8,4_same_thumb_type,poikatsu-minaoshi-timing,ポイ活の見直しタイミングはいつ?使わないサービスを整理する方法,pointsite,popular_articles
poikatsu-yuusenjyuni,ポイ活の優先順位を決める方法!時間効率の良い案件と買い物の選び方,pointsite,9,4_same_thumb_type,point-shuushihyou-tsukurikata,ポイント収支表の作り方!貯める・使う・失効を見える化する方法,pointsite,popular_articles
poikatsu-yuusenjyuni,ポイ活の優先順位を決める方法!時間効率の良い案件と買い物の選び方,pointsite,10,4_same_thumb_type,point-toiawase-junbi,ポイント問い合わせの準備方法!必要情報をそろえてスムーズに確認する,pointsite,popular_articles
point-bairitsu-hyou-yomikata,ポイント倍率表の読み方!何倍表示に惑わされないチェックポイント,shopping,1,4_same_thumb_type,amazon-gift-charge,Amazonギフト券チャージで損しない考え方!支払い方法と使い切りのコツ,shopping,popular_articles
point-bairitsu-hyou-yomikata,ポイント倍率表の読み方!何倍表示に惑わされないチェックポイント,shopping,2,4_same_thumb_type,amazon-poikatsu,Amazonでポイ活はできる?ポイントを貯める方法と注意点を解説,shopping,popular_articles
point-bairitsu-hyou-yomikata,ポイント倍率表の読み方!何倍表示に惑わされないチェックポイント,shopping,3,4_same_thumb_type,chuushajou-yoyaku-poikatsu,駐車場予約サービスでポイ活する方法!イベント前に確認したい条件,shopping,popular_articles
point-bairitsu-hyou-yomikata,ポイント倍率表の読み方!何倍表示に惑わされないチェックポイント,shopping,4,4_same_thumb_type,dpoint-hanei-sarenai,dポイントが反映されない原因は?dポイントマーケットの確認方法も解説,shopping,popular_articles
point-bairitsu-hyou-yomikata,ポイント倍率表の読み方!何倍表示に惑わされないチェックポイント,shopping,5,4_same_thumb_type,furusato-nozei-poikatsu,ふるさと納税でポイ活はできる?ポイント還元と注意点をわかりやすく解説,shopping,popular_articles
point-bairitsu-hyou-yomikata,ポイント倍率表の読み方!何倍表示に惑わされないチェックポイント,shopping,6,4_same_thumb_type,game-kakin-point,ゲーム課金でポイントを貯める方法!Apple・Google残高利用時の注意,shopping,popular_articles
point-bairitsu-hyou-yomikata,ポイント倍率表の読み方!何倍表示に惑わされないチェックポイント,shopping,7,4_same_thumb_type,halloween-yohin-poikatsu,ハロウィン用品でポイ活する方法!衣装・お菓子を買いすぎないコツ,shopping,popular_articles
point-bairitsu-hyou-yomikata,ポイント倍率表の読み方!何倍表示に惑わされないチェックポイント,shopping,8,4_same_thumb_type,hikkoshi-seikatsuyohin-poikatsu,引越し後の生活用品で使えるポイ活術!支出が増える前に確認したい節約ポイント,shopping,popular_articles
point-bairitsu-hyou-yomikata,ポイント倍率表の読み方!何倍表示に惑わされないチェックポイント,shopping,9,4_same_thumb_type,iryouhi-shohouyaku-point,医療費・処方薬でポイントは貯まる?支払い前に確認したい注意点,shopping,popular_articles
point-bairitsu-hyou-yomikata,ポイント倍率表の読み方!何倍表示に惑わされないチェックポイント,shopping,10,4_same_thumb_type,koukyou-ryokin-poikatsu,電気・ガス・水道でポイントは貯まる?公共料金ポイ活の基本,shopping,popular_articles
point-kangen-genkin-nebiki-hikaku,ポイント還元と現金値引きはどっちが得?迷った時の比較方法,shopping,1,2_inbound_link,jisshitsu-kakaku-keisan,実質価格とは?計算方法・ポイント還元と値引きの違いを具体例で解説,shopping,popular_articles
point-kangen-genkin-nebiki-hikaku,ポイント還元と現金値引きはどっちが得?迷った時の比較方法,shopping,2,4_same_thumb_type,ana-jal-mile-hikaku,ANAマイルとJALマイルはどっち?貯めやすさ・使いやすさを比較,shopping,popular_articles
point-kangen-genkin-nebiki-hikaku,ポイント還元と現金値引きはどっちが得?迷った時の比較方法,shopping,3,4_same_thumb_type,ana-mile-tameru-kachi,ANAマイルを貯めるべき人・貯めない方がいい人を解説,shopping,popular_articles
point-kangen-genkin-nebiki-hikaku,ポイント還元と現金値引きはどっちが得?迷った時の比較方法,shopping,4,4_same_thumb_type,ana-mileageplus-hikaku,ANAマイルとMileagePlusはどっち?同じスターアライアンスで何が違う?,shopping,popular_articles
point-kangen-genkin-nebiki-hikaku,ポイント還元と現金値引きはどっちが得?迷った時の比較方法,shopping,5,4_same_thumb_type,au-uq-ponta,au・UQユーザーはPontaポイントにまとめるべき?相性の良いサービスを解説,shopping,popular_articles
point-kangen-genkin-nebiki-hikaku,ポイント還元と現金値引きはどっちが得?迷った時の比較方法,shopping,6,4_same_thumb_type,carshare-point-katsuyou,カーシェアでポイ活する方法とは?短時間利用の節約ポイントを解説,shopping,popular_articles
point-kangen-genkin-nebiki-hikaku,ポイント還元と現金値引きはどっちが得?迷った時の比較方法,shopping,7,4_same_thumb_type,cleaning-poikatsu,クリーニング代でポイントを貯める方法!宅配と店舗を比較するコツ,shopping,popular_articles
point-kangen-genkin-nebiki-hikaku,ポイント還元と現金値引きはどっちが得?迷った時の比較方法,shopping,8,4_same_thumb_type,code-kessai-4sha-hikaku,コード決済4社を徹底比較|PayPay・d払い・楽天ペイ・au PAY,shopping,popular_articles
point-kangen-genkin-nebiki-hikaku,ポイント還元と現金値引きはどっちが得?迷った時の比較方法,shopping,9,4_same_thumb_type,d-point-supermarket,dポイントが貯まるスーパー一覧|使える店舗・地域スーパーも比較,shopping,popular_articles
point-kangen-genkin-nebiki-hikaku,ポイント還元と現金値引きはどっちが得?迷った時の比較方法,shopping,10,4_same_thumb_type,denryoku-norikae-point,電力会社乗り換えでポイントを貯める方法!料金比較と特典の見方,shopping,popular_articles
point-kangenritsu-mikata,ポイント還元率の見方を解説!本当にお得か判断する計算方法,shopping,1,2_inbound_link,jisshitsu-kakaku-keisan,実質価格とは?計算方法・ポイント還元と値引きの違いを具体例で解説,shopping,popular_articles
point-kangenritsu-mikata,ポイント還元率の見方を解説!本当にお得か判断する計算方法,shopping,2,4_same_thumb_type,amazon-tsuhan-toha,Amazonとは?特徴とポイントの貯め方をわかりやすく解説,shopping,popular_articles
point-kangenritsu-mikata,ポイント還元率の見方を解説!本当にお得か判断する計算方法,shopping,3,4_same_thumb_type,aupay-market-toha,au PAY マーケットとは?特徴とポイントの貯め方をわかりやすく解説,shopping,popular_articles
point-kangenritsu-mikata,ポイント還元率の見方を解説!本当にお得か判断する計算方法,shopping,4,4_same_thumb_type,biccamera-toha,ビックカメラ.comとは?特徴とポイントの貯め方をわかりやすく解説,shopping,popular_articles
point-kangenritsu-mikata,ポイント還元率の見方を解説!本当にお得か判断する計算方法,shopping,5,4_same_thumb_type,charge-route-point,チャージルートでポイントを増やす考え方!複雑にしすぎない決済設計,shopping,popular_articles
point-kangenritsu-mikata,ポイント還元率の見方を解説!本当にお得か判断する計算方法,shopping,6,4_same_thumb_type,daimaru-matsuzakaya-toha,大丸松坂屋オンラインストアとは?特徴とポイントの貯め方をわかりやすく解説,shopping,popular_articles
point-kangenritsu-mikata,ポイント還元率の見方を解説!本当にお得か判断する計算方法,shopping,7,4_same_thumb_type,docomo-select-toha,docomo selectとは?スマホアクセサリー購入とdポイントを解説,shopping,popular_articles
point-kangenritsu-mikata,ポイント還元率の見方を解説!本当にお得か判断する計算方法,shopping,8,4_same_thumb_type,dpoint-tsukaimichi,dポイントのおすすめの使い道!コンビニ・ドラッグストア・ネットで使う方法,shopping,popular_articles
point-kangenritsu-mikata,ポイント還元率の見方を解説!本当にお得か判断する計算方法,shopping,9,4_same_thumb_type,dshopping-toha,dショッピングとは?特徴とポイントの貯め方をわかりやすく解説,shopping,popular_articles
point-kangenritsu-mikata,ポイント還元率の見方を解説!本当にお得か判断する計算方法,shopping,10,4_same_thumb_type,ec-current-poikatsu,ECカレントとは?家電通販の特徴とポイント制度を解説,shopping,popular_articles
point-koukan-toha,ポイント交換とは?他社ポイント・ギフト券・マイルへの交換方法,shopping,1,2_inbound_link,credit-card-mile-hikaku,マイルが貯まるクレジットカード比較|ANA・JALの還元と移行条件,creditcard,popular_articles
point-koukan-toha,ポイント交換とは?他社ポイント・ギフト券・マイルへの交換方法,shopping,2,2_inbound_link,hon-denshi-shoseki-poikatsu,本・電子書籍のポイ活方法|楽天ブックス・Kobo・hontoの還元率を比較,shopping,popular_articles
point-koukan-toha,ポイント交換とは?他社ポイント・ギフト券・マイルへの交換方法,shopping,3,2_inbound_link,ipsos-isay-poikatsu,Ipsos iSay(イプソス・アイセイ)とは?特徴・ポイントの貯め方を解説,survey,popular_articles
point-koukan-toha,ポイント交換とは?他社ポイント・ギフト券・マイルへの交換方法,shopping,4,2_inbound_link,iresearch-poikatsu,アイリサーチとは?自社会場調査・ポイントの貯め方をわかりやすく解説,survey,popular_articles
point-koukan-toha,ポイント交換とは?他社ポイント・ギフト券・マイルへの交換方法,shopping,5,4_same_thumb_type,ana-furusato-mile,ANAのふるさと納税でマイルを貯める方法!旅行好き向けの基本,shopping,popular_articles
point-koukan-toha,ポイント交換とは?他社ポイント・ギフト券・マイルへの交換方法,shopping,6,4_same_thumb_type,ana-mileage-mall-poikatsu,ANAマイレージモールの使い方!通販前にマイルを貯める経由術,shopping,popular_articles
point-koukan-toha,ポイント交換とは?他社ポイント・ギフト券・マイルへの交換方法,shopping,7,4_same_thumb_type,etc-mileage-toha,ETCマイレージサービスとは?高速道路利用者が知っておきたい基本,shopping,popular_articles
point-koukan-toha,ポイント交換とは?他社ポイント・ギフト券・マイルへの交換方法,shopping,8,4_same_thumb_type,jal-mileage-mall-poikatsu,JALマイレージモールでマイルを貯める方法!ネット通販前の基本,shopping,popular_articles
point-koukan-toha,ポイント交換とは?他社ポイント・ギフト券・マイルへの交換方法,shopping,9,4_same_thumb_type,jre-point-kiso,JRE POINTの貯め方と使い方!Suica利用者向けポイ活入門,shopping,popular_articles
point-koukan-toha,ポイント交換とは?他社ポイント・ギフト券・マイルへの交換方法,shopping,10,4_same_thumb_type,mile-koukan-merit,ポイントをマイルに交換するメリットは?旅行好き向けポイ活入門,shopping,popular_articles
point-museum-poikatsu,ポイントミュージアムとは?安全性・交換条件・特徴をわかりやすく解説,pointsite,1,1_own_outbound_link,poikatsu-kojinjouhou-mamoru,ポイ活で個人情報を守る方法!登録前に確認したい安全チェック,pointsite,popular_articles
point-museum-poikatsu,ポイントミュージアムとは?安全性・交換条件・特徴をわかりやすく解説,pointsite,2,4_same_thumb_type,amefri-poikatsu,アメフリとは?すきま時間で貯まるポイントサイトの特徴を解説,pointsite,popular_articles
point-museum-poikatsu,ポイントミュージアムとは?安全性・交換条件・特徴をわかりやすく解説,pointsite,3,4_same_thumb_type,chobirich-poikatsu,ちょびリッチとは?評判・特徴からポイントの貯め方まで徹底解説,pointsite,popular_articles
point-museum-poikatsu,ポイントミュージアムとは?安全性・交換条件・特徴をわかりやすく解説,pointsite,4,4_same_thumb_type,chobirich-tsukaikata,ちょびリッチの使い方!ポイントサイト初心者が見るべき案件と交換先,pointsite,popular_articles
point-museum-poikatsu,ポイントミュージアムとは?安全性・交換条件・特徴をわかりやすく解説,pointsite,5,4_same_thumb_type,ecnavi-poikatsu,ECナビとは?多彩な方法でポイントが貯まるポイントサイトの特徴を解説,pointsite,popular_articles
point-museum-poikatsu,ポイントミュージアムとは?安全性・交換条件・特徴をわかりやすく解説,pointsite,6,4_same_thumb_type,ecnavi-tsukaikata,ECナビでポイントを貯める方法!アンケートと買い物を組み合わせるコツ,pointsite,popular_articles
point-museum-poikatsu,ポイントミュージアムとは?安全性・交換条件・特徴をわかりやすく解説,pointsite,7,4_same_thumb_type,hapitas-poikatsu,ハピタスとは?ポイント還元率・交換方法・登録方法をわかりやすく解説,pointsite,popular_articles
point-museum-poikatsu,ポイントミュージアムとは?安全性・交換条件・特徴をわかりやすく解説,pointsite,8,4_same_thumb_type,moppy-hajimekata,モッピーでポイ活を始める方法!高還元案件を見る前の確認ポイント,pointsite,popular_articles
point-museum-poikatsu,ポイントミュージアムとは?安全性・交換条件・特徴をわかりやすく解説,pointsite,9,4_same_thumb_type,muryou-kaiin-touroku-poikatsu,無料会員登録案件でポイ活する方法とは?登録前後の確認ポイントを解説,pointsite,popular_articles
point-museum-poikatsu,ポイントミュージアムとは?安全性・交換条件・特徴をわかりやすく解説,pointsite,10,4_same_thumb_type,nifty-point-club-poikatsu,ニフティポイントクラブの活用術!ネット利用者向けのポイ活基本,pointsite,popular_articles
point-niju-sanjudori-kumiawase,ポイント二重取り・三重取りの組み合わせ早見表!おすすめルートを解説,shopping,1,1_own_outbound_link,sumaho-kessai-creditcard-hikaku,スマホ決済とクレジットカードはどっちがお得?ポイント二重取りの基本,creditcard,popular_articles
point-niju-sanjudori-kumiawase,ポイント二重取り・三重取りの組み合わせ早見表!おすすめルートを解説,shopping,2,1_own_outbound_link,charge-route-point,チャージルートでポイントを増やす考え方!複雑にしすぎない決済設計,shopping,popular_articles
point-niju-sanjudori-kumiawase,ポイント二重取り・三重取りの組み合わせ早見表!おすすめルートを解説,shopping,3,1_own_outbound_link,rakuten-card-poikatsu,楽天カードはポイ活に向いている?メリットと注意点を初心者向けに解説,creditcard,popular_articles
point-niju-sanjudori-kumiawase,ポイント二重取り・三重取りの組み合わせ早見表!おすすめルートを解説,shopping,4,1_own_outbound_link,rakuten-ichiba-toha,楽天市場とは?特徴とポイントの貯め方をわかりやすく解説,shopping,popular_articles
point-niju-sanjudori-kumiawase,ポイント二重取り・三重取りの組み合わせ早見表!おすすめルートを解説,shopping,5,1_own_outbound_link,dcard-poikatsu,dカードはポイ活におすすめ?dポイントを貯めやすい人の特徴,creditcard,popular_articles
point-niju-sanjudori-kumiawase,ポイント二重取り・三重取りの組み合わせ早見表!おすすめルートを解説,shopping,6,1_own_outbound_link,mitsui-sumitomo-card-vpoint,三井住友カードでVポイントを貯める方法!対象店舗とタッチ決済の基本,creditcard,popular_articles
point-niju-sanjudori-kumiawase,ポイント二重取り・三重取りの組み合わせ早見表!おすすめルートを解説,shopping,7,1_own_outbound_link,yosekatsu,ポイ活の新常識!ポイントを分散せず効率よく貯める「寄せ活」の始め方,pointsite,popular_articles
point-niju-sanjudori-kumiawase,ポイント二重取り・三重取りの組み合わせ早見表!おすすめルートを解説,shopping,8,2_inbound_link,apple-pay-poikatsu,Apple Payでポイ活する方法!ポイント還元とiD・QUICPay・タッチ決済の違い,creditcard,popular_articles
point-niju-sanjudori-kumiawase,ポイント二重取り・三重取りの組み合わせ早見表!おすすめルートを解説,shopping,9,3_tag_match,au-uq-ponta,au・UQユーザーはPontaポイントにまとめるべき?相性の良いサービスを解説,shopping,popular_articles
point-niju-sanjudori-kumiawase,ポイント二重取り・三重取りの組み合わせ早見表!おすすめルートを解説,shopping,10,3_tag_match,aupay-market-poikatsu,au PAYマーケットでポイントを活用する方法!買い物前の確認ポイント,shopping,popular_articles
point-rireki-mikata,ポイント履歴の見方を解説!獲得・利用・失効を確認する手順,pointsite,1,2_inbound_link,poikatsu-taikai-mae-kakunin,ポイ活サービスを退会する前に確認すること!ポイント失効を防ぐ手順,pointsite,popular_articles
point-rireki-mikata,ポイント履歴の見方を解説!獲得・利用・失効を確認する手順,pointsite,2,4_same_thumb_type,cashless-fuan-poikatsu,キャッシュレスが不安な人向けポイ活!現金感覚で使うための管理方法,pointsite,popular_articles
point-rireki-mikata,ポイント履歴の見方を解説!獲得・利用・失効を確認する手順,pointsite,3,4_same_thumb_type,gakusei-poikatsu,学生でもできるポイ活!お金をかけずに始める安全な方法,pointsite,popular_articles
point-rireki-mikata,ポイント履歴の見方を解説!獲得・利用・失効を確認する手順,pointsite,4,4_same_thumb_type,hapitas-tsukaikata,ハピタスの使い方を初心者向けに解説!案件選びとポイント交換の基本,pointsite,popular_articles
point-rireki-mikata,ポイント履歴の見方を解説!獲得・利用・失効を確認する手順,pointsite,5,4_same_thumb_type,kaimono-nigate-poikatsu,買い物が苦手な人のポイ活術!比較しすぎずに得するシンプル運用,pointsite,popular_articles
point-rireki-mikata,ポイント履歴の見方を解説!獲得・利用・失効を確認する手順,pointsite,6,4_same_thumb_type,kosodate-setai-poikatsu,子育て世帯のポイ活術!おむつ・ミルク・学用品をお得に買う方法,pointsite,popular_articles
point-rireki-mikata,ポイント履歴の見方を解説!獲得・利用・失効を確認する手順,pointsite,7,4_same_thumb_type,koteihi-sukunai-poikatsu,固定費が少ない人のポイ活術!少額支出でも効率よく貯める方法,pointsite,popular_articles
point-rireki-mikata,ポイント履歴の見方を解説!獲得・利用・失効を確認する手順,pointsite,8,4_same_thumb_type,kurumanashi-seikatsu-poikatsu,車なし生活のポイ活術!交通・ネット通販・日用品で節約する方法,pointsite,popular_articles
point-rireki-mikata,ポイント履歴の見方を解説!獲得・利用・失効を確認する手順,pointsite,9,4_same_thumb_type,minimalist-poikatsu,ミニマリスト向けポイ活!買わない生活でもポイントを活かす方法,pointsite,popular_articles
point-rireki-mikata,ポイント履歴の見方を解説!獲得・利用・失効を確認する手順,pointsite,10,4_same_thumb_type,poikatsu-mail-tsuuchi-seiri,ポイ活メール通知の整理術!必要なキャンペーンだけ見逃さない方法,pointsite,popular_articles
point-seikatsuhi-karuku,ポイントで生活費を軽くする方法!食費・日用品に優先して使う考え方,shopping,1,4_same_thumb_type,abc-mart-poikatsu,ABC-MARTでポイ活する方法!靴購入時のアプリ・決済チェック,shopping,popular_articles
point-seikatsuhi-karuku,ポイントで生活費を軽くする方法!食費・日用品に優先して使う考え方,shopping,2,4_same_thumb_type,bousai-goods-poikatsu,防災グッズ購入でポイ活する方法!備蓄を無駄なくそろえるコツ,shopping,popular_articles
point-seikatsuhi-karuku,ポイントで生活費を軽くする方法!食費・日用品に優先して使う考え方,shopping,3,4_same_thumb_type,cashless-setsuyaku,キャッシュレス決済で節約する方法!現金派から始めるポイ活入門,shopping,popular_articles
point-seikatsuhi-karuku,ポイントで生活費を軽くする方法!食費・日用品に優先して使う考え方,shopping,4,4_same_thumb_type,dpoint-kiso,dポイントの貯め方を初心者向けに解説!ドコモ以外の人でも使える?,shopping,popular_articles
point-seikatsuhi-karuku,ポイントで生活費を軽くする方法!食費・日用品に優先して使う考え方,shopping,5,4_same_thumb_type,hasuu-shiharai-point,端数支払いでポイントを使う方法!少額ポイントを無駄にしないコツ,shopping,popular_articles
point-seikatsuhi-karuku,ポイントで生活費を軽くする方法!食費・日用品に優先して使う考え方,shopping,6,4_same_thumb_type,hyakkaten-depart-poikatsu,百貨店のポイントを比較!高島屋・三越伊勢丹・大丸松坂屋など,shopping,popular_articles
point-seikatsuhi-karuku,ポイントで生活費を軽くする方法!食費・日用品に優先して使う考え方,shopping,7,4_same_thumb_type,kikangentei-point-tsukaimichi,期間限定ポイントのおすすめ使い道|失効前にすぐ使える交換先ガイド,shopping,popular_articles
point-seikatsuhi-karuku,ポイントで生活費を軽くする方法!食費・日用品に優先して使う考え方,shopping,8,4_same_thumb_type,nanaco-point-kiso,nanacoポイントの貯め方と使い方!セブン系で活用する基本,shopping,popular_articles
point-seikatsuhi-karuku,ポイントで生活費を軽くする方法!食費・日用品に優先して使う考え方,shopping,9,4_same_thumb_type,net-shopping-point-kiso,ネットショッピングでポイントを貯める方法!楽天・Yahoo・Amazonの基本,shopping,popular_articles
point-seikatsuhi-karuku,ポイントで生活費を軽くする方法!食費・日用品に優先して使う考え方,shopping,10,4_same_thumb_type,nyuugaku-shingaku-junbi-point,入学・進学準備でポイントを貯める方法!学用品購入の節約術,shopping,popular_articles
point-shuushihyou-tsukurikata,ポイント収支表の作り方!貯める・使う・失効を見える化する方法,pointsite,1,4_same_thumb_type,campaign-memo-tsukurikata,キャンペーンメモの作り方!エントリー忘れを減らすポイ活管理術,pointsite,popular_articles
point-shuushihyou-tsukurikata,ポイント収支表の作り方!貯める・使う・失効を見える化する方法,pointsite,2,4_same_thumb_type,entry-calendar-tsukurikata,エントリーカレンダーの作り方!毎月のポイ活予定を見える化する,pointsite,popular_articles
point-shuushihyou-tsukurikata,ポイント収支表の作り方!貯める・使う・失効を見える化する方法,pointsite,3,4_same_thumb_type,fuyoyotei-point-mieruka,付与予定ポイントの見える化術!反映待ちを忘れないチェック習慣,pointsite,popular_articles
point-shuushihyou-tsukurikata,ポイント収支表の作り方!貯める・使う・失効を見える化する方法,pointsite,4,4_same_thumb_type,gendama-poikatsu,げん玉とは?ポイントの貯め方・交換方法をわかりやすく解説,pointsite,popular_articles
point-shuushihyou-tsukurikata,ポイント収支表の作り方!貯める・使う・失効を見える化する方法,pointsite,5,4_same_thumb_type,hitorigurashi-poikatsu,一人暮らしのポイ活術!固定費と日用品をポイントで節約する方法,pointsite,popular_articles
point-shuushihyou-tsukurikata,ポイント収支表の作り方!貯める・使う・失効を見える化する方法,pointsite,6,4_same_thumb_type,isogashii-kaishain-shuumatsu-poikatsu,忙しい会社員の週末ポイ活ルーティン!平日に追わない管理方法,pointsite,popular_articles
point-shuushihyou-tsukurikata,ポイント収支表の作り方!貯める・使う・失効を見える化する方法,pointsite,7,4_same_thumb_type,poikatsu-kakeibo,ポイ活を家計簿に活かす方法!ポイントを収入ではなく節約として管理する,pointsite,popular_articles
point-shuushihyou-tsukurikata,ポイント収支表の作り方!貯める・使う・失効を見える化する方法,pointsite,8,4_same_thumb_type,poikatsu-minaoshi-timing,ポイ活の見直しタイミングはいつ?使わないサービスを整理する方法,pointsite,popular_articles
point-shuushihyou-tsukurikata,ポイント収支表の作り方!貯める・使う・失効を見える化する方法,pointsite,9,4_same_thumb_type,poikatsu-yuusenjyuni,ポイ活の優先順位を決める方法!時間効率の良い案件と買い物の選び方,pointsite,popular_articles
point-shuushihyou-tsukurikata,ポイント収支表の作り方!貯める・使う・失効を見える化する方法,pointsite,10,4_same_thumb_type,point-toiawase-junbi,ポイント問い合わせの準備方法!必要情報をそろえてスムーズに確認する,pointsite,popular_articles
point-tamaru-ginkou-hikaku,ポイントが貯まる銀行を比較!d・楽天・V・Ponta・PayPay系の選び方,kouza,1,1_own_outbound_link,docomo-ginkou-dpoint-poikatsu,ドコモの銀行でdポイントを貯める方法|dアカウント連携・還元条件,kouza,popular_articles
point-tamaru-ginkou-hikaku,ポイントが貯まる銀行を比較!d・楽天・V・Ponta・PayPay系の選び方,kouza,2,1_own_outbound_link,net-ginkou-poikatsu,ネット銀行を使ったポイ活術!振込・ATM・残高条件の見方,kouza,popular_articles
point-tamaru-ginkou-hikaku,ポイントが貯まる銀行を比較!d・楽天・V・Ponta・PayPay系の選び方,kouza,3,1_own_outbound_link,rakuten-ginkou-happy-program,楽天銀行ハッピープログラムの基本!銀行取引で楽天ポイントを貯める方法,kouza,popular_articles
point-tamaru-ginkou-hikaku,ポイントが貯まる銀行を比較!d・楽天・V・Ponta・PayPay系の選び方,kouza,4,2_inbound_link,dpoint-ponta-hikaku,dポイントとPontaはどっちが得?貯め方・使える店・有効期限を比較,shopping,popular_articles
point-tamaru-ginkou-hikaku,ポイントが貯まる銀行を比較!d・楽天・V・Ponta・PayPay系の選び方,kouza,5,3_tag_match,monex-shouken-toha,マネックス証券とは?特徴とポイントの貯め方をわかりやすく解説,kouza,popular_articles
point-tamaru-ginkou-hikaku,ポイントが貯まる銀行を比較!d・楽天・V・Ponta・PayPay系の選び方,kouza,6,3_tag_match,paypaysec-shouken-toha,PayPay証券とは?特徴とポイントの貯め方をわかりやすく解説,kouza,popular_articles
point-tamaru-ginkou-hikaku,ポイントが貯まる銀行を比較!d・楽天・V・Ponta・PayPay系の選び方,kouza,7,3_tag_match,rakuten-shouken-toha,楽天証券とは?特徴とポイントの貯め方をわかりやすく解説,kouza,popular_articles
point-tamaru-ginkou-hikaku,ポイントが貯まる銀行を比較!d・楽天・V・Ponta・PayPay系の選び方,kouza,8,3_tag_match,sbisec-shouken-toha,SBI証券とは?特徴とポイントの貯め方をわかりやすく解説,kouza,popular_articles
point-tamaru-ginkou-hikaku,ポイントが貯まる銀行を比較!d・楽天・V・Ponta・PayPay系の選び方,kouza,9,4_same_thumb_type,kasoshisan-kouza-anken-poikatsu,暗号資産口座案件でポイ活する時の注意点!口座開設前に見るべき条件,kouza,popular_articles
point-tamaru-ginkou-hikaku,ポイントが貯まる銀行を比較!d・楽天・V・Ponta・PayPay系の選び方,kouza,10,6_same_category,dmm-kabu-poikatsu,DMM株とは?少額投資・低手数料が魅力の株式投資アプリを解説,kouza,popular_articles
point-toiawase-junbi,ポイント問い合わせの準備方法!必要情報をそろえてスムーズに確認する,pointsite,1,2_inbound_link,pointsite-kyakka-genin,ポイントサイトで却下される原因は?承認条件の読み方を初心者向けに解説,pointsite,popular_articles
point-toiawase-junbi,ポイント問い合わせの準備方法!必要情報をそろえてスムーズに確認する,pointsite,2,4_same_thumb_type,campaign-memo-tsukurikata,キャンペーンメモの作り方!エントリー忘れを減らすポイ活管理術,pointsite,popular_articles
point-toiawase-junbi,ポイント問い合わせの準備方法!必要情報をそろえてスムーズに確認する,pointsite,3,4_same_thumb_type,entry-calendar-tsukurikata,エントリーカレンダーの作り方!毎月のポイ活予定を見える化する,pointsite,popular_articles
point-toiawase-junbi,ポイント問い合わせの準備方法!必要情報をそろえてスムーズに確認する,pointsite,4,4_same_thumb_type,fuyoyotei-point-mieruka,付与予定ポイントの見える化術!反映待ちを忘れないチェック習慣,pointsite,popular_articles
point-toiawase-junbi,ポイント問い合わせの準備方法!必要情報をそろえてスムーズに確認する,pointsite,5,4_same_thumb_type,gendama-poikatsu,げん玉とは?ポイントの貯め方・交換方法をわかりやすく解説,pointsite,popular_articles
point-toiawase-junbi,ポイント問い合わせの準備方法!必要情報をそろえてスムーズに確認する,pointsite,6,4_same_thumb_type,hitorigurashi-poikatsu,一人暮らしのポイ活術!固定費と日用品をポイントで節約する方法,pointsite,popular_articles
point-toiawase-junbi,ポイント問い合わせの準備方法!必要情報をそろえてスムーズに確認する,pointsite,7,4_same_thumb_type,isogashii-kaishain-shuumatsu-poikatsu,忙しい会社員の週末ポイ活ルーティン!平日に追わない管理方法,pointsite,popular_articles
point-toiawase-junbi,ポイント問い合わせの準備方法!必要情報をそろえてスムーズに確認する,pointsite,8,4_same_thumb_type,poikatsu-kakeibo,ポイ活を家計簿に活かす方法!ポイントを収入ではなく節約として管理する,pointsite,popular_articles
point-toiawase-junbi,ポイント問い合わせの準備方法!必要情報をそろえてスムーズに確認する,pointsite,9,4_same_thumb_type,poikatsu-minaoshi-timing,ポイ活の見直しタイミングはいつ?使わないサービスを整理する方法,pointsite,popular_articles
point-toiawase-junbi,ポイント問い合わせの準備方法!必要情報をそろえてスムーズに確認する,pointsite,10,4_same_thumb_type,poikatsu-yuusenjyuni,ポイ活の優先順位を決める方法!時間効率の良い案件と買い物の選び方,pointsite,popular_articles
point-toushi-toha,ポイント投資とは?貯めたポイントで投資体験を始める方法,shopping,1,1_own_outbound_link,point-toushi-unyou-service-hikaku,ポイント投資・ポイント運用を主要サービスで比較,shopping,popular_articles
point-toushi-toha,ポイント投資とは?貯めたポイントで投資体験を始める方法,shopping,2,4_same_thumb_type,abc-mart-poikatsu,ABC-MARTでポイ活する方法!靴購入時のアプリ・決済チェック,shopping,popular_articles
point-toushi-toha,ポイント投資とは?貯めたポイントで投資体験を始める方法,shopping,3,4_same_thumb_type,bousai-goods-poikatsu,防災グッズ購入でポイ活する方法!備蓄を無駄なくそろえるコツ,shopping,popular_articles
point-toushi-toha,ポイント投資とは?貯めたポイントで投資体験を始める方法,shopping,4,4_same_thumb_type,cashless-setsuyaku,キャッシュレス決済で節約する方法!現金派から始めるポイ活入門,shopping,popular_articles
point-toushi-toha,ポイント投資とは?貯めたポイントで投資体験を始める方法,shopping,5,4_same_thumb_type,dpoint-kiso,dポイントの貯め方を初心者向けに解説!ドコモ以外の人でも使える?,shopping,popular_articles
point-toushi-toha,ポイント投資とは?貯めたポイントで投資体験を始める方法,shopping,6,4_same_thumb_type,hasuu-shiharai-point,端数支払いでポイントを使う方法!少額ポイントを無駄にしないコツ,shopping,popular_articles
point-toushi-toha,ポイント投資とは?貯めたポイントで投資体験を始める方法,shopping,7,4_same_thumb_type,hyakkaten-depart-poikatsu,百貨店のポイントを比較!高島屋・三越伊勢丹・大丸松坂屋など,shopping,popular_articles
point-toushi-toha,ポイント投資とは?貯めたポイントで投資体験を始める方法,shopping,8,4_same_thumb_type,kikangentei-point-tsukaimichi,期間限定ポイントのおすすめ使い道|失効前にすぐ使える交換先ガイド,shopping,popular_articles
point-toushi-toha,ポイント投資とは?貯めたポイントで投資体験を始める方法,shopping,9,4_same_thumb_type,nanaco-point-kiso,nanacoポイントの貯め方と使い方!セブン系で活用する基本,shopping,popular_articles
point-toushi-toha,ポイント投資とは?貯めたポイントで投資体験を始める方法,shopping,10,4_same_thumb_type,net-shopping-point-kiso,ネットショッピングでポイントを貯める方法!楽天・Yahoo・Amazonの基本,shopping,popular_articles
point-toushi-unyou-service-hikaku,ポイント投資・ポイント運用を主要サービスで比較,shopping,1,1_own_outbound_link,point-toushi-toha,ポイント投資とは?貯めたポイントで投資体験を始める方法,shopping,popular_articles
point-toushi-unyou-service-hikaku,ポイント投資・ポイント運用を主要サービスで比較,shopping,2,1_own_outbound_link,point-unyou-toha,ポイント運用とは?投資との違いと初心者が知るべき注意点,shopping,popular_articles
point-toushi-unyou-service-hikaku,ポイント投資・ポイント運用を主要サービスで比較,shopping,3,1_own_outbound_link,monex-shouken-toha,マネックス証券とは?特徴とポイントの貯め方をわかりやすく解説,kouza,popular_articles
point-toushi-unyou-service-hikaku,ポイント投資・ポイント運用を主要サービスで比較,shopping,4,1_own_outbound_link,rakuten-shouken-toha,楽天証券とは?特徴とポイントの貯め方をわかりやすく解説,kouza,popular_articles
point-toushi-unyou-service-hikaku,ポイント投資・ポイント運用を主要サービスで比較,shopping,5,1_own_outbound_link,paypaysec-shouken-toha,PayPay証券とは?特徴とポイントの貯め方をわかりやすく解説,kouza,popular_articles
point-toushi-unyou-service-hikaku,ポイント投資・ポイント運用を主要サービスで比較,shopping,6,1_own_outbound_link,sbisec-shouken-toha,SBI証券とは?特徴とポイントの貯め方をわかりやすく解説,kouza,popular_articles
point-toushi-unyou-service-hikaku,ポイント投資・ポイント運用を主要サービスで比較,shopping,7,2_inbound_link,dpoint-ponta-hikaku,dポイントとPontaはどっちが得?貯め方・使える店・有効期限を比較,shopping,popular_articles
point-toushi-unyou-service-hikaku,ポイント投資・ポイント運用を主要サービスで比較,shopping,8,3_tag_match,au-uq-ponta,au・UQユーザーはPontaポイントにまとめるべき?相性の良いサービスを解説,shopping,popular_articles
point-toushi-unyou-service-hikaku,ポイント投資・ポイント運用を主要サービスで比較,shopping,9,3_tag_match,aupay-market-poikatsu,au PAYマーケットでポイントを活用する方法!買い物前の確認ポイント,shopping,popular_articles
point-toushi-unyou-service-hikaku,ポイント投資・ポイント運用を主要サービスで比較,shopping,10,3_tag_match,aupay-market-toha,au PAY マーケットとは?特徴とポイントの貯め方をわかりやすく解説,shopping,popular_articles
point-tsukaimichi,ポイ活で貯めたポイントの使い道は?節約につながる使い方を解説,shopping,1,2_inbound_link,kikangentei-point-tsukaimichi,期間限定ポイントのおすすめ使い道|失効前にすぐ使える交換先ガイド,shopping,popular_articles
point-tsukaimichi,ポイ活で貯めたポイントの使い道は?節約につながる使い方を解説,shopping,2,5_category_hub,drugstore-point-hikaku,ドラッグストアのポイントを徹底比較|マツキヨ・ウエルシア・スギ薬局・ツルハなど,shopping,popular_articles
point-tsukaimichi,ポイ活で貯めたポイントの使い道は?節約につながる使い方を解説,shopping,3,5_category_hub,point-toushi-unyou-service-hikaku,ポイント投資・ポイント運用を主要サービスで比較,shopping,popular_articles
point-tsukaimichi,ポイ活で貯めたポイントの使い道は?節約につながる使い方を解説,shopping,4,6_same_category,rakuten-ichiba-toha,楽天市場とは?特徴とポイントの貯め方をわかりやすく解説,shopping,popular_articles
point-tsukaimichi,ポイ活で貯めたポイントの使い道は?節約につながる使い方を解説,shopping,5,6_same_category,kikangentei-point-5shu-hikaku,期間限定ポイント5種を比較!失効前に使い切る方法,shopping,popular_articles
point-tsukaimichi,ポイ活で貯めたポイントの使い道は?節約につながる使い方を解説,shopping,6,6_same_category,paypay-point-kiso,PayPayポイントとは?貯め方・使い方・注意点を初心者向けに解説,shopping,popular_articles
point-tsukaimichi,ポイ活で貯めたポイントの使い道は?節約につながる使い方を解説,shopping,7,6_same_category,point-yuukoukigen-kanri,ポイントの有効期限を管理する方法!失効を防ぐチェック習慣,shopping,popular_articles
point-tsukaimichi,ポイ活で貯めたポイントの使い道は?節約につながる使い方を解説,shopping,8,6_same_category,rakuten-mobile-rakuten-point,楽天モバイルなら楽天ポイントにまとめるべき?楽天経済圏との相性を解説,shopping,popular_articles
point-tsukaimichi,ポイ活で貯めたポイントの使い道は?節約につながる使い方を解説,shopping,9,6_same_category,au-uq-ponta,au・UQユーザーはPontaポイントにまとめるべき?相性の良いサービスを解説,shopping,popular_articles
point-tsukaimichi,ポイ活で貯めたポイントの使い道は?節約につながる使い方を解説,shopping,10,6_same_category,matsukiyo-cocokara-point,マツキヨココカラのポイント制度!マツキヨココカラポイントとdポイントの関係,shopping,popular_articles
point-tsukanai-genin,ポイントが付かない原因まとめ!問い合わせ前に確認すべきこと,shopping,1,2_inbound_link,pointsite-kyakka-genin,ポイントサイトで却下される原因は?承認条件の読み方を初心者向けに解説,pointsite,popular_articles
point-tsukanai-genin,ポイントが付かない原因まとめ!問い合わせ前に確認すべきこと,shopping,2,4_same_thumb_type,amazon-gift-charge,Amazonギフト券チャージで損しない考え方!支払い方法と使い切りのコツ,shopping,popular_articles
point-tsukanai-genin,ポイントが付かない原因まとめ!問い合わせ前に確認すべきこと,shopping,3,4_same_thumb_type,amazon-poikatsu,Amazonでポイ活はできる?ポイントを貯める方法と注意点を解説,shopping,popular_articles
point-tsukanai-genin,ポイントが付かない原因まとめ!問い合わせ前に確認すべきこと,shopping,4,4_same_thumb_type,chuushajou-yoyaku-poikatsu,駐車場予約サービスでポイ活する方法!イベント前に確認したい条件,shopping,popular_articles
point-tsukanai-genin,ポイントが付かない原因まとめ!問い合わせ前に確認すべきこと,shopping,5,4_same_thumb_type,dpoint-hanei-sarenai,dポイントが反映されない原因は?dポイントマーケットの確認方法も解説,shopping,popular_articles
point-tsukanai-genin,ポイントが付かない原因まとめ!問い合わせ前に確認すべきこと,shopping,6,4_same_thumb_type,furusato-nozei-poikatsu,ふるさと納税でポイ活はできる?ポイント還元と注意点をわかりやすく解説,shopping,popular_articles
point-tsukanai-genin,ポイントが付かない原因まとめ!問い合わせ前に確認すべきこと,shopping,7,4_same_thumb_type,game-kakin-point,ゲーム課金でポイントを貯める方法!Apple・Google残高利用時の注意,shopping,popular_articles
point-tsukanai-genin,ポイントが付かない原因まとめ!問い合わせ前に確認すべきこと,shopping,8,4_same_thumb_type,halloween-yohin-poikatsu,ハロウィン用品でポイ活する方法!衣装・お菓子を買いすぎないコツ,shopping,popular_articles
point-tsukanai-genin,ポイントが付かない原因まとめ!問い合わせ前に確認すべきこと,shopping,9,4_same_thumb_type,hikkoshi-seikatsuyohin-poikatsu,引越し後の生活用品で使えるポイ活術!支出が増える前に確認したい節約ポイント,shopping,popular_articles
point-tsukanai-genin,ポイントが付かない原因まとめ!問い合わせ前に確認すべきこと,shopping,10,4_same_thumb_type,iryouhi-shohouyaku-point,医療費・処方薬でポイントは貯まる?支払い前に確認したい注意点,shopping,popular_articles
point-unyou-toha,ポイント運用とは?投資との違いと初心者が知るべき注意点,shopping,1,1_own_outbound_link,point-toushi-unyou-service-hikaku,ポイント投資・ポイント運用を主要サービスで比較,shopping,popular_articles
point-unyou-toha,ポイント運用とは?投資との違いと初心者が知るべき注意点,shopping,2,4_same_thumb_type,amazon-gift-charge,Amazonギフト券チャージで損しない考え方!支払い方法と使い切りのコツ,shopping,popular_articles
point-unyou-toha,ポイント運用とは?投資との違いと初心者が知るべき注意点,shopping,3,4_same_thumb_type,amazon-poikatsu,Amazonでポイ活はできる?ポイントを貯める方法と注意点を解説,shopping,popular_articles
point-unyou-toha,ポイント運用とは?投資との違いと初心者が知るべき注意点,shopping,4,4_same_thumb_type,chuushajou-yoyaku-poikatsu,駐車場予約サービスでポイ活する方法!イベント前に確認したい条件,shopping,popular_articles
point-unyou-toha,ポイント運用とは?投資との違いと初心者が知るべき注意点,shopping,5,4_same_thumb_type,dpoint-hanei-sarenai,dポイントが反映されない原因は?dポイントマーケットの確認方法も解説,shopping,popular_articles
point-unyou-toha,ポイント運用とは?投資との違いと初心者が知るべき注意点,shopping,6,4_same_thumb_type,furusato-nozei-poikatsu,ふるさと納税でポイ活はできる?ポイント還元と注意点をわかりやすく解説,shopping,popular_articles
point-unyou-toha,ポイント運用とは?投資との違いと初心者が知るべき注意点,shopping,7,4_same_thumb_type,game-kakin-point,ゲーム課金でポイントを貯める方法!Apple・Google残高利用時の注意,shopping,popular_articles
point-unyou-toha,ポイント運用とは?投資との違いと初心者が知るべき注意点,shopping,8,4_same_thumb_type,halloween-yohin-poikatsu,ハロウィン用品でポイ活する方法!衣装・お菓子を買いすぎないコツ,shopping,popular_articles
point-unyou-toha,ポイント運用とは?投資との違いと初心者が知るべき注意点,shopping,9,4_same_thumb_type,hikkoshi-seikatsuyohin-poikatsu,引越し後の生活用品で使えるポイ活術!支出が増える前に確認したい節約ポイント,shopping,popular_articles
point-unyou-toha,ポイント運用とは?投資との違いと初心者が知るべき注意点,shopping,10,4_same_thumb_type,iryouhi-shohouyaku-point,医療費・処方薬でポイントは貯まる?支払い前に確認したい注意点,shopping,popular_articles
point-yuukoukigen-kanri,ポイントの有効期限を管理する方法!失効を防ぐチェック習慣,shopping,1,1_own_outbound_link,kikangentei-point-5shu-hikaku,期間限定ポイント5種を比較!失効前に使い切る方法,shopping,popular_articles
point-yuukoukigen-kanri,ポイントの有効期限を管理する方法!失効を防ぐチェック習慣,shopping,2,2_inbound_link,ana-jal-mile-hikaku,ANAマイルとJALマイルはどっち?貯めやすさ・使いやすさを比較,shopping,popular_articles
point-yuukoukigen-kanri,ポイントの有効期限を管理する方法!失効を防ぐチェック習慣,shopping,3,2_inbound_link,kikangentei-point-tsukaimichi,期間限定ポイントのおすすめ使い道|失効前にすぐ使える交換先ガイド,shopping,popular_articles
point-yuukoukigen-kanri,ポイントの有効期限を管理する方法!失効を防ぐチェック習慣,shopping,4,2_inbound_link,paypay-vpoint-koukan,PayPayポイント⇄Vポイント相互交換ガイド|レート・手順・注意点,shopping,popular_articles
point-yuukoukigen-kanri,ポイントの有効期限を管理する方法!失効を防ぐチェック習慣,shopping,5,2_inbound_link,poikatsu-taikai-mae-kakunin,ポイ活サービスを退会する前に確認すること!ポイント失効を防ぐ手順,pointsite,popular_articles
point-yuukoukigen-kanri,ポイントの有効期限を管理する方法!失効を防ぐチェック習慣,shopping,6,4_same_thumb_type,abc-mart-poikatsu,ABC-MARTでポイ活する方法!靴購入時のアプリ・決済チェック,shopping,popular_articles
point-yuukoukigen-kanri,ポイントの有効期限を管理する方法!失効を防ぐチェック習慣,shopping,7,4_same_thumb_type,bousai-goods-poikatsu,防災グッズ購入でポイ活する方法!備蓄を無駄なくそろえるコツ,shopping,popular_articles
point-yuukoukigen-kanri,ポイントの有効期限を管理する方法!失効を防ぐチェック習慣,shopping,8,4_same_thumb_type,cashless-setsuyaku,キャッシュレス決済で節約する方法!現金派から始めるポイ活入門,shopping,popular_articles
point-yuukoukigen-kanri,ポイントの有効期限を管理する方法!失効を防ぐチェック習慣,shopping,9,4_same_thumb_type,dpoint-kiso,dポイントの貯め方を初心者向けに解説!ドコモ以外の人でも使える?,shopping,popular_articles
point-yuukoukigen-kanri,ポイントの有効期限を管理する方法!失効を防ぐチェック習慣,shopping,10,4_same_thumb_type,hasuu-shiharai-point,端数支払いでポイントを使う方法!少額ポイントを無駄にしないコツ,shopping,popular_articles
pointincome-poikatsu,ポイントインカムとは?アプリでも貯まるポイントサイトの特徴を解説,pointsite,1,2_inbound_link,pointsite-kyakka-genin,ポイントサイトで却下される原因は?承認条件の読み方を初心者向けに解説,pointsite,popular_articles
pointincome-poikatsu,ポイントインカムとは?アプリでも貯まるポイントサイトの特徴を解説,pointsite,2,4_same_thumb_type,amefri-poikatsu,アメフリとは?すきま時間で貯まるポイントサイトの特徴を解説,pointsite,popular_articles
pointincome-poikatsu,ポイントインカムとは?アプリでも貯まるポイントサイトの特徴を解説,pointsite,3,4_same_thumb_type,chobirich-poikatsu,ちょびリッチとは?評判・特徴からポイントの貯め方まで徹底解説,pointsite,popular_articles
pointincome-poikatsu,ポイントインカムとは?アプリでも貯まるポイントサイトの特徴を解説,pointsite,4,4_same_thumb_type,chobirich-tsukaikata,ちょびリッチの使い方!ポイントサイト初心者が見るべき案件と交換先,pointsite,popular_articles
pointincome-poikatsu,ポイントインカムとは?アプリでも貯まるポイントサイトの特徴を解説,pointsite,5,4_same_thumb_type,ecnavi-poikatsu,ECナビとは?多彩な方法でポイントが貯まるポイントサイトの特徴を解説,pointsite,popular_articles
pointincome-poikatsu,ポイントインカムとは?アプリでも貯まるポイントサイトの特徴を解説,pointsite,6,4_same_thumb_type,ecnavi-tsukaikata,ECナビでポイントを貯める方法!アンケートと買い物を組み合わせるコツ,pointsite,popular_articles
pointincome-poikatsu,ポイントインカムとは?アプリでも貯まるポイントサイトの特徴を解説,pointsite,7,4_same_thumb_type,hapitas-poikatsu,ハピタスとは?ポイント還元率・交換方法・登録方法をわかりやすく解説,pointsite,popular_articles
pointincome-poikatsu,ポイントインカムとは?アプリでも貯まるポイントサイトの特徴を解説,pointsite,8,4_same_thumb_type,moppy-hajimekata,モッピーでポイ活を始める方法!高還元案件を見る前の確認ポイント,pointsite,popular_articles
pointincome-poikatsu,ポイントインカムとは?アプリでも貯まるポイントサイトの特徴を解説,pointsite,9,4_same_thumb_type,muryou-kaiin-touroku-poikatsu,無料会員登録案件でポイ活する方法とは?登録前後の確認ポイントを解説,pointsite,popular_articles
pointincome-poikatsu,ポイントインカムとは?アプリでも貯まるポイントサイトの特徴を解説,pointsite,10,4_same_thumb_type,nifty-point-club-poikatsu,ニフティポイントクラブの活用術!ネット利用者向けのポイ活基本,pointsite,popular_articles
pointincome-tsukaikata,ポイントインカムの特徴とは?買い物・ゲーム・案件を使い分ける方法,pointsite,1,4_same_thumb_type,amefri-poikatsu,アメフリとは?すきま時間で貯まるポイントサイトの特徴を解説,pointsite,popular_articles
pointincome-tsukaikata,ポイントインカムの特徴とは?買い物・ゲーム・案件を使い分ける方法,pointsite,2,4_same_thumb_type,chobirich-poikatsu,ちょびリッチとは?評判・特徴からポイントの貯め方まで徹底解説,pointsite,popular_articles
pointincome-tsukaikata,ポイントインカムの特徴とは?買い物・ゲーム・案件を使い分ける方法,pointsite,3,4_same_thumb_type,chobirich-tsukaikata,ちょびリッチの使い方!ポイントサイト初心者が見るべき案件と交換先,pointsite,popular_articles
pointincome-tsukaikata,ポイントインカムの特徴とは?買い物・ゲーム・案件を使い分ける方法,pointsite,4,4_same_thumb_type,ecnavi-poikatsu,ECナビとは?多彩な方法でポイントが貯まるポイントサイトの特徴を解説,pointsite,popular_articles
pointincome-tsukaikata,ポイントインカムの特徴とは?買い物・ゲーム・案件を使い分ける方法,pointsite,5,4_same_thumb_type,ecnavi-tsukaikata,ECナビでポイントを貯める方法!アンケートと買い物を組み合わせるコツ,pointsite,popular_articles
pointincome-tsukaikata,ポイントインカムの特徴とは?買い物・ゲーム・案件を使い分ける方法,pointsite,6,4_same_thumb_type,hapitas-poikatsu,ハピタスとは?ポイント還元率・交換方法・登録方法をわかりやすく解説,pointsite,popular_articles
pointincome-tsukaikata,ポイントインカムの特徴とは?買い物・ゲーム・案件を使い分ける方法,pointsite,7,4_same_thumb_type,moppy-hajimekata,モッピーでポイ活を始める方法!高還元案件を見る前の確認ポイント,pointsite,popular_articles
pointincome-tsukaikata,ポイントインカムの特徴とは?買い物・ゲーム・案件を使い分ける方法,pointsite,8,4_same_thumb_type,muryou-kaiin-touroku-poikatsu,無料会員登録案件でポイ活する方法とは?登録前後の確認ポイントを解説,pointsite,popular_articles
pointincome-tsukaikata,ポイントインカムの特徴とは?買い物・ゲーム・案件を使い分ける方法,pointsite,9,4_same_thumb_type,nifty-point-club-poikatsu,ニフティポイントクラブの活用術!ネット利用者向けのポイ活基本,pointsite,popular_articles
pointincome-tsukaikata,ポイントインカムの特徴とは?買い物・ゲーム・案件を使い分ける方法,pointsite,10,4_same_thumb_type,point-museum-poikatsu,ポイントミュージアムとは?安全性・交換条件・特徴をわかりやすく解説,pointsite,popular_articles
pointsite-kougaku-anken,ポイントサイトの高額案件を見る前に!口座開設・カード案件の注意点,pointsite,1,2_inbound_link,hoken-soudan-anken-poikatsu,保険相談案件のポイ活とは?面談前に知っておきたいメリットと注意点,pointsite,popular_articles
pointsite-kougaku-anken,ポイントサイトの高額案件を見る前に!口座開設・カード案件の注意点,pointsite,2,4_same_thumb_type,chihou-zaijuu-poikatsu,地方在住者のポイ活術!使える店舗が少ない時のポイント活用法,pointsite,popular_articles
pointsite-kougaku-anken,ポイントサイトの高額案件を見る前に!口座開設・カード案件の注意点,pointsite,3,4_same_thumb_type,kaigai-zaijuu-point-kanri,海外在住者が日本のポイントを管理する方法!帰国時に使う前提の考え方,pointsite,popular_articles
pointsite-kougaku-anken,ポイントサイトの高額案件を見る前に!口座開設・カード案件の注意点,pointsite,4,4_same_thumb_type,kazoku-account-poikatsu-chuui,家族アカウントでポイ活する時の注意点!規約確認とトラブル防止,pointsite,popular_articles
pointsite-kougaku-anken,ポイントサイトの高額案件を見る前に!口座開設・カード案件の注意点,pointsite,5,4_same_thumb_type,keiyu-wasure-boushi,ポイントサイト経由忘れを防ぐ方法!買い物前チェックを習慣化するコツ,pointsite,popular_articles
pointsite-kougaku-anken,ポイントサイトの高額案件を見る前に!口座開設・カード案件の注意点,pointsite,6,4_same_thumb_type,poikatsu-demerit,ポイ活のデメリットとは?時間・個人情報・無駄買いのリスクを解説,pointsite,popular_articles
pointsite-kougaku-anken,ポイントサイトの高額案件を見る前に!口座開設・カード案件の注意点,pointsite,7,4_same_thumb_type,poikatsu-kojinjouhou-mamoru,ポイ活で個人情報を守る方法!登録前に確認したい安全チェック,pointsite,popular_articles
pointsite-kougaku-anken,ポイントサイトの高額案件を見る前に!口座開設・カード案件の注意点,pointsite,8,4_same_thumb_type,poikatsu-kuchikomi-shinyou,ポイ活の口コミは信用できる?体験談を見る時のチェックポイント,pointsite,popular_articles
pointsite-kougaku-anken,ポイントサイトの高額案件を見る前に!口座開設・カード案件の注意点,pointsite,9,4_same_thumb_type,poikatsu-muki-fumuki,ポイ活で節約できる人・できない人の違い!向き不向きを解説,pointsite,popular_articles
pointsite-kougaku-anken,ポイントサイトの高額案件を見る前に!口座開設・カード案件の注意点,pointsite,10,4_same_thumb_type,poikatsu-yattehaikenai-koto,ポイ活でやってはいけないこと!規約違反・不正利用・危険な案件に注意,pointsite,popular_articles
pointsite-kyakka-genin,ポイントサイトで却下される原因は?承認条件の読み方を初心者向けに解説,pointsite,1,1_own_outbound_link,point-toiawase-junbi,ポイント問い合わせの準備方法!必要情報をそろえてスムーズに確認する,pointsite,popular_articles
pointsite-kyakka-genin,ポイントサイトで却下される原因は?承認条件の読み方を初心者向けに解説,pointsite,2,1_own_outbound_link,keiyu-wasure-boushi,ポイントサイト経由忘れを防ぐ方法!買い物前チェックを習慣化するコツ,pointsite,popular_articles
pointsite-kyakka-genin,ポイントサイトで却下される原因は?承認条件の読み方を初心者向けに解説,pointsite,3,1_own_outbound_link,hapitas-poikatsu,ハピタスとは?ポイント還元率・交換方法・登録方法をわかりやすく解説,pointsite,popular_articles
pointsite-kyakka-genin,ポイントサイトで却下される原因は?承認条件の読み方を初心者向けに解説,pointsite,4,1_own_outbound_link,moppy-hajimekata,モッピーでポイ活を始める方法!高還元案件を見る前の確認ポイント,pointsite,popular_articles
pointsite-kyakka-genin,ポイントサイトで却下される原因は?承認条件の読み方を初心者向けに解説,pointsite,5,1_own_outbound_link,pointincome-poikatsu,ポイントインカムとは?アプリでも貯まるポイントサイトの特徴を解説,pointsite,popular_articles
pointsite-kyakka-genin,ポイントサイトで却下される原因は?承認条件の読み方を初心者向けに解説,pointsite,6,1_own_outbound_link,warau-poikatsu,ワラウとは?老舗ポイントサイトの貯め方・交換方法をわかりやすく解説,pointsite,popular_articles
pointsite-kyakka-genin,ポイントサイトで却下される原因は?承認条件の読み方を初心者向けに解説,pointsite,7,1_own_outbound_link,chobirich-poikatsu,ちょびリッチとは?評判・特徴からポイントの貯め方まで徹底解説,pointsite,popular_articles
pointsite-kyakka-genin,ポイントサイトで却下される原因は?承認条件の読み方を初心者向けに解説,pointsite,8,1_own_outbound_link,ecnavi-poikatsu,ECナビとは?多彩な方法でポイントが貯まるポイントサイトの特徴を解説,pointsite,popular_articles
pointsite-kyakka-genin,ポイントサイトで却下される原因は?承認条件の読み方を初心者向けに解説,pointsite,9,1_own_outbound_link,nifty-point-club-poikatsu,ニフティポイントクラブの活用術!ネット利用者向けのポイ活基本,pointsite,popular_articles
pointsite-kyakka-genin,ポイントサイトで却下される原因は?承認条件の読み方を初心者向けに解説,pointsite,10,1_own_outbound_link,point-tsukanai-genin,ポイントが付かない原因まとめ!問い合わせ前に確認すべきこと,shopping,popular_articles
ponta-kiso,Pontaポイントとは?貯め方・使い方・相性の良いサービスを解説,shopping,1,2_inbound_link,au-uq-ponta,au・UQユーザーはPontaポイントにまとめるべき?相性の良いサービスを解説,shopping,popular_articles
ponta-kiso,Pontaポイントとは?貯め方・使い方・相性の良いサービスを解説,shopping,2,3_tag_match,aupay-market-poikatsu,au PAYマーケットでポイントを活用する方法!買い物前の確認ポイント,shopping,popular_articles
ponta-kiso,Pontaポイントとは?貯め方・使い方・相性の良いサービスを解説,shopping,3,3_tag_match,aupay-market-toha,au PAY マーケットとは?特徴とポイントの貯め方をわかりやすく解説,shopping,popular_articles
ponta-kiso,Pontaポイントとは?貯め方・使い方・相性の良いサービスを解説,shopping,4,3_tag_match,aupay-ponta,au PAYでPontaポイントを貯める方法!スマホ決済との組み合わせを解説,shopping,popular_articles
ponta-kiso,Pontaポイントとは?貯め方・使い方・相性の良いサービスを解説,shopping,5,3_tag_match,code-kessai-4sha-hikaku,コード決済4社を徹底比較|PayPay・d払い・楽天ペイ・au PAY,shopping,popular_articles
ponta-kiso,Pontaポイントとは?貯め方・使い方・相性の良いサービスを解説,shopping,6,3_tag_match,dpoint-ponta-hikaku,dポイントとPontaはどっちが得?貯め方・使える店・有効期限を比較,shopping,popular_articles
ponta-kiso,Pontaポイントとは?貯め方・使い方・相性の良いサービスを解説,shopping,7,3_tag_match,drugstore-point-hikaku,ドラッグストアのポイントを徹底比較|マツキヨ・ウエルシア・スギ薬局・ツルハなど,shopping,popular_articles
ponta-kiso,Pontaポイントとは?貯め方・使い方・相性の良いサービスを解説,shopping,8,3_tag_match,kadenryohanten-point-hikaku,家電量販店のポイント比較|還元率・現金値引き・支払い方法を7社で比較,shopping,popular_articles
ponta-kiso,Pontaポイントとは?貯め方・使い方・相性の良いサービスを解説,shopping,9,3_tag_match,kikangentei-point-5shu-hikaku,期間限定ポイント5種を比較!失効前に使い切る方法,shopping,popular_articles
ponta-kiso,Pontaポイントとは?貯め方・使い方・相性の良いサービスを解説,shopping,10,3_tag_match,kikangentei-point-tsukaimichi,期間限定ポイントのおすすめ使い道|失効前にすぐ使える交換先ガイド,shopping,popular_articles
ponta-mile-koukan,Pontaポイントをマイルや他社ポイントに交換する方法!使い道を広げるコツ,shopping,1,2_inbound_link,ana-jal-mile-hikaku,ANAマイルとJALマイルはどっち?貯めやすさ・使いやすさを比較,shopping,popular_articles
ponta-mile-koukan,Pontaポイントをマイルや他社ポイントに交換する方法!使い道を広げるコツ,shopping,2,2_inbound_link,jal-mile-tameru-kachi,JALマイルを貯めるべき人・貯めない方がいい人を解説,shopping,popular_articles
ponta-mile-koukan,Pontaポイントをマイルや他社ポイントに交換する方法!使い道を広げるコツ,shopping,3,2_inbound_link,ponta-tamekata,Pontaポイントの貯め方とは?もらう方法・使い方を解説,,popular_articles
ponta-mile-koukan,Pontaポイントをマイルや他社ポイントに交換する方法!使い道を広げるコツ,shopping,4,2_inbound_link,ponta-tsukaikata,Pontaポイントの使い方とは?店舗・連携・交換まで完全ガイド,,popular_articles
ponta-mile-koukan,Pontaポイントをマイルや他社ポイントに交換する方法!使い道を広げるコツ,shopping,5,3_tag_match,au-uq-ponta,au・UQユーザーはPontaポイントにまとめるべき?相性の良いサービスを解説,shopping,popular_articles
ponta-mile-koukan,Pontaポイントをマイルや他社ポイントに交換する方法!使い道を広げるコツ,shopping,6,3_tag_match,aupay-market-poikatsu,au PAYマーケットでポイントを活用する方法!買い物前の確認ポイント,shopping,popular_articles
ponta-mile-koukan,Pontaポイントをマイルや他社ポイントに交換する方法!使い道を広げるコツ,shopping,7,3_tag_match,aupay-market-toha,au PAY マーケットとは?特徴とポイントの貯め方をわかりやすく解説,shopping,popular_articles
ponta-mile-koukan,Pontaポイントをマイルや他社ポイントに交換する方法!使い道を広げるコツ,shopping,8,3_tag_match,aupay-ponta,au PAYでPontaポイントを貯める方法!スマホ決済との組み合わせを解説,shopping,popular_articles
ponta-mile-koukan,Pontaポイントをマイルや他社ポイントに交換する方法!使い道を広げるコツ,shopping,9,3_tag_match,code-kessai-4sha-hikaku,コード決済4社を徹底比較|PayPay・d払い・楽天ペイ・au PAY,shopping,popular_articles
ponta-mile-koukan,Pontaポイントをマイルや他社ポイントに交換する方法!使い道を広げるコツ,shopping,10,3_tag_match,dpoint-ponta-hikaku,dポイントとPontaはどっちが得?貯め方・使える店・有効期限を比較,shopping,popular_articles
ponta-supermarket,Pontaが貯まるスーパー一覧|使える店舗・地域スーパーも比較,shopping,1,1_own_outbound_link,au-uq-ponta,au・UQユーザーはPontaポイントにまとめるべき?相性の良いサービスを解説,shopping,popular_articles
ponta-supermarket,Pontaが貯まるスーパー一覧|使える店舗・地域スーパーも比較,shopping,2,2_inbound_link,d-point-supermarket,dポイントが貯まるスーパー一覧|使える店舗・地域スーパーも比較,shopping,popular_articles
ponta-supermarket,Pontaが貯まるスーパー一覧|使える店舗・地域スーパーも比較,shopping,3,2_inbound_link,net-super-poikatsu,ネットスーパーのポイントを比較|Ponta・楽天・WAON POINTなど対応状況を解説,shopping,popular_articles
ponta-supermarket,Pontaが貯まるスーパー一覧|使える店舗・地域スーパーも比較,shopping,4,2_inbound_link,rakuten-point-supermarket,楽天ポイントが貯まるスーパー一覧|使える店舗・地域スーパーも比較,shopping,popular_articles
ponta-supermarket,Pontaが貯まるスーパー一覧|使える店舗・地域スーパーも比較,shopping,5,3_tag_match,aupay-market-poikatsu,au PAYマーケットでポイントを活用する方法!買い物前の確認ポイント,shopping,popular_articles
ponta-supermarket,Pontaが貯まるスーパー一覧|使える店舗・地域スーパーも比較,shopping,6,3_tag_match,aupay-market-toha,au PAY マーケットとは?特徴とポイントの貯め方をわかりやすく解説,shopping,popular_articles
ponta-supermarket,Pontaが貯まるスーパー一覧|使える店舗・地域スーパーも比較,shopping,7,3_tag_match,aupay-ponta,au PAYでPontaポイントを貯める方法!スマホ決済との組み合わせを解説,shopping,popular_articles
ponta-supermarket,Pontaが貯まるスーパー一覧|使える店舗・地域スーパーも比較,shopping,8,3_tag_match,code-kessai-4sha-hikaku,コード決済4社を徹底比較|PayPay・d払い・楽天ペイ・au PAY,shopping,popular_articles
ponta-supermarket,Pontaが貯まるスーパー一覧|使える店舗・地域スーパーも比較,shopping,9,3_tag_match,dpoint-ponta-hikaku,dポイントとPontaはどっちが得?貯め方・使える店・有効期限を比較,shopping,popular_articles
ponta-supermarket,Pontaが貯まるスーパー一覧|使える店舗・地域スーパーも比較,shopping,10,3_tag_match,drugstore-point-hikaku,ドラッグストアのポイントを徹底比較|マツキヨ・ウエルシア・スギ薬局・ツルハなど,shopping,popular_articles
ponta-tamekata,Pontaポイントの貯め方とは?もらう方法・使い方を解説,,1,1_own_outbound_link,aupay-market-toha,au PAY マーケットとは?特徴とポイントの貯め方をわかりやすく解説,shopping,popular_articles
ponta-tamekata,Pontaポイントの貯め方とは?もらう方法・使い方を解説,,2,1_own_outbound_link,aupay-furusato-poikatsu,au PAYふるさと納税のPontaポイントは貯まる?2025年10月の変更を解説,seikatsu,popular_articles
ponta-tamekata,Pontaポイントの貯め方とは?もらう方法・使い方を解説,,3,1_own_outbound_link,jalan-net-poikatsu,じゃらんnetとは?宿・ホテル予約でポイントが貯まる仕組みを解説,campaign,popular_articles
ponta-tamekata,Pontaポイントの貯め方とは?もらう方法・使い方を解説,,4,1_own_outbound_link,lawson-ponta,ローソンでPontaポイントを貯める方法!買い物前に知っておきたい基本,shopping,popular_articles
ponta-tamekata,Pontaポイントの貯め方とは?もらう方法・使い方を解説,,5,1_own_outbound_link,aupay-ponta,au PAYでPontaポイントを貯める方法!スマホ決済との組み合わせを解説,shopping,popular_articles
ponta-tamekata,Pontaポイントの貯め方とは?もらう方法・使い方を解説,,6,1_own_outbound_link,ponta-tsukaikata,Pontaポイントの使い方とは?店舗・連携・交換まで完全ガイド,,popular_articles
ponta-tamekata,Pontaポイントの貯め方とは?もらう方法・使い方を解説,,7,1_own_outbound_link,ponta-tsukaimichi,Pontaポイントのおすすめの使い道!ローソン・au・旅行で活用する方法,shopping,popular_articles
ponta-tamekata,Pontaポイントの貯め方とは?もらう方法・使い方を解説,,8,1_own_outbound_link,ponta-mile-koukan,Pontaポイントをマイルや他社ポイントに交換する方法!使い道を広げるコツ,shopping,popular_articles
ponta-tsukaikata,Pontaポイントの使い方とは?店舗・連携・交換まで完全ガイド,,1,1_own_outbound_link,aupay-ponta,au PAYでPontaポイントを貯める方法!スマホ決済との組み合わせを解説,shopping,popular_articles
ponta-tsukaikata,Pontaポイントの使い方とは?店舗・連携・交換まで完全ガイド,,2,1_own_outbound_link,aupay-furusato-poikatsu,au PAYふるさと納税のPontaポイントは貯まる?2025年10月の変更を解説,seikatsu,popular_articles
ponta-tsukaikata,Pontaポイントの使い方とは?店舗・連携・交換まで完全ガイド,,3,1_own_outbound_link,aupay-market-toha,au PAY マーケットとは?特徴とポイントの貯め方をわかりやすく解説,shopping,popular_articles
ponta-tsukaikata,Pontaポイントの使い方とは?店舗・連携・交換まで完全ガイド,,4,1_own_outbound_link,jalan-net-poikatsu,じゃらんnetとは?宿・ホテル予約でポイントが貯まる仕組みを解説,campaign,popular_articles
ponta-tsukaikata,Pontaポイントの使い方とは?店舗・連携・交換まで完全ガイド,,5,1_own_outbound_link,ponta-mile-koukan,Pontaポイントをマイルや他社ポイントに交換する方法!使い道を広げるコツ,shopping,popular_articles
ponta-tsukaikata,Pontaポイントの使い方とは?店舗・連携・交換まで完全ガイド,,6,2_inbound_link,ponta-tamekata,Pontaポイントの貯め方とは?もらう方法・使い方を解説,,popular_articles
ponta-tsukaimichi,Pontaポイントのおすすめの使い道!ローソン・au・旅行で活用する方法,shopping,1,2_inbound_link,ponta-tamekata,Pontaポイントの貯め方とは?もらう方法・使い方を解説,,popular_articles
ponta-tsukaimichi,Pontaポイントのおすすめの使い道!ローソン・au・旅行で活用する方法,shopping,2,3_tag_match,au-uq-ponta,au・UQユーザーはPontaポイントにまとめるべき?相性の良いサービスを解説,shopping,popular_articles
ponta-tsukaimichi,Pontaポイントのおすすめの使い道!ローソン・au・旅行で活用する方法,shopping,3,3_tag_match,aupay-market-poikatsu,au PAYマーケットでポイントを活用する方法!買い物前の確認ポイント,shopping,popular_articles
ponta-tsukaimichi,Pontaポイントのおすすめの使い道!ローソン・au・旅行で活用する方法,shopping,4,3_tag_match,aupay-market-toha,au PAY マーケットとは?特徴とポイントの貯め方をわかりやすく解説,shopping,popular_articles
ponta-tsukaimichi,Pontaポイントのおすすめの使い道!ローソン・au・旅行で活用する方法,shopping,5,3_tag_match,aupay-ponta,au PAYでPontaポイントを貯める方法!スマホ決済との組み合わせを解説,shopping,popular_articles
ponta-tsukaimichi,Pontaポイントのおすすめの使い道!ローソン・au・旅行で活用する方法,shopping,6,3_tag_match,code-kessai-4sha-hikaku,コード決済4社を徹底比較|PayPay・d払い・楽天ペイ・au PAY,shopping,popular_articles
ponta-tsukaimichi,Pontaポイントのおすすめの使い道!ローソン・au・旅行で活用する方法,shopping,7,3_tag_match,dpoint-ponta-hikaku,dポイントとPontaはどっちが得?貯め方・使える店・有効期限を比較,shopping,popular_articles
ponta-tsukaimichi,Pontaポイントのおすすめの使い道!ローソン・au・旅行で活用する方法,shopping,8,3_tag_match,drugstore-point-hikaku,ドラッグストアのポイントを徹底比較|マツキヨ・ウエルシア・スギ薬局・ツルハなど,shopping,popular_articles
ponta-tsukaimichi,Pontaポイントのおすすめの使い道!ローソン・au・旅行で活用する方法,shopping,9,3_tag_match,kadenryohanten-point-hikaku,家電量販店のポイント比較|還元率・現金値引き・支払い方法を7社で比較,shopping,popular_articles
ponta-tsukaimichi,Pontaポイントのおすすめの使い道!ローソン・au・旅行で活用する方法,shopping,10,3_tag_match,kikangentei-point-5shu-hikaku,期間限定ポイント5種を比較!失効前に使い切る方法,shopping,popular_articles
prepaid-card-poikatsu,プリペイドカードでポイ活する方法!使いすぎ防止にも役立つ活用術,shopping,1,4_same_thumb_type,abc-mart-poikatsu,ABC-MARTでポイ活する方法!靴購入時のアプリ・決済チェック,shopping,popular_articles
prepaid-card-poikatsu,プリペイドカードでポイ活する方法!使いすぎ防止にも役立つ活用術,shopping,2,4_same_thumb_type,bousai-goods-poikatsu,防災グッズ購入でポイ活する方法!備蓄を無駄なくそろえるコツ,shopping,popular_articles
prepaid-card-poikatsu,プリペイドカードでポイ活する方法!使いすぎ防止にも役立つ活用術,shopping,3,4_same_thumb_type,cashless-setsuyaku,キャッシュレス決済で節約する方法!現金派から始めるポイ活入門,shopping,popular_articles
prepaid-card-poikatsu,プリペイドカードでポイ活する方法!使いすぎ防止にも役立つ活用術,shopping,4,4_same_thumb_type,dpoint-kiso,dポイントの貯め方を初心者向けに解説!ドコモ以外の人でも使える?,shopping,popular_articles
prepaid-card-poikatsu,プリペイドカードでポイ活する方法!使いすぎ防止にも役立つ活用術,shopping,5,4_same_thumb_type,hasuu-shiharai-point,端数支払いでポイントを使う方法!少額ポイントを無駄にしないコツ,shopping,popular_articles
prepaid-card-poikatsu,プリペイドカードでポイ活する方法!使いすぎ防止にも役立つ活用術,shopping,6,4_same_thumb_type,hyakkaten-depart-poikatsu,百貨店のポイントを比較!高島屋・三越伊勢丹・大丸松坂屋など,shopping,popular_articles
prepaid-card-poikatsu,プリペイドカードでポイ活する方法!使いすぎ防止にも役立つ活用術,shopping,7,4_same_thumb_type,kikangentei-point-tsukaimichi,期間限定ポイントのおすすめ使い道|失効前にすぐ使える交換先ガイド,shopping,popular_articles
prepaid-card-poikatsu,プリペイドカードでポイ活する方法!使いすぎ防止にも役立つ活用術,shopping,8,4_same_thumb_type,nanaco-point-kiso,nanacoポイントの貯め方と使い方!セブン系で活用する基本,shopping,popular_articles
prepaid-card-poikatsu,プリペイドカードでポイ活する方法!使いすぎ防止にも役立つ活用術,shopping,9,4_same_thumb_type,net-shopping-point-kiso,ネットショッピングでポイントを貯める方法!楽天・Yahoo・Amazonの基本,shopping,popular_articles
prepaid-card-poikatsu,プリペイドカードでポイ活する方法!使いすぎ防止にも役立つ活用術,shopping,10,4_same_thumb_type,nyuugaku-shingaku-junbi-point,入学・進学準備でポイントを貯める方法!学用品購入の節約術,shopping,popular_articles
qoo10-poikatsu,Qoo10でポイ活する方法!メガ割前に準備したいチェックリスト,shopping,1,4_same_thumb_type,aeon-point-tameru,イオンでポイントを効率よく貯める方法!WAON POINTと支払い方法の選び方,shopping,popular_articles
qoo10-poikatsu,Qoo10でポイ活する方法!メガ割前に準備したいチェックリスト,shopping,2,4_same_thumb_type,hahanohi-chichinohi-gift-point,母の日・父の日ギフトでポイントを貯める方法!早割と配送日の確認術,shopping,popular_articles
qoo10-poikatsu,Qoo10でポイ活する方法!メガ割前に準備したいチェックリスト,shopping,3,4_same_thumb_type,rakuten-ichiba-kaimawari,楽天市場でポイントを効率よく貯める方法!買い回り前に確認すること,shopping,popular_articles
qoo10-poikatsu,Qoo10でポイ活する方法!メガ割前に準備したいチェックリスト,shopping,4,4_same_thumb_type,welcia-point,ウエルシアのポイント制度!WAON POINT・Vポイントと「ウエル活」の仕組み,shopping,popular_articles
qoo10-poikatsu,Qoo10でポイ活する方法!メガ割前に準備したいチェックリスト,shopping,5,4_same_thumb_type,welkatsu-poikatsu,ウエル活とは?ドラッグストアでポイントを活用する基本と注意点,shopping,popular_articles
qoo10-poikatsu,Qoo10でポイ活する方法!メガ割前に準備したいチェックリスト,shopping,6,5_category_hub,drugstore-point-hikaku,ドラッグストアのポイントを徹底比較|マツキヨ・ウエルシア・スギ薬局・ツルハなど,shopping,popular_articles
qoo10-poikatsu,Qoo10でポイ活する方法!メガ割前に準備したいチェックリスト,shopping,7,5_category_hub,point-toushi-unyou-service-hikaku,ポイント投資・ポイント運用を主要サービスで比較,shopping,popular_articles
qoo10-poikatsu,Qoo10でポイ活する方法!メガ割前に準備したいチェックリスト,shopping,8,6_same_category,rakuten-ichiba-toha,楽天市場とは?特徴とポイントの貯め方をわかりやすく解説,shopping,popular_articles
qoo10-poikatsu,Qoo10でポイ活する方法!メガ割前に準備したいチェックリスト,shopping,9,6_same_category,kikangentei-point-5shu-hikaku,期間限定ポイント5種を比較!失効前に使い切る方法,shopping,popular_articles
qoo10-poikatsu,Qoo10でポイ活する方法!メガ割前に準備したいチェックリスト,shopping,10,6_same_category,paypay-point-kiso,PayPayポイントとは?貯め方・使い方・注意点を初心者向けに解説,shopping,popular_articles
qr-kessai-poikatsu,QRコード決済でポイントを貯める方法!支払い前のチェックポイント,shopping,1,1_own_outbound_link,code-kessai-4sha-hikaku,コード決済4社を徹底比較|PayPay・d払い・楽天ペイ・au PAY,shopping,popular_articles
qr-kessai-poikatsu,QRコード決済でポイントを貯める方法!支払い前のチェックポイント,shopping,2,3_tag_match,kikangentei-point-5shu-hikaku,期間限定ポイント5種を比較!失効前に使い切る方法,shopping,popular_articles
qr-kessai-poikatsu,QRコード決済でポイントを貯める方法!支払い前のチェックポイント,shopping,3,3_tag_match,kikangentei-point-tsukaimichi,期間限定ポイントのおすすめ使い道|失効前にすぐ使える交換先ガイド,shopping,popular_articles
qr-kessai-poikatsu,QRコード決済でポイントを貯める方法!支払い前のチェックポイント,shopping,4,3_tag_match,lohaco-toha,LOHACOとは?特徴とポイントの貯め方をわかりやすく解説,shopping,popular_articles
qr-kessai-poikatsu,QRコード決済でポイントを貯める方法!支払い前のチェックポイント,shopping,5,3_tag_match,paypay-point-kiso,PayPayポイントとは?貯め方・使い方・注意点を初心者向けに解説,shopping,popular_articles
qr-kessai-poikatsu,QRコード決済でポイントを貯める方法!支払い前のチェックポイント,shopping,6,3_tag_match,paypay-point-tsukaimichi,PayPayポイントの使い道おすすめ!支払い・運用・貯蓄感覚で使う方法,shopping,popular_articles
qr-kessai-poikatsu,QRコード決済でポイントを貯める方法!支払い前のチェックポイント,shopping,7,3_tag_match,paypay-point-tsukanai,PayPayポイントが付かない原因は?確認すべき条件と対策,shopping,popular_articles
qr-kessai-poikatsu,QRコード決済でポイントを貯める方法!支払い前のチェックポイント,shopping,8,3_tag_match,paypay-vpoint-koukan,PayPayポイント⇄Vポイント相互交換ガイド|レート・手順・注意点,shopping,popular_articles
qr-kessai-poikatsu,QRコード決済でポイントを貯める方法!支払い前のチェックポイント,shopping,9,3_tag_match,point-niju-sanjudori-kumiawase,ポイント二重取り・三重取りの組み合わせ早見表!おすすめルートを解説,shopping,popular_articles
qr-kessai-poikatsu,QRコード決済でポイントを貯める方法!支払い前のチェックポイント,shopping,10,3_tag_match,point-toushi-unyou-service-hikaku,ポイント投資・ポイント運用を主要サービスで比較,shopping,popular_articles
rakuten-ana-mile-koukan,楽天ポイントをANAマイルに交換できる?交換ルートと注意点を解説,shopping,1,2_inbound_link,ana-jal-mile-hikaku,ANAマイルとJALマイルはどっち?貯めやすさ・使いやすさを比較,shopping,popular_articles
rakuten-ana-mile-koukan,楽天ポイントをANAマイルに交換できる?交換ルートと注意点を解説,shopping,2,2_inbound_link,ana-mile-tameru-kachi,ANAマイルを貯めるべき人・貯めない方がいい人を解説,shopping,popular_articles
rakuten-ana-mile-koukan,楽天ポイントをANAマイルに交換できる?交換ルートと注意点を解説,shopping,3,2_inbound_link,rakuten-mobile-rakuten-point,楽天モバイルなら楽天ポイントにまとめるべき?楽天経済圏との相性を解説,shopping,popular_articles
rakuten-ana-mile-koukan,楽天ポイントをANAマイルに交換できる?交換ルートと注意点を解説,shopping,4,3_tag_match,code-kessai-4sha-hikaku,コード決済4社を徹底比較|PayPay・d払い・楽天ペイ・au PAY,shopping,popular_articles
rakuten-ana-mile-koukan,楽天ポイントをANAマイルに交換できる?交換ルートと注意点を解説,shopping,5,3_tag_match,drugstore-point-hikaku,ドラッグストアのポイントを徹底比較|マツキヨ・ウエルシア・スギ薬局・ツルハなど,shopping,popular_articles
rakuten-ana-mile-koukan,楽天ポイントをANAマイルに交換できる?交換ルートと注意点を解説,shopping,6,3_tag_match,kadenryohanten-point-hikaku,家電量販店のポイント比較|還元率・現金値引き・支払い方法を7社で比較,shopping,popular_articles
rakuten-ana-mile-koukan,楽天ポイントをANAマイルに交換できる?交換ルートと注意点を解説,shopping,7,3_tag_match,kikangentei-point-5shu-hikaku,期間限定ポイント5種を比較!失効前に使い切る方法,shopping,popular_articles
rakuten-ana-mile-koukan,楽天ポイントをANAマイルに交換できる?交換ルートと注意点を解説,shopping,8,3_tag_match,kikangentei-point-tsukaimichi,期間限定ポイントのおすすめ使い道|失効前にすぐ使える交換先ガイド,shopping,popular_articles
rakuten-ana-mile-koukan,楽天ポイントをANAマイルに交換できる?交換ルートと注意点を解説,shopping,9,3_tag_match,net-shopping-point-kiso,ネットショッピングでポイントを貯める方法!楽天・Yahoo・Amazonの基本,shopping,popular_articles
rakuten-ana-mile-koukan,楽天ポイントをANAマイルに交換できる?交換ルートと注意点を解説,shopping,10,3_tag_match,point-niju-sanjudori-kumiawase,ポイント二重取り・三重取りの組み合わせ早見表!おすすめルートを解説,shopping,popular_articles
rakuten-beauty-poikatsu,楽天ビューティとは?美容室・ネイル・エステの検索・予約ができるサービス,seikatsu,1,3_tag_match,rakuten-car-shaken-poikatsu,楽天Car車検とは?見積もり比較・予約で楽天ポイントがもらえるサービス,seikatsu,popular_articles
rakuten-beauty-poikatsu,楽天ビューティとは?美容室・ネイル・エステの検索・予約ができるサービス,seikatsu,2,3_tag_match,rakuten-carwash-poikatsu,楽天Car洗車・コーティングとは?予約方法と楽天ポイントを解説,seikatsu,popular_articles
rakuten-beauty-poikatsu,楽天ビューティとは?美容室・ネイル・エステの検索・予約ができるサービス,seikatsu,3,3_tag_match,rakuten-denwa-poikatsu,楽天でんわとは?番号そのままで通話料を半額にできる電話アプリを解説,seikatsu,popular_articles
rakuten-beauty-poikatsu,楽天ビューティとは?美容室・ネイル・エステの検索・予約ができるサービス,seikatsu,4,3_tag_match,rakuten-hikari-poikatsu,楽天ひかりとは?楽天モバイルとセットで楽天市場ポイントが7倍になる光回線,seikatsu,popular_articles
rakuten-beauty-poikatsu,楽天ビューティとは?美容室・ネイル・エステの検索・予約ができるサービス,seikatsu,5,3_tag_match,rakuten-kakeibo-poikatsu,Rakuten家計簿とは?無料で使える家計簿アプリと楽天ポイントを解説,seikatsu,popular_articles
rakuten-beauty-poikatsu,楽天ビューティとは?美容室・ネイル・エステの検索・予約ができるサービス,seikatsu,6,3_tag_match,rakuten-mobile-poikatsu,楽天モバイルとは?データ使い放題と楽天ポイント最大+4倍を解説,seikatsu,popular_articles
rakuten-beauty-poikatsu,楽天ビューティとは?美容室・ネイル・エステの検索・予約ができるサービス,seikatsu,7,3_tag_match,rakuten-music-poikatsu,楽天ミュージックとは?広告なしで約1億曲聴き放題の音楽アプリを解説,seikatsu,popular_articles
rakuten-beauty-poikatsu,楽天ビューティとは?美容室・ネイル・エステの検索・予約ができるサービス,seikatsu,8,3_tag_match,rakuten-shashinkan-poikatsu,楽天写真館とは?写真プリントからフォトブックまで作れるサービスを解説,seikatsu,popular_articles
rakuten-beauty-poikatsu,楽天ビューティとは?美容室・ネイル・エステの検索・予約ができるサービス,seikatsu,9,3_tag_match,ubereats-poikatsu,Uber Eatsでポイ活する方法!クーポン・支払い・手数料の見方,seikatsu,popular_articles
rakuten-beauty-poikatsu,楽天ビューティとは?美容室・ネイル・エステの検索・予約ができるサービス,seikatsu,10,4_same_thumb_type,d-value-pass-poikatsu,dバリューパスとは?初月無料で壁紙・待受が使い放題のサブスク,seikatsu,popular_articles
rakuten-car-shaken-poikatsu,楽天Car車検とは?見積もり比較・予約で楽天ポイントがもらえるサービス,seikatsu,1,3_tag_match,rakuten-beauty-poikatsu,楽天ビューティとは?美容室・ネイル・エステの検索・予約ができるサービス,seikatsu,popular_articles
rakuten-car-shaken-poikatsu,楽天Car車検とは?見積もり比較・予約で楽天ポイントがもらえるサービス,seikatsu,2,3_tag_match,rakuten-carwash-poikatsu,楽天Car洗車・コーティングとは?予約方法と楽天ポイントを解説,seikatsu,popular_articles
rakuten-car-shaken-poikatsu,楽天Car車検とは?見積もり比較・予約で楽天ポイントがもらえるサービス,seikatsu,3,3_tag_match,rakuten-denwa-poikatsu,楽天でんわとは?番号そのままで通話料を半額にできる電話アプリを解説,seikatsu,popular_articles
rakuten-car-shaken-poikatsu,楽天Car車検とは?見積もり比較・予約で楽天ポイントがもらえるサービス,seikatsu,4,3_tag_match,rakuten-hikari-poikatsu,楽天ひかりとは?楽天モバイルとセットで楽天市場ポイントが7倍になる光回線,seikatsu,popular_articles
rakuten-car-shaken-poikatsu,楽天Car車検とは?見積もり比較・予約で楽天ポイントがもらえるサービス,seikatsu,5,3_tag_match,rakuten-kakeibo-poikatsu,Rakuten家計簿とは?無料で使える家計簿アプリと楽天ポイントを解説,seikatsu,popular_articles
rakuten-car-shaken-poikatsu,楽天Car車検とは?見積もり比較・予約で楽天ポイントがもらえるサービス,seikatsu,6,3_tag_match,rakuten-mobile-poikatsu,楽天モバイルとは?データ使い放題と楽天ポイント最大+4倍を解説,seikatsu,popular_articles
rakuten-car-shaken-poikatsu,楽天Car車検とは?見積もり比較・予約で楽天ポイントがもらえるサービス,seikatsu,7,3_tag_match,rakuten-music-poikatsu,楽天ミュージックとは?広告なしで約1億曲聴き放題の音楽アプリを解説,seikatsu,popular_articles
rakuten-car-shaken-poikatsu,楽天Car車検とは?見積もり比較・予約で楽天ポイントがもらえるサービス,seikatsu,8,3_tag_match,rakuten-shashinkan-poikatsu,楽天写真館とは?写真プリントからフォトブックまで作れるサービスを解説,seikatsu,popular_articles
rakuten-car-shaken-poikatsu,楽天Car車検とは?見積もり比較・予約で楽天ポイントがもらえるサービス,seikatsu,9,3_tag_match,ubereats-poikatsu,Uber Eatsでポイ活する方法!クーポン・支払い・手数料の見方,seikatsu,popular_articles
rakuten-car-shaken-poikatsu,楽天Car車検とは?見積もり比較・予約で楽天ポイントがもらえるサービス,seikatsu,10,4_same_thumb_type,d-value-pass-poikatsu,dバリューパスとは?初月無料で壁紙・待受が使い放題のサブスク,seikatsu,popular_articles
rakuten-card-poikatsu,楽天カードはポイ活に向いている?メリットと注意点を初心者向けに解説,creditcard,1,2_inbound_link,credit-card-common-point-hikaku,共通ポイント別クレジットカード比較|d・楽天・Ponta・Vポイントで選ぶ,creditcard,popular_articles
rakuten-card-poikatsu,楽天カードはポイ活に向いている?メリットと注意点を初心者向けに解説,creditcard,2,2_inbound_link,point-niju-sanjudori-kumiawase,ポイント二重取り・三重取りの組み合わせ早見表!おすすめルートを解説,shopping,popular_articles
rakuten-card-poikatsu,楽天カードはポイ活に向いている?メリットと注意点を初心者向けに解説,creditcard,3,2_inbound_link,rakuten-ginkou-happy-program,楽天銀行ハッピープログラムの基本!銀行取引で楽天ポイントを貯める方法,kouza,popular_articles
rakuten-card-poikatsu,楽天カードはポイ活に向いている?メリットと注意点を初心者向けに解説,creditcard,4,2_inbound_link,rakuten-mobile-rakuten-point,楽天モバイルなら楽天ポイントにまとめるべき?楽天経済圏との相性を解説,shopping,popular_articles
rakuten-card-poikatsu,楽天カードはポイ活に向いている?メリットと注意点を初心者向けに解説,creditcard,5,2_inbound_link,rakuten-point-tsukaikata,楽天ポイントの使い方とは?店舗・連携・交換まで完全ガイド,,popular_articles
rakuten-card-poikatsu,楽天カードはポイ活に向いている?メリットと注意点を初心者向けに解説,creditcard,6,2_inbound_link,rakuten-travel-supersale-entry-coupon,楽天トラベルスーパーSALE攻略|エントリー条件とクーポン併用ルール,campaign,popular_articles
rakuten-card-poikatsu,楽天カードはポイ活に向いている?メリットと注意点を初心者向けに解説,creditcard,7,3_tag_match,credit-card-point-hikaku,クレジットカードのポイントを徹底比較|還元率・年会費・使い道で選ぶ,creditcard,popular_articles
rakuten-card-poikatsu,楽天カードはポイ活に向いている?メリットと注意点を初心者向けに解説,creditcard,8,3_tag_match,keitai-ryokin-point,携帯料金でポイント還元!ドコモ・ソフトバンク・au・楽天モバイル別お得な貯め方ガイド,creditcard,popular_articles
rakuten-card-poikatsu,楽天カードはポイ活に向いている?メリットと注意点を初心者向けに解説,creditcard,9,4_same_thumb_type,ana-amex-poikatsu,ANAアメックスが大幅刷新!ゴールド・プレミアムの新特典とマイル還元まとめ,creditcard,popular_articles
rakuten-card-poikatsu,楽天カードはポイ活に向いている?メリットと注意点を初心者向けに解説,creditcard,10,4_same_thumb_type,apple-pay-poikatsu,Apple Payでポイ活する方法!ポイント還元とiD・QUICPay・タッチ決済の違い,creditcard,popular_articles
rakuten-carwash-poikatsu,楽天Car洗車・コーティングとは?予約方法と楽天ポイントを解説,seikatsu,1,3_tag_match,rakuten-beauty-poikatsu,楽天ビューティとは?美容室・ネイル・エステの検索・予約ができるサービス,seikatsu,popular_articles
rakuten-carwash-poikatsu,楽天Car洗車・コーティングとは?予約方法と楽天ポイントを解説,seikatsu,2,3_tag_match,rakuten-car-shaken-poikatsu,楽天Car車検とは?見積もり比較・予約で楽天ポイントがもらえるサービス,seikatsu,popular_articles
rakuten-carwash-poikatsu,楽天Car洗車・コーティングとは?予約方法と楽天ポイントを解説,seikatsu,3,3_tag_match,rakuten-denwa-poikatsu,楽天でんわとは?番号そのままで通話料を半額にできる電話アプリを解説,seikatsu,popular_articles
rakuten-carwash-poikatsu,楽天Car洗車・コーティングとは?予約方法と楽天ポイントを解説,seikatsu,4,3_tag_match,rakuten-hikari-poikatsu,楽天ひかりとは?楽天モバイルとセットで楽天市場ポイントが7倍になる光回線,seikatsu,popular_articles
rakuten-carwash-poikatsu,楽天Car洗車・コーティングとは?予約方法と楽天ポイントを解説,seikatsu,5,3_tag_match,rakuten-kakeibo-poikatsu,Rakuten家計簿とは?無料で使える家計簿アプリと楽天ポイントを解説,seikatsu,popular_articles
rakuten-carwash-poikatsu,楽天Car洗車・コーティングとは?予約方法と楽天ポイントを解説,seikatsu,6,3_tag_match,rakuten-mobile-poikatsu,楽天モバイルとは?データ使い放題と楽天ポイント最大+4倍を解説,seikatsu,popular_articles
rakuten-carwash-poikatsu,楽天Car洗車・コーティングとは?予約方法と楽天ポイントを解説,seikatsu,7,3_tag_match,rakuten-music-poikatsu,楽天ミュージックとは?広告なしで約1億曲聴き放題の音楽アプリを解説,seikatsu,popular_articles
rakuten-carwash-poikatsu,楽天Car洗車・コーティングとは?予約方法と楽天ポイントを解説,seikatsu,8,3_tag_match,rakuten-shashinkan-poikatsu,楽天写真館とは?写真プリントからフォトブックまで作れるサービスを解説,seikatsu,popular_articles
rakuten-carwash-poikatsu,楽天Car洗車・コーティングとは?予約方法と楽天ポイントを解説,seikatsu,9,3_tag_match,ubereats-poikatsu,Uber Eatsでポイ活する方法!クーポン・支払い・手数料の見方,seikatsu,popular_articles
rakuten-carwash-poikatsu,楽天Car洗車・コーティングとは?予約方法と楽天ポイントを解説,seikatsu,10,4_same_thumb_type,ahamo-toha,ahamoとは?月額料金とdポイントの貯め方をわかりやすく解説,seikatsu,popular_articles
rakuten-check-poikatsu,楽天チェックで来店ポイントを貯める方法!外出ついでに使う基本,shopping,1,3_tag_match,code-kessai-4sha-hikaku,コード決済4社を徹底比較|PayPay・d払い・楽天ペイ・au PAY,shopping,popular_articles
rakuten-check-poikatsu,楽天チェックで来店ポイントを貯める方法!外出ついでに使う基本,shopping,2,3_tag_match,drugstore-point-hikaku,ドラッグストアのポイントを徹底比較|マツキヨ・ウエルシア・スギ薬局・ツルハなど,shopping,popular_articles
rakuten-check-poikatsu,楽天チェックで来店ポイントを貯める方法!外出ついでに使う基本,shopping,3,3_tag_match,kadenryohanten-point-hikaku,家電量販店のポイント比較|還元率・現金値引き・支払い方法を7社で比較,shopping,popular_articles
rakuten-check-poikatsu,楽天チェックで来店ポイントを貯める方法!外出ついでに使う基本,shopping,4,3_tag_match,kikangentei-point-5shu-hikaku,期間限定ポイント5種を比較!失効前に使い切る方法,shopping,popular_articles
rakuten-check-poikatsu,楽天チェックで来店ポイントを貯める方法!外出ついでに使う基本,shopping,5,3_tag_match,kikangentei-point-tsukaimichi,期間限定ポイントのおすすめ使い道|失効前にすぐ使える交換先ガイド,shopping,popular_articles
rakuten-check-poikatsu,楽天チェックで来店ポイントを貯める方法!外出ついでに使う基本,shopping,6,3_tag_match,net-shopping-point-kiso,ネットショッピングでポイントを貯める方法!楽天・Yahoo・Amazonの基本,shopping,popular_articles
rakuten-check-poikatsu,楽天チェックで来店ポイントを貯める方法!外出ついでに使う基本,shopping,7,3_tag_match,point-niju-sanjudori-kumiawase,ポイント二重取り・三重取りの組み合わせ早見表!おすすめルートを解説,shopping,popular_articles
rakuten-check-poikatsu,楽天チェックで来店ポイントを貯める方法!外出ついでに使う基本,shopping,8,3_tag_match,point-toushi-unyou-service-hikaku,ポイント投資・ポイント運用を主要サービスで比較,shopping,popular_articles
rakuten-check-poikatsu,楽天チェックで来店ポイントを貯める方法!外出ついでに使う基本,shopping,9,3_tag_match,rakuten-ana-mile-koukan,楽天ポイントをANAマイルに交換できる?交換ルートと注意点を解説,shopping,popular_articles
rakuten-check-poikatsu,楽天チェックで来店ポイントを貯める方法!外出ついでに使う基本,shopping,10,3_tag_match,rakuten-ichiba-kaimawari,楽天市場でポイントを効率よく貯める方法!買い回り前に確認すること,shopping,popular_articles
rakuten-denwa-poikatsu,楽天でんわとは?番号そのままで通話料を半額にできる電話アプリを解説,seikatsu,1,3_tag_match,rakuten-beauty-poikatsu,楽天ビューティとは?美容室・ネイル・エステの検索・予約ができるサービス,seikatsu,popular_articles
rakuten-denwa-poikatsu,楽天でんわとは?番号そのままで通話料を半額にできる電話アプリを解説,seikatsu,2,3_tag_match,rakuten-car-shaken-poikatsu,楽天Car車検とは?見積もり比較・予約で楽天ポイントがもらえるサービス,seikatsu,popular_articles
rakuten-denwa-poikatsu,楽天でんわとは?番号そのままで通話料を半額にできる電話アプリを解説,seikatsu,3,3_tag_match,rakuten-carwash-poikatsu,楽天Car洗車・コーティングとは?予約方法と楽天ポイントを解説,seikatsu,popular_articles
rakuten-denwa-poikatsu,楽天でんわとは?番号そのままで通話料を半額にできる電話アプリを解説,seikatsu,4,3_tag_match,rakuten-hikari-poikatsu,楽天ひかりとは?楽天モバイルとセットで楽天市場ポイントが7倍になる光回線,seikatsu,popular_articles
rakuten-denwa-poikatsu,楽天でんわとは?番号そのままで通話料を半額にできる電話アプリを解説,seikatsu,5,3_tag_match,rakuten-kakeibo-poikatsu,Rakuten家計簿とは?無料で使える家計簿アプリと楽天ポイントを解説,seikatsu,popular_articles
rakuten-denwa-poikatsu,楽天でんわとは?番号そのままで通話料を半額にできる電話アプリを解説,seikatsu,6,3_tag_match,rakuten-mobile-poikatsu,楽天モバイルとは?データ使い放題と楽天ポイント最大+4倍を解説,seikatsu,popular_articles
rakuten-denwa-poikatsu,楽天でんわとは?番号そのままで通話料を半額にできる電話アプリを解説,seikatsu,7,3_tag_match,rakuten-music-poikatsu,楽天ミュージックとは?広告なしで約1億曲聴き放題の音楽アプリを解説,seikatsu,popular_articles
rakuten-denwa-poikatsu,楽天でんわとは?番号そのままで通話料を半額にできる電話アプリを解説,seikatsu,8,3_tag_match,rakuten-shashinkan-poikatsu,楽天写真館とは?写真プリントからフォトブックまで作れるサービスを解説,seikatsu,popular_articles
rakuten-denwa-poikatsu,楽天でんわとは?番号そのままで通話料を半額にできる電話アプリを解説,seikatsu,9,3_tag_match,ubereats-poikatsu,Uber Eatsでポイ活する方法!クーポン・支払い・手数料の見方,seikatsu,popular_articles
rakuten-denwa-poikatsu,楽天でんわとは?番号そのままで通話料を半額にできる電話アプリを解説,seikatsu,10,4_same_thumb_type,d-value-pass-poikatsu,dバリューパスとは?初月無料で壁紙・待受が使い放題のサブスク,seikatsu,popular_articles
rakuten-ginkou-happy-program,楽天銀行ハッピープログラムの基本!銀行取引で楽天ポイントを貯める方法,kouza,1,1_own_outbound_link,rakuten-card-poikatsu,楽天カードはポイ活に向いている?メリットと注意点を初心者向けに解説,creditcard,popular_articles
rakuten-ginkou-happy-program,楽天銀行ハッピープログラムの基本!銀行取引で楽天ポイントを貯める方法,kouza,2,1_own_outbound_link,rakuten-ichiba-toha,楽天市場とは?特徴とポイントの貯め方をわかりやすく解説,shopping,popular_articles
rakuten-ginkou-happy-program,楽天銀行ハッピープログラムの基本!銀行取引で楽天ポイントを貯める方法,kouza,3,1_own_outbound_link,rakuten-point-tamekata,楽天ポイントの貯め方とは?もらう方法・使い方を解説,,popular_articles
rakuten-ginkou-happy-program,楽天銀行ハッピープログラムの基本!銀行取引で楽天ポイントを貯める方法,kouza,4,1_own_outbound_link,rakuten-poikatsu-kiso,楽天ポイントの貯め方を初心者向けに解説!楽天経済圏の基本,shopping,popular_articles
rakuten-ginkou-happy-program,楽天銀行ハッピープログラムの基本!銀行取引で楽天ポイントを貯める方法,kouza,5,1_own_outbound_link,point-tamaru-ginkou-hikaku,ポイントが貯まる銀行を比較!d・楽天・V・Ponta・PayPay系の選び方,kouza,popular_articles
rakuten-ginkou-happy-program,楽天銀行ハッピープログラムの基本!銀行取引で楽天ポイントを貯める方法,kouza,6,3_tag_match,rakuten-shouken-toha,楽天証券とは?特徴とポイントの貯め方をわかりやすく解説,kouza,popular_articles
rakuten-ginkou-happy-program,楽天銀行ハッピープログラムの基本!銀行取引で楽天ポイントを貯める方法,kouza,7,4_same_thumb_type,monex-shouken-toha,マネックス証券とは?特徴とポイントの貯め方をわかりやすく解説,kouza,popular_articles
rakuten-ginkou-happy-program,楽天銀行ハッピープログラムの基本!銀行取引で楽天ポイントを貯める方法,kouza,8,4_same_thumb_type,paypaysec-shouken-toha,PayPay証券とは?特徴とポイントの貯め方をわかりやすく解説,kouza,popular_articles
rakuten-ginkou-happy-program,楽天銀行ハッピープログラムの基本!銀行取引で楽天ポイントを貯める方法,kouza,9,4_same_thumb_type,sbisec-shouken-toha,SBI証券とは?特徴とポイントの貯め方をわかりやすく解説,kouza,popular_articles
rakuten-ginkou-happy-program,楽天銀行ハッピープログラムの基本!銀行取引で楽天ポイントを貯める方法,kouza,10,5_category_hub,docomo-ginkou-dpoint-poikatsu,ドコモの銀行でdポイントを貯める方法|dアカウント連携・還元条件,kouza,popular_articles
rakuten-hikari-poikatsu,楽天ひかりとは?楽天モバイルとセットで楽天市場ポイントが7倍になる光回線,seikatsu,1,3_tag_match,rakuten-beauty-poikatsu,楽天ビューティとは?美容室・ネイル・エステの検索・予約ができるサービス,seikatsu,popular_articles
rakuten-hikari-poikatsu,楽天ひかりとは?楽天モバイルとセットで楽天市場ポイントが7倍になる光回線,seikatsu,2,3_tag_match,rakuten-car-shaken-poikatsu,楽天Car車検とは?見積もり比較・予約で楽天ポイントがもらえるサービス,seikatsu,popular_articles
rakuten-hikari-poikatsu,楽天ひかりとは?楽天モバイルとセットで楽天市場ポイントが7倍になる光回線,seikatsu,3,3_tag_match,rakuten-carwash-poikatsu,楽天Car洗車・コーティングとは?予約方法と楽天ポイントを解説,seikatsu,popular_articles
rakuten-hikari-poikatsu,楽天ひかりとは?楽天モバイルとセットで楽天市場ポイントが7倍になる光回線,seikatsu,4,3_tag_match,rakuten-denwa-poikatsu,楽天でんわとは?番号そのままで通話料を半額にできる電話アプリを解説,seikatsu,popular_articles
rakuten-hikari-poikatsu,楽天ひかりとは?楽天モバイルとセットで楽天市場ポイントが7倍になる光回線,seikatsu,5,3_tag_match,rakuten-kakeibo-poikatsu,Rakuten家計簿とは?無料で使える家計簿アプリと楽天ポイントを解説,seikatsu,popular_articles
rakuten-hikari-poikatsu,楽天ひかりとは?楽天モバイルとセットで楽天市場ポイントが7倍になる光回線,seikatsu,6,3_tag_match,rakuten-mobile-poikatsu,楽天モバイルとは?データ使い放題と楽天ポイント最大+4倍を解説,seikatsu,popular_articles
rakuten-hikari-poikatsu,楽天ひかりとは?楽天モバイルとセットで楽天市場ポイントが7倍になる光回線,seikatsu,7,3_tag_match,rakuten-music-poikatsu,楽天ミュージックとは?広告なしで約1億曲聴き放題の音楽アプリを解説,seikatsu,popular_articles
rakuten-hikari-poikatsu,楽天ひかりとは?楽天モバイルとセットで楽天市場ポイントが7倍になる光回線,seikatsu,8,3_tag_match,rakuten-shashinkan-poikatsu,楽天写真館とは?写真プリントからフォトブックまで作れるサービスを解説,seikatsu,popular_articles
rakuten-hikari-poikatsu,楽天ひかりとは?楽天モバイルとセットで楽天市場ポイントが7倍になる光回線,seikatsu,9,3_tag_match,ubereats-poikatsu,Uber Eatsでポイ活する方法!クーポン・支払い・手数料の見方,seikatsu,popular_articles
rakuten-hikari-poikatsu,楽天ひかりとは?楽天モバイルとセットで楽天市場ポイントが7倍になる光回線,seikatsu,10,4_same_thumb_type,ahamo-hikari-poikatsu,ahamo光とは?料金・dポイント特典・工事費無料の条件を解説,seikatsu,popular_articles
rakuten-ichiba-kaimawari,楽天市場でポイントを効率よく貯める方法!買い回り前に確認すること,shopping,1,2_inbound_link,rakuten-point-tamekata,楽天ポイントの貯め方とは?もらう方法・使い方を解説,,popular_articles
rakuten-ichiba-kaimawari,楽天市場でポイントを効率よく貯める方法!買い回り前に確認すること,shopping,2,3_tag_match,code-kessai-4sha-hikaku,コード決済4社を徹底比較|PayPay・d払い・楽天ペイ・au PAY,shopping,popular_articles
rakuten-ichiba-kaimawari,楽天市場でポイントを効率よく貯める方法!買い回り前に確認すること,shopping,3,3_tag_match,drugstore-point-hikaku,ドラッグストアのポイントを徹底比較|マツキヨ・ウエルシア・スギ薬局・ツルハなど,shopping,popular_articles
rakuten-ichiba-kaimawari,楽天市場でポイントを効率よく貯める方法!買い回り前に確認すること,shopping,4,3_tag_match,kadenryohanten-point-hikaku,家電量販店のポイント比較|還元率・現金値引き・支払い方法を7社で比較,shopping,popular_articles
rakuten-ichiba-kaimawari,楽天市場でポイントを効率よく貯める方法!買い回り前に確認すること,shopping,5,3_tag_match,kikangentei-point-5shu-hikaku,期間限定ポイント5種を比較!失効前に使い切る方法,shopping,popular_articles
rakuten-ichiba-kaimawari,楽天市場でポイントを効率よく貯める方法!買い回り前に確認すること,shopping,6,3_tag_match,kikangentei-point-tsukaimichi,期間限定ポイントのおすすめ使い道|失効前にすぐ使える交換先ガイド,shopping,popular_articles
rakuten-ichiba-kaimawari,楽天市場でポイントを効率よく貯める方法!買い回り前に確認すること,shopping,7,3_tag_match,net-shopping-point-kiso,ネットショッピングでポイントを貯める方法!楽天・Yahoo・Amazonの基本,shopping,popular_articles
rakuten-ichiba-kaimawari,楽天市場でポイントを効率よく貯める方法!買い回り前に確認すること,shopping,8,3_tag_match,point-niju-sanjudori-kumiawase,ポイント二重取り・三重取りの組み合わせ早見表!おすすめルートを解説,shopping,popular_articles
rakuten-ichiba-kaimawari,楽天市場でポイントを効率よく貯める方法!買い回り前に確認すること,shopping,9,3_tag_match,point-toushi-unyou-service-hikaku,ポイント投資・ポイント運用を主要サービスで比較,shopping,popular_articles
rakuten-ichiba-kaimawari,楽天市場でポイントを効率よく貯める方法!買い回り前に確認すること,shopping,10,3_tag_match,rakuten-ana-mile-koukan,楽天ポイントをANAマイルに交換できる?交換ルートと注意点を解説,shopping,popular_articles
rakuten-ichiba-toha,楽天市場とは?特徴とポイントの貯め方をわかりやすく解説,shopping,1,2_inbound_link,point-niju-sanjudori-kumiawase,ポイント二重取り・三重取りの組み合わせ早見表!おすすめルートを解説,shopping,popular_articles
rakuten-ichiba-toha,楽天市場とは?特徴とポイントの貯め方をわかりやすく解説,shopping,2,2_inbound_link,rakuten-ginkou-happy-program,楽天銀行ハッピープログラムの基本!銀行取引で楽天ポイントを貯める方法,kouza,popular_articles
rakuten-ichiba-toha,楽天市場とは?特徴とポイントの貯め方をわかりやすく解説,shopping,3,2_inbound_link,rakuten-mobile-rakuten-point,楽天モバイルなら楽天ポイントにまとめるべき?楽天経済圏との相性を解説,shopping,popular_articles
rakuten-ichiba-toha,楽天市場とは?特徴とポイントの貯め方をわかりやすく解説,shopping,4,2_inbound_link,rakuten-point-tamekata,楽天ポイントの貯め方とは?もらう方法・使い方を解説,,popular_articles
rakuten-ichiba-toha,楽天市場とは?特徴とポイントの貯め方をわかりやすく解説,shopping,5,2_inbound_link,rakuten-point-tsukaikata,楽天ポイントの使い方とは?店舗・連携・交換まで完全ガイド,,popular_articles
rakuten-ichiba-toha,楽天市場とは?特徴とポイントの貯め方をわかりやすく解説,shopping,6,2_inbound_link,rakuten-travel-supersale-entry-coupon,楽天トラベルスーパーSALE攻略|エントリー条件とクーポン併用ルール,campaign,popular_articles
rakuten-ichiba-toha,楽天市場とは?特徴とポイントの貯め方をわかりやすく解説,shopping,7,3_tag_match,code-kessai-4sha-hikaku,コード決済4社を徹底比較|PayPay・d払い・楽天ペイ・au PAY,shopping,popular_articles
rakuten-ichiba-toha,楽天市場とは?特徴とポイントの貯め方をわかりやすく解説,shopping,8,3_tag_match,drugstore-point-hikaku,ドラッグストアのポイントを徹底比較|マツキヨ・ウエルシア・スギ薬局・ツルハなど,shopping,popular_articles
rakuten-ichiba-toha,楽天市場とは?特徴とポイントの貯め方をわかりやすく解説,shopping,9,3_tag_match,kadenryohanten-point-hikaku,家電量販店のポイント比較|還元率・現金値引き・支払い方法を7社で比較,shopping,popular_articles
rakuten-ichiba-toha,楽天市場とは?特徴とポイントの貯め方をわかりやすく解説,shopping,10,3_tag_match,kikangentei-point-5shu-hikaku,期間限定ポイント5種を比較!失効前に使い切る方法,shopping,popular_articles
rakuten-insight-tsukaikata,楽天インサイトの使い方!楽天ポイントをアンケートで貯める方法,survey,1,5_category_hub,ipsos-isay-poikatsu,Ipsos iSay(イプソス・アイセイ)とは?特徴・ポイントの貯め方を解説,survey,popular_articles
rakuten-insight-tsukaikata,楽天インサイトの使い方!楽天ポイントをアンケートで貯める方法,survey,2,5_category_hub,iresearch-poikatsu,アイリサーチとは?自社会場調査・ポイントの貯め方をわかりやすく解説,survey,popular_articles
rakuten-insight-tsukaikata,楽天インサイトの使い方!楽天ポイントをアンケートで貯める方法,survey,3,6_same_category,macromill-poikatsu,マクロミルとは?アンケート回答でポイントが貯まるモニターサービス,survey,popular_articles
rakuten-insight-tsukaikata,楽天インサイトの使い方!楽天ポイントをアンケートで貯める方法,survey,4,6_same_category,enquete-monitor-poikatsu,アンケートモニターでポイ活する方法!スキマ時間で稼ぐ前の基本,survey,popular_articles
rakuten-insight-tsukaikata,楽天インサイトの使い方!楽天ポイントをアンケートで貯める方法,survey,5,6_same_category,fancrew-poikatsu,ファンくるとは?覆面調査の仕組み・ポイント・安全性を解説,survey,popular_articles
rakuten-insight-tsukaikata,楽天インサイトの使い方!楽天ポイントをアンケートで貯める方法,survey,6,6_same_category,opinionworld-poikatsu,OpinionWorld(オピニオンワールド)とは?ポイント・交換先・安全性を公式情報で解説,survey,popular_articles
rakuten-insight-tsukaikata,楽天インサイトの使い方!楽天ポイントをアンケートで貯める方法,survey,7,6_same_category,cue-monitor-poikatsu,キューモニターでアンケートポイ活!初心者が知るべき使い方,survey,popular_articles
rakuten-insight-tsukaikata,楽天インサイトの使い方!楽天ポイントをアンケートで貯める方法,survey,8,6_same_category,fruitmail-poikatsu,フルーツメールとは?ゲーム・アンケートでポイントが貯まる懸賞サイト,survey,popular_articles
rakuten-insight-tsukaikata,楽天インサイトの使い方!楽天ポイントをアンケートで貯める方法,survey,9,6_same_category,infoq-poikatsu,infoQでポイ活する方法!アンケートと記事作成案件の見方,survey,popular_articles
rakuten-insight-tsukaikata,楽天インサイトの使い方!楽天ポイントをアンケートで貯める方法,survey,10,6_same_category,macromill-tsukaikata,マクロミルでアンケートポイ活を始める方法!回答前の注意点を解説,survey,popular_articles
rakuten-kakeibo-poikatsu,Rakuten家計簿とは?無料で使える家計簿アプリと楽天ポイントを解説,seikatsu,1,3_tag_match,rakuten-beauty-poikatsu,楽天ビューティとは?美容室・ネイル・エステの検索・予約ができるサービス,seikatsu,popular_articles
rakuten-kakeibo-poikatsu,Rakuten家計簿とは?無料で使える家計簿アプリと楽天ポイントを解説,seikatsu,2,3_tag_match,rakuten-car-shaken-poikatsu,楽天Car車検とは?見積もり比較・予約で楽天ポイントがもらえるサービス,seikatsu,popular_articles
rakuten-kakeibo-poikatsu,Rakuten家計簿とは?無料で使える家計簿アプリと楽天ポイントを解説,seikatsu,3,3_tag_match,rakuten-carwash-poikatsu,楽天Car洗車・コーティングとは?予約方法と楽天ポイントを解説,seikatsu,popular_articles
rakuten-kakeibo-poikatsu,Rakuten家計簿とは?無料で使える家計簿アプリと楽天ポイントを解説,seikatsu,4,3_tag_match,rakuten-denwa-poikatsu,楽天でんわとは?番号そのままで通話料を半額にできる電話アプリを解説,seikatsu,popular_articles
rakuten-kakeibo-poikatsu,Rakuten家計簿とは?無料で使える家計簿アプリと楽天ポイントを解説,seikatsu,5,3_tag_match,rakuten-hikari-poikatsu,楽天ひかりとは?楽天モバイルとセットで楽天市場ポイントが7倍になる光回線,seikatsu,popular_articles
rakuten-kakeibo-poikatsu,Rakuten家計簿とは?無料で使える家計簿アプリと楽天ポイントを解説,seikatsu,6,3_tag_match,rakuten-mobile-poikatsu,楽天モバイルとは?データ使い放題と楽天ポイント最大+4倍を解説,seikatsu,popular_articles
rakuten-kakeibo-poikatsu,Rakuten家計簿とは?無料で使える家計簿アプリと楽天ポイントを解説,seikatsu,7,3_tag_match,rakuten-music-poikatsu,楽天ミュージックとは?広告なしで約1億曲聴き放題の音楽アプリを解説,seikatsu,popular_articles
rakuten-kakeibo-poikatsu,Rakuten家計簿とは?無料で使える家計簿アプリと楽天ポイントを解説,seikatsu,8,3_tag_match,rakuten-shashinkan-poikatsu,楽天写真館とは?写真プリントからフォトブックまで作れるサービスを解説,seikatsu,popular_articles
rakuten-kakeibo-poikatsu,Rakuten家計簿とは?無料で使える家計簿アプリと楽天ポイントを解説,seikatsu,9,3_tag_match,ubereats-poikatsu,Uber Eatsでポイ活する方法!クーポン・支払い・手数料の見方,seikatsu,popular_articles
rakuten-kakeibo-poikatsu,Rakuten家計簿とは?無料で使える家計簿アプリと楽天ポイントを解説,seikatsu,10,4_same_thumb_type,ahamo-toha,ahamoとは?月額料金とdポイントの貯め方をわかりやすく解説,seikatsu,popular_articles
rakuten-mobile-poikatsu,楽天モバイルとは?データ使い放題と楽天ポイント最大+4倍を解説,seikatsu,1,2_inbound_link,kakuyasu-sim-norikae-poikatsu,格安SIM乗り換えでポイ活する方法!通信費を下げながら得する流れ,campaign,popular_articles
rakuten-mobile-poikatsu,楽天モバイルとは?データ使い放題と楽天ポイント最大+4倍を解説,seikatsu,2,2_inbound_link,rakuten-mobile-rakuten-point,楽天モバイルなら楽天ポイントにまとめるべき?楽天経済圏との相性を解説,shopping,popular_articles
rakuten-mobile-poikatsu,楽天モバイルとは?データ使い放題と楽天ポイント最大+4倍を解説,seikatsu,3,2_inbound_link,rakuten-point-tamekata,楽天ポイントの貯め方とは?もらう方法・使い方を解説,,popular_articles
rakuten-mobile-poikatsu,楽天モバイルとは?データ使い放題と楽天ポイント最大+4倍を解説,seikatsu,4,2_inbound_link,rakuten-point-tsukaikata,楽天ポイントの使い方とは?店舗・連携・交換まで完全ガイド,,popular_articles
rakuten-mobile-poikatsu,楽天モバイルとは?データ使い放題と楽天ポイント最大+4倍を解説,seikatsu,5,3_tag_match,rakuten-beauty-poikatsu,楽天ビューティとは?美容室・ネイル・エステの検索・予約ができるサービス,seikatsu,popular_articles
rakuten-mobile-poikatsu,楽天モバイルとは?データ使い放題と楽天ポイント最大+4倍を解説,seikatsu,6,3_tag_match,rakuten-car-shaken-poikatsu,楽天Car車検とは?見積もり比較・予約で楽天ポイントがもらえるサービス,seikatsu,popular_articles
rakuten-mobile-poikatsu,楽天モバイルとは?データ使い放題と楽天ポイント最大+4倍を解説,seikatsu,7,3_tag_match,rakuten-carwash-poikatsu,楽天Car洗車・コーティングとは?予約方法と楽天ポイントを解説,seikatsu,popular_articles
rakuten-mobile-poikatsu,楽天モバイルとは?データ使い放題と楽天ポイント最大+4倍を解説,seikatsu,8,3_tag_match,rakuten-denwa-poikatsu,楽天でんわとは?番号そのままで通話料を半額にできる電話アプリを解説,seikatsu,popular_articles
rakuten-mobile-poikatsu,楽天モバイルとは?データ使い放題と楽天ポイント最大+4倍を解説,seikatsu,9,3_tag_match,rakuten-hikari-poikatsu,楽天ひかりとは?楽天モバイルとセットで楽天市場ポイントが7倍になる光回線,seikatsu,popular_articles
rakuten-mobile-poikatsu,楽天モバイルとは?データ使い放題と楽天ポイント最大+4倍を解説,seikatsu,10,3_tag_match,rakuten-kakeibo-poikatsu,Rakuten家計簿とは?無料で使える家計簿アプリと楽天ポイントを解説,seikatsu,popular_articles
rakuten-mobile-rakuten-point,楽天モバイルなら楽天ポイントにまとめるべき?楽天経済圏との相性を解説,shopping,1,1_own_outbound_link,rakuten-mobile-poikatsu,楽天モバイルとは?データ使い放題と楽天ポイント最大+4倍を解説,seikatsu,popular_articles
rakuten-mobile-rakuten-point,楽天モバイルなら楽天ポイントにまとめるべき?楽天経済圏との相性を解説,shopping,2,1_own_outbound_link,rakuten-card-poikatsu,楽天カードはポイ活に向いている?メリットと注意点を初心者向けに解説,creditcard,popular_articles
rakuten-mobile-rakuten-point,楽天モバイルなら楽天ポイントにまとめるべき?楽天経済圏との相性を解説,shopping,3,1_own_outbound_link,rakuten-pay-tameru,楽天ペイで楽天ポイントを貯める方法!街のお買い物で使うコツ,shopping,popular_articles
rakuten-mobile-rakuten-point,楽天モバイルなら楽天ポイントにまとめるべき?楽天経済圏との相性を解説,shopping,4,1_own_outbound_link,rakuten-ichiba-toha,楽天市場とは?特徴とポイントの貯め方をわかりやすく解説,shopping,popular_articles
rakuten-mobile-rakuten-point,楽天モバイルなら楽天ポイントにまとめるべき?楽天経済圏との相性を解説,shopping,5,1_own_outbound_link,rakuten-ana-mile-koukan,楽天ポイントをANAマイルに交換できる?交換ルートと注意点を解説,shopping,popular_articles
rakuten-mobile-rakuten-point,楽天モバイルなら楽天ポイントにまとめるべき?楽天経済圏との相性を解説,shopping,6,1_own_outbound_link,softbank-ymobile-paypay-point,SoftBank・Y!mobileならPayPayポイント?相性の良いサービスを比較,shopping,popular_articles
rakuten-mobile-rakuten-point,楽天モバイルなら楽天ポイントにまとめるべき?楽天経済圏との相性を解説,shopping,7,1_own_outbound_link,rakuten-paypay-hikaku,楽天ポイントとPayPayポイントはどっち?通販・決済・カードで比較,shopping,popular_articles
rakuten-mobile-rakuten-point,楽天モバイルなら楽天ポイントにまとめるべき?楽天経済圏との相性を解説,shopping,8,1_own_outbound_link,vpoint-rakuten-hikaku,Vポイントと楽天ポイントはどっちが使いやすい?生活圏別に比較,shopping,popular_articles
rakuten-mobile-rakuten-point,楽天モバイルなら楽天ポイントにまとめるべき?楽天経済圏との相性を解説,shopping,9,1_own_outbound_link,yosekatsu,ポイ活の新常識!ポイントを分散せず効率よく貯める「寄せ活」の始め方,pointsite,popular_articles
rakuten-mobile-rakuten-point,楽天モバイルなら楽天ポイントにまとめるべき?楽天経済圏との相性を解説,shopping,10,1_own_outbound_link,rakuten-poikatsu-kiso,楽天ポイントの貯め方を初心者向けに解説!楽天経済圏の基本,shopping,popular_articles
rakuten-music-poikatsu,楽天ミュージックとは?広告なしで約1億曲聴き放題の音楽アプリを解説,seikatsu,1,2_inbound_link,subscription-point-tameru,サブスク料金でポイントを貯める方法!動画・音楽・クラウドサービスの支払い術,shopping,popular_articles
rakuten-music-poikatsu,楽天ミュージックとは?広告なしで約1億曲聴き放題の音楽アプリを解説,seikatsu,2,3_tag_match,rakuten-beauty-poikatsu,楽天ビューティとは?美容室・ネイル・エステの検索・予約ができるサービス,seikatsu,popular_articles
rakuten-music-poikatsu,楽天ミュージックとは?広告なしで約1億曲聴き放題の音楽アプリを解説,seikatsu,3,3_tag_match,rakuten-car-shaken-poikatsu,楽天Car車検とは?見積もり比較・予約で楽天ポイントがもらえるサービス,seikatsu,popular_articles
rakuten-music-poikatsu,楽天ミュージックとは?広告なしで約1億曲聴き放題の音楽アプリを解説,seikatsu,4,3_tag_match,rakuten-carwash-poikatsu,楽天Car洗車・コーティングとは?予約方法と楽天ポイントを解説,seikatsu,popular_articles
rakuten-music-poikatsu,楽天ミュージックとは?広告なしで約1億曲聴き放題の音楽アプリを解説,seikatsu,5,3_tag_match,rakuten-denwa-poikatsu,楽天でんわとは?番号そのままで通話料を半額にできる電話アプリを解説,seikatsu,popular_articles
rakuten-music-poikatsu,楽天ミュージックとは?広告なしで約1億曲聴き放題の音楽アプリを解説,seikatsu,6,3_tag_match,rakuten-hikari-poikatsu,楽天ひかりとは?楽天モバイルとセットで楽天市場ポイントが7倍になる光回線,seikatsu,popular_articles
rakuten-music-poikatsu,楽天ミュージックとは?広告なしで約1億曲聴き放題の音楽アプリを解説,seikatsu,7,3_tag_match,rakuten-kakeibo-poikatsu,Rakuten家計簿とは?無料で使える家計簿アプリと楽天ポイントを解説,seikatsu,popular_articles
rakuten-music-poikatsu,楽天ミュージックとは?広告なしで約1億曲聴き放題の音楽アプリを解説,seikatsu,8,3_tag_match,rakuten-mobile-poikatsu,楽天モバイルとは?データ使い放題と楽天ポイント最大+4倍を解説,seikatsu,popular_articles
rakuten-music-poikatsu,楽天ミュージックとは?広告なしで約1億曲聴き放題の音楽アプリを解説,seikatsu,9,3_tag_match,rakuten-shashinkan-poikatsu,楽天写真館とは?写真プリントからフォトブックまで作れるサービスを解説,seikatsu,popular_articles
rakuten-music-poikatsu,楽天ミュージックとは?広告なしで約1億曲聴き放題の音楽アプリを解説,seikatsu,10,3_tag_match,ubereats-poikatsu,Uber Eatsでポイ活する方法!クーポン・支払い・手数料の見方,seikatsu,popular_articles
rakuten-pay-tameru,楽天ペイで楽天ポイントを貯める方法!街のお買い物で使うコツ,shopping,1,2_inbound_link,rakuten-mobile-rakuten-point,楽天モバイルなら楽天ポイントにまとめるべき?楽天経済圏との相性を解説,shopping,popular_articles
rakuten-pay-tameru,楽天ペイで楽天ポイントを貯める方法!街のお買い物で使うコツ,shopping,2,2_inbound_link,rakuten-point-tsukaikata,楽天ポイントの使い方とは?店舗・連携・交換まで完全ガイド,,popular_articles
rakuten-pay-tameru,楽天ペイで楽天ポイントを貯める方法!街のお買い物で使うコツ,shopping,3,3_tag_match,code-kessai-4sha-hikaku,コード決済4社を徹底比較|PayPay・d払い・楽天ペイ・au PAY,shopping,popular_articles
rakuten-pay-tameru,楽天ペイで楽天ポイントを貯める方法!街のお買い物で使うコツ,shopping,4,3_tag_match,drugstore-point-hikaku,ドラッグストアのポイントを徹底比較|マツキヨ・ウエルシア・スギ薬局・ツルハなど,shopping,popular_articles
rakuten-pay-tameru,楽天ペイで楽天ポイントを貯める方法!街のお買い物で使うコツ,shopping,5,3_tag_match,kadenryohanten-point-hikaku,家電量販店のポイント比較|還元率・現金値引き・支払い方法を7社で比較,shopping,popular_articles
rakuten-pay-tameru,楽天ペイで楽天ポイントを貯める方法!街のお買い物で使うコツ,shopping,6,3_tag_match,kikangentei-point-5shu-hikaku,期間限定ポイント5種を比較!失効前に使い切る方法,shopping,popular_articles
rakuten-pay-tameru,楽天ペイで楽天ポイントを貯める方法!街のお買い物で使うコツ,shopping,7,3_tag_match,kikangentei-point-tsukaimichi,期間限定ポイントのおすすめ使い道|失効前にすぐ使える交換先ガイド,shopping,popular_articles
rakuten-pay-tameru,楽天ペイで楽天ポイントを貯める方法!街のお買い物で使うコツ,shopping,8,3_tag_match,net-shopping-point-kiso,ネットショッピングでポイントを貯める方法!楽天・Yahoo・Amazonの基本,shopping,popular_articles
rakuten-pay-tameru,楽天ペイで楽天ポイントを貯める方法!街のお買い物で使うコツ,shopping,9,3_tag_match,point-niju-sanjudori-kumiawase,ポイント二重取り・三重取りの組み合わせ早見表!おすすめルートを解説,shopping,popular_articles
rakuten-pay-tameru,楽天ペイで楽天ポイントを貯める方法!街のお買い物で使うコツ,shopping,10,3_tag_match,point-toushi-unyou-service-hikaku,ポイント投資・ポイント運用を主要サービスで比較,shopping,popular_articles
rakuten-paypay-hikaku,楽天ポイントとPayPayポイントはどっち?通販・決済・カードで比較,shopping,1,1_own_outbound_link,rakuten-yahoo-hikaku,楽天市場とYahoo!ショッピングはどっちがお得?ポイ活視点で比較,shopping,popular_articles
rakuten-paypay-hikaku,楽天ポイントとPayPayポイントはどっち?通販・決済・カードで比較,shopping,2,1_own_outbound_link,rakuten-mobile-rakuten-point,楽天モバイルなら楽天ポイントにまとめるべき?楽天経済圏との相性を解説,shopping,popular_articles
rakuten-paypay-hikaku,楽天ポイントとPayPayポイントはどっち?通販・決済・カードで比較,shopping,3,1_own_outbound_link,softbank-ymobile-paypay-point,SoftBank・Y!mobileならPayPayポイント?相性の良いサービスを比較,shopping,popular_articles
rakuten-paypay-hikaku,楽天ポイントとPayPayポイントはどっち?通販・決済・カードで比較,shopping,4,1_own_outbound_link,yosekatsu,ポイ活の新常識!ポイントを分散せず効率よく貯める「寄せ活」の始め方,pointsite,popular_articles
rakuten-paypay-hikaku,楽天ポイントとPayPayポイントはどっち?通販・決済・カードで比較,shopping,5,3_tag_match,ana-jal-mile-hikaku,ANAマイルとJALマイルはどっち?貯めやすさ・使いやすさを比較,shopping,popular_articles
rakuten-paypay-hikaku,楽天ポイントとPayPayポイントはどっち?通販・決済・カードで比較,shopping,6,3_tag_match,ana-mileageplus-hikaku,ANAマイルとMileagePlusはどっち?同じスターアライアンスで何が違う?,shopping,popular_articles
rakuten-paypay-hikaku,楽天ポイントとPayPayポイントはどっち?通販・決済・カードで比較,shopping,7,3_tag_match,au-uq-ponta,au・UQユーザーはPontaポイントにまとめるべき?相性の良いサービスを解説,shopping,popular_articles
rakuten-paypay-hikaku,楽天ポイントとPayPayポイントはどっち?通販・決済・カードで比較,shopping,8,3_tag_match,cleaning-poikatsu,クリーニング代でポイントを貯める方法!宅配と店舗を比較するコツ,shopping,popular_articles
rakuten-paypay-hikaku,楽天ポイントとPayPayポイントはどっち?通販・決済・カードで比較,shopping,9,3_tag_match,code-kessai-4sha-hikaku,コード決済4社を徹底比較|PayPay・d払い・楽天ペイ・au PAY,shopping,popular_articles
rakuten-paypay-hikaku,楽天ポイントとPayPayポイントはどっち?通販・決済・カードで比較,shopping,10,3_tag_match,docomo-ahamo-dpoint,ドコモ・ahamoユーザーはdポイントにまとめるべき?相性の良いサービスを解説,shopping,popular_articles
rakuten-poikatsu-kiso,楽天ポイントの貯め方を初心者向けに解説!楽天経済圏の基本,shopping,1,2_inbound_link,rakuten-ginkou-happy-program,楽天銀行ハッピープログラムの基本!銀行取引で楽天ポイントを貯める方法,kouza,popular_articles
rakuten-poikatsu-kiso,楽天ポイントの貯め方を初心者向けに解説!楽天経済圏の基本,shopping,2,2_inbound_link,rakuten-mobile-rakuten-point,楽天モバイルなら楽天ポイントにまとめるべき?楽天経済圏との相性を解説,shopping,popular_articles
rakuten-poikatsu-kiso,楽天ポイントの貯め方を初心者向けに解説!楽天経済圏の基本,shopping,3,2_inbound_link,rakuten-point-supermarket,楽天ポイントが貯まるスーパー一覧|使える店舗・地域スーパーも比較,shopping,popular_articles
rakuten-poikatsu-kiso,楽天ポイントの貯め方を初心者向けに解説!楽天経済圏の基本,shopping,4,2_inbound_link,rakuten-point-tamekata,楽天ポイントの貯め方とは?もらう方法・使い方を解説,,popular_articles
rakuten-poikatsu-kiso,楽天ポイントの貯め方を初心者向けに解説!楽天経済圏の基本,shopping,5,3_tag_match,code-kessai-4sha-hikaku,コード決済4社を徹底比較|PayPay・d払い・楽天ペイ・au PAY,shopping,popular_articles
rakuten-poikatsu-kiso,楽天ポイントの貯め方を初心者向けに解説!楽天経済圏の基本,shopping,6,3_tag_match,drugstore-point-hikaku,ドラッグストアのポイントを徹底比較|マツキヨ・ウエルシア・スギ薬局・ツルハなど,shopping,popular_articles
rakuten-poikatsu-kiso,楽天ポイントの貯め方を初心者向けに解説!楽天経済圏の基本,shopping,7,3_tag_match,kadenryohanten-point-hikaku,家電量販店のポイント比較|還元率・現金値引き・支払い方法を7社で比較,shopping,popular_articles
rakuten-poikatsu-kiso,楽天ポイントの貯め方を初心者向けに解説!楽天経済圏の基本,shopping,8,3_tag_match,kikangentei-point-5shu-hikaku,期間限定ポイント5種を比較!失効前に使い切る方法,shopping,popular_articles
rakuten-poikatsu-kiso,楽天ポイントの貯め方を初心者向けに解説!楽天経済圏の基本,shopping,9,3_tag_match,kikangentei-point-tsukaimichi,期間限定ポイントのおすすめ使い道|失効前にすぐ使える交換先ガイド,shopping,popular_articles
rakuten-poikatsu-kiso,楽天ポイントの貯め方を初心者向けに解説!楽天経済圏の基本,shopping,10,3_tag_match,net-shopping-point-kiso,ネットショッピングでポイントを貯める方法!楽天・Yahoo・Amazonの基本,shopping,popular_articles
rakuten-point-supermarket,楽天ポイントが貯まるスーパー一覧|使える店舗・地域スーパーも比較,shopping,1,1_own_outbound_link,rakuten-poikatsu-kiso,楽天ポイントの貯め方を初心者向けに解説!楽天経済圏の基本,shopping,popular_articles
rakuten-point-supermarket,楽天ポイントが貯まるスーパー一覧|使える店舗・地域スーパーも比較,shopping,2,1_own_outbound_link,rakuten-mobile-rakuten-point,楽天モバイルなら楽天ポイントにまとめるべき?楽天経済圏との相性を解説,shopping,popular_articles
rakuten-point-supermarket,楽天ポイントが貯まるスーパー一覧|使える店舗・地域スーパーも比較,shopping,3,1_own_outbound_link,ponta-supermarket,Pontaが貯まるスーパー一覧|使える店舗・地域スーパーも比較,shopping,popular_articles
rakuten-point-supermarket,楽天ポイントが貯まるスーパー一覧|使える店舗・地域スーパーも比較,shopping,4,2_inbound_link,net-super-poikatsu,ネットスーパーのポイントを比較|Ponta・楽天・WAON POINTなど対応状況を解説,shopping,popular_articles
rakuten-point-supermarket,楽天ポイントが貯まるスーパー一覧|使える店舗・地域スーパーも比較,shopping,5,2_inbound_link,v-point-supermarket,Vポイントが貯まるスーパー一覧|使える店舗・地域スーパーも比較,shopping,popular_articles
rakuten-point-supermarket,楽天ポイントが貯まるスーパー一覧|使える店舗・地域スーパーも比較,shopping,6,3_tag_match,code-kessai-4sha-hikaku,コード決済4社を徹底比較|PayPay・d払い・楽天ペイ・au PAY,shopping,popular_articles
rakuten-point-supermarket,楽天ポイントが貯まるスーパー一覧|使える店舗・地域スーパーも比較,shopping,7,3_tag_match,drugstore-point-hikaku,ドラッグストアのポイントを徹底比較|マツキヨ・ウエルシア・スギ薬局・ツルハなど,shopping,popular_articles
rakuten-point-supermarket,楽天ポイントが貯まるスーパー一覧|使える店舗・地域スーパーも比較,shopping,8,3_tag_match,kadenryohanten-point-hikaku,家電量販店のポイント比較|還元率・現金値引き・支払い方法を7社で比較,shopping,popular_articles
rakuten-point-supermarket,楽天ポイントが貯まるスーパー一覧|使える店舗・地域スーパーも比較,shopping,9,3_tag_match,kikangentei-point-5shu-hikaku,期間限定ポイント5種を比較!失効前に使い切る方法,shopping,popular_articles
rakuten-point-supermarket,楽天ポイントが貯まるスーパー一覧|使える店舗・地域スーパーも比較,shopping,10,3_tag_match,kikangentei-point-tsukaimichi,期間限定ポイントのおすすめ使い道|失効前にすぐ使える交換先ガイド,shopping,popular_articles
rakuten-point-tamekata,楽天ポイントの貯め方とは?もらう方法・使い方を解説,,1,1_own_outbound_link,rakuten-ichiba-toha,楽天市場とは?特徴とポイントの貯め方をわかりやすく解説,shopping,popular_articles
rakuten-point-tamekata,楽天ポイントの貯め方とは?もらう方法・使い方を解説,,2,1_own_outbound_link,rakuten-mobile-poikatsu,楽天モバイルとは?データ使い放題と楽天ポイント最大+4倍を解説,seikatsu,popular_articles
rakuten-point-tamekata,楽天ポイントの貯め方とは?もらう方法・使い方を解説,,3,1_own_outbound_link,rakuten-poikatsu-kiso,楽天ポイントの貯め方を初心者向けに解説!楽天経済圏の基本,shopping,popular_articles
rakuten-point-tamekata,楽天ポイントの貯め方とは?もらう方法・使い方を解説,,4,1_own_outbound_link,rakuten-ichiba-kaimawari,楽天市場でポイントを効率よく貯める方法!買い回り前に確認すること,shopping,popular_articles
rakuten-point-tamekata,楽天ポイントの貯め方とは?もらう方法・使い方を解説,,5,1_own_outbound_link,rakuten-point-tsukaikata,楽天ポイントの使い方とは?店舗・連携・交換まで完全ガイド,,popular_articles
rakuten-point-tamekata,楽天ポイントの貯め方とは?もらう方法・使い方を解説,,6,1_own_outbound_link,rakuten-point-tsukaimichi,楽天ポイントの使い道おすすめまとめ!通常ポイントと期間限定ポイントの違い,shopping,popular_articles
rakuten-point-tamekata,楽天ポイントの貯め方とは?もらう方法・使い方を解説,,7,2_inbound_link,hon-denshi-shoseki-poikatsu,本・電子書籍のポイ活方法|楽天ブックス・Kobo・hontoの還元率を比較,shopping,popular_articles
rakuten-point-tamekata,楽天ポイントの貯め方とは?もらう方法・使い方を解説,,8,2_inbound_link,hyakkaten-depart-poikatsu,百貨店のポイントを比較!高島屋・三越伊勢丹・大丸松坂屋など,shopping,popular_articles
rakuten-point-tamekata,楽天ポイントの貯め方とは?もらう方法・使い方を解説,,9,2_inbound_link,rakuten-ginkou-happy-program,楽天銀行ハッピープログラムの基本!銀行取引で楽天ポイントを貯める方法,kouza,popular_articles
rakuten-point-tamekata,楽天ポイントの貯め方とは?もらう方法・使い方を解説,,10,2_inbound_link,rakuten-travel-supersale-entry-coupon,楽天トラベルスーパーSALE攻略|エントリー条件とクーポン併用ルール,campaign,popular_articles
rakuten-point-tsukaikata,楽天ポイントの使い方とは?店舗・連携・交換まで完全ガイド,,1,1_own_outbound_link,rakuten-ichiba-toha,楽天市場とは?特徴とポイントの貯め方をわかりやすく解説,shopping,popular_articles
rakuten-point-tsukaikata,楽天ポイントの使い方とは?店舗・連携・交換まで完全ガイド,,2,1_own_outbound_link,rakuten-pay-tameru,楽天ペイで楽天ポイントを貯める方法!街のお買い物で使うコツ,shopping,popular_articles
rakuten-point-tsukaikata,楽天ポイントの使い方とは?店舗・連携・交換まで完全ガイド,,3,1_own_outbound_link,rakuten-mobile-poikatsu,楽天モバイルとは?データ使い放題と楽天ポイント最大+4倍を解説,seikatsu,popular_articles
rakuten-point-tsukaikata,楽天ポイントの使い方とは?店舗・連携・交換まで完全ガイド,,4,1_own_outbound_link,rakuten-card-poikatsu,楽天カードはポイ活に向いている?メリットと注意点を初心者向けに解説,creditcard,popular_articles
rakuten-point-tsukaikata,楽天ポイントの使い方とは?店舗・連携・交換まで完全ガイド,,5,1_own_outbound_link,ubereats-poikatsu,Uber Eatsでポイ活する方法!クーポン・支払い・手数料の見方,seikatsu,popular_articles
rakuten-point-tsukaikata,楽天ポイントの使い方とは?店舗・連携・交換まで完全ガイド,,6,2_inbound_link,rakuten-point-tamekata,楽天ポイントの貯め方とは?もらう方法・使い方を解説,,popular_articles
rakuten-point-tsukaimichi,楽天ポイントの使い道おすすめまとめ!通常ポイントと期間限定ポイントの違い,shopping,1,2_inbound_link,rakuten-point-tamekata,楽天ポイントの貯め方とは?もらう方法・使い方を解説,,popular_articles
rakuten-point-tsukaimichi,楽天ポイントの使い道おすすめまとめ!通常ポイントと期間限定ポイントの違い,shopping,2,3_tag_match,code-kessai-4sha-hikaku,コード決済4社を徹底比較|PayPay・d払い・楽天ペイ・au PAY,shopping,popular_articles
rakuten-point-tsukaimichi,楽天ポイントの使い道おすすめまとめ!通常ポイントと期間限定ポイントの違い,shopping,3,3_tag_match,drugstore-point-hikaku,ドラッグストアのポイントを徹底比較|マツキヨ・ウエルシア・スギ薬局・ツルハなど,shopping,popular_articles
rakuten-point-tsukaimichi,楽天ポイントの使い道おすすめまとめ!通常ポイントと期間限定ポイントの違い,shopping,4,3_tag_match,kadenryohanten-point-hikaku,家電量販店のポイント比較|還元率・現金値引き・支払い方法を7社で比較,shopping,popular_articles
rakuten-point-tsukaimichi,楽天ポイントの使い道おすすめまとめ!通常ポイントと期間限定ポイントの違い,shopping,5,3_tag_match,kikangentei-point-5shu-hikaku,期間限定ポイント5種を比較!失効前に使い切る方法,shopping,popular_articles
rakuten-point-tsukaimichi,楽天ポイントの使い道おすすめまとめ!通常ポイントと期間限定ポイントの違い,shopping,6,3_tag_match,kikangentei-point-tsukaimichi,期間限定ポイントのおすすめ使い道|失効前にすぐ使える交換先ガイド,shopping,popular_articles
rakuten-point-tsukaimichi,楽天ポイントの使い道おすすめまとめ!通常ポイントと期間限定ポイントの違い,shopping,7,3_tag_match,net-shopping-point-kiso,ネットショッピングでポイントを貯める方法!楽天・Yahoo・Amazonの基本,shopping,popular_articles
rakuten-point-tsukaimichi,楽天ポイントの使い道おすすめまとめ!通常ポイントと期間限定ポイントの違い,shopping,8,3_tag_match,point-niju-sanjudori-kumiawase,ポイント二重取り・三重取りの組み合わせ早見表!おすすめルートを解説,shopping,popular_articles
rakuten-point-tsukaimichi,楽天ポイントの使い道おすすめまとめ!通常ポイントと期間限定ポイントの違い,shopping,9,3_tag_match,point-toushi-unyou-service-hikaku,ポイント投資・ポイント運用を主要サービスで比較,shopping,popular_articles
rakuten-point-tsukaimichi,楽天ポイントの使い道おすすめまとめ!通常ポイントと期間限定ポイントの違い,shopping,10,3_tag_match,rakuten-ana-mile-koukan,楽天ポイントをANAマイルに交換できる?交換ルートと注意点を解説,shopping,popular_articles
rakuten-rebates-poikatsu,楽天リーベイツでポイ活する方法!公式ストア利用時のポイント経由術,shopping,1,3_tag_match,code-kessai-4sha-hikaku,コード決済4社を徹底比較|PayPay・d払い・楽天ペイ・au PAY,shopping,popular_articles
rakuten-rebates-poikatsu,楽天リーベイツでポイ活する方法!公式ストア利用時のポイント経由術,shopping,2,3_tag_match,drugstore-point-hikaku,ドラッグストアのポイントを徹底比較|マツキヨ・ウエルシア・スギ薬局・ツルハなど,shopping,popular_articles
rakuten-rebates-poikatsu,楽天リーベイツでポイ活する方法!公式ストア利用時のポイント経由術,shopping,3,3_tag_match,kadenryohanten-point-hikaku,家電量販店のポイント比較|還元率・現金値引き・支払い方法を7社で比較,shopping,popular_articles
rakuten-rebates-poikatsu,楽天リーベイツでポイ活する方法!公式ストア利用時のポイント経由術,shopping,4,3_tag_match,kikangentei-point-5shu-hikaku,期間限定ポイント5種を比較!失効前に使い切る方法,shopping,popular_articles
rakuten-rebates-poikatsu,楽天リーベイツでポイ活する方法!公式ストア利用時のポイント経由術,shopping,5,3_tag_match,kikangentei-point-tsukaimichi,期間限定ポイントのおすすめ使い道|失効前にすぐ使える交換先ガイド,shopping,popular_articles
rakuten-rebates-poikatsu,楽天リーベイツでポイ活する方法!公式ストア利用時のポイント経由術,shopping,6,3_tag_match,net-shopping-point-kiso,ネットショッピングでポイントを貯める方法!楽天・Yahoo・Amazonの基本,shopping,popular_articles
rakuten-rebates-poikatsu,楽天リーベイツでポイ活する方法!公式ストア利用時のポイント経由術,shopping,7,3_tag_match,point-niju-sanjudori-kumiawase,ポイント二重取り・三重取りの組み合わせ早見表!おすすめルートを解説,shopping,popular_articles
rakuten-rebates-poikatsu,楽天リーベイツでポイ活する方法!公式ストア利用時のポイント経由術,shopping,8,3_tag_match,point-toushi-unyou-service-hikaku,ポイント投資・ポイント運用を主要サービスで比較,shopping,popular_articles
rakuten-rebates-poikatsu,楽天リーベイツでポイ活する方法!公式ストア利用時のポイント経由術,shopping,9,3_tag_match,rakuten-ana-mile-koukan,楽天ポイントをANAマイルに交換できる?交換ルートと注意点を解説,shopping,popular_articles
rakuten-rebates-poikatsu,楽天リーベイツでポイ活する方法!公式ストア利用時のポイント経由術,shopping,10,3_tag_match,rakuten-check-poikatsu,楽天チェックで来店ポイントを貯める方法!外出ついでに使う基本,shopping,popular_articles
rakuten-shashinkan-poikatsu,楽天写真館とは?写真プリントからフォトブックまで作れるサービスを解説,seikatsu,1,3_tag_match,rakuten-beauty-poikatsu,楽天ビューティとは?美容室・ネイル・エステの検索・予約ができるサービス,seikatsu,popular_articles
rakuten-shashinkan-poikatsu,楽天写真館とは?写真プリントからフォトブックまで作れるサービスを解説,seikatsu,2,3_tag_match,rakuten-car-shaken-poikatsu,楽天Car車検とは?見積もり比較・予約で楽天ポイントがもらえるサービス,seikatsu,popular_articles
rakuten-shashinkan-poikatsu,楽天写真館とは?写真プリントからフォトブックまで作れるサービスを解説,seikatsu,3,3_tag_match,rakuten-carwash-poikatsu,楽天Car洗車・コーティングとは?予約方法と楽天ポイントを解説,seikatsu,popular_articles
rakuten-shashinkan-poikatsu,楽天写真館とは?写真プリントからフォトブックまで作れるサービスを解説,seikatsu,4,3_tag_match,rakuten-denwa-poikatsu,楽天でんわとは?番号そのままで通話料を半額にできる電話アプリを解説,seikatsu,popular_articles
rakuten-shashinkan-poikatsu,楽天写真館とは?写真プリントからフォトブックまで作れるサービスを解説,seikatsu,5,3_tag_match,rakuten-hikari-poikatsu,楽天ひかりとは?楽天モバイルとセットで楽天市場ポイントが7倍になる光回線,seikatsu,popular_articles
rakuten-shashinkan-poikatsu,楽天写真館とは?写真プリントからフォトブックまで作れるサービスを解説,seikatsu,6,3_tag_match,rakuten-kakeibo-poikatsu,Rakuten家計簿とは?無料で使える家計簿アプリと楽天ポイントを解説,seikatsu,popular_articles
rakuten-shashinkan-poikatsu,楽天写真館とは?写真プリントからフォトブックまで作れるサービスを解説,seikatsu,7,3_tag_match,rakuten-mobile-poikatsu,楽天モバイルとは?データ使い放題と楽天ポイント最大+4倍を解説,seikatsu,popular_articles
rakuten-shashinkan-poikatsu,楽天写真館とは?写真プリントからフォトブックまで作れるサービスを解説,seikatsu,8,3_tag_match,rakuten-music-poikatsu,楽天ミュージックとは?広告なしで約1億曲聴き放題の音楽アプリを解説,seikatsu,popular_articles
rakuten-shashinkan-poikatsu,楽天写真館とは?写真プリントからフォトブックまで作れるサービスを解説,seikatsu,9,3_tag_match,ubereats-poikatsu,Uber Eatsでポイ活する方法!クーポン・支払い・手数料の見方,seikatsu,popular_articles
rakuten-shashinkan-poikatsu,楽天写真館とは?写真プリントからフォトブックまで作れるサービスを解説,seikatsu,10,4_same_thumb_type,d-value-pass-poikatsu,dバリューパスとは?初月無料で壁紙・待受が使い放題のサブスク,seikatsu,popular_articles
rakuten-shouken-toha,楽天証券とは?特徴とポイントの貯め方をわかりやすく解説,kouza,1,1_own_outbound_link,point-toushi-unyou-service-hikaku,ポイント投資・ポイント運用を主要サービスで比較,shopping,popular_articles
rakuten-shouken-toha,楽天証券とは?特徴とポイントの貯め方をわかりやすく解説,kouza,2,3_tag_match,point-tamaru-ginkou-hikaku,ポイントが貯まる銀行を比較!d・楽天・V・Ponta・PayPay系の選び方,kouza,popular_articles
rakuten-shouken-toha,楽天証券とは?特徴とポイントの貯め方をわかりやすく解説,kouza,3,3_tag_match,rakuten-ginkou-happy-program,楽天銀行ハッピープログラムの基本!銀行取引で楽天ポイントを貯める方法,kouza,popular_articles
rakuten-shouken-toha,楽天証券とは?特徴とポイントの貯め方をわかりやすく解説,kouza,4,4_same_thumb_type,monex-shouken-toha,マネックス証券とは?特徴とポイントの貯め方をわかりやすく解説,kouza,popular_articles
rakuten-shouken-toha,楽天証券とは?特徴とポイントの貯め方をわかりやすく解説,kouza,5,4_same_thumb_type,paypaysec-shouken-toha,PayPay証券とは?特徴とポイントの貯め方をわかりやすく解説,kouza,popular_articles
rakuten-shouken-toha,楽天証券とは?特徴とポイントの貯め方をわかりやすく解説,kouza,6,4_same_thumb_type,sbisec-shouken-toha,SBI証券とは?特徴とポイントの貯め方をわかりやすく解説,kouza,popular_articles
rakuten-shouken-toha,楽天証券とは?特徴とポイントの貯め方をわかりやすく解説,kouza,7,5_category_hub,docomo-ginkou-dpoint-poikatsu,ドコモの銀行でdポイントを貯める方法|dアカウント連携・還元条件,kouza,popular_articles
rakuten-shouken-toha,楽天証券とは?特徴とポイントの貯め方をわかりやすく解説,kouza,8,6_same_category,dmm-kabu-poikatsu,DMM株とは?少額投資・低手数料が魅力の株式投資アプリを解説,kouza,popular_articles
rakuten-shouken-toha,楽天証券とは?特徴とポイントの貯め方をわかりやすく解説,kouza,9,6_same_category,matsui-shouken-ideco-poikatsu,松井証券のiDeCoとは?手数料0円・低コスト商品の特徴を解説,kouza,popular_articles
rakuten-shouken-toha,楽天証券とは?特徴とポイントの貯め方をわかりやすく解説,kouza,10,6_same_category,net-ginkou-poikatsu,ネット銀行を使ったポイ活術!振込・ATM・残高条件の見方,kouza,popular_articles
rakuten-travel-supersale-entry-coupon,楽天トラベルスーパーSALE攻略|エントリー条件とクーポン併用ルール,campaign,1,1_own_outbound_link,rakuten-travel-supersale-poikatsu,楽天トラベルスーパーセールで失敗しないポイ活!予約前チェックリスト,campaign,popular_articles
rakuten-travel-supersale-entry-coupon,楽天トラベルスーパーSALE攻略|エントリー条件とクーポン併用ルール,campaign,2,1_own_outbound_link,rakuten-card-poikatsu,楽天カードはポイ活に向いている?メリットと注意点を初心者向けに解説,creditcard,popular_articles
rakuten-travel-supersale-entry-coupon,楽天トラベルスーパーSALE攻略|エントリー条件とクーポン併用ルール,campaign,3,1_own_outbound_link,rakuten-point-tamekata,楽天ポイントの貯め方とは?もらう方法・使い方を解説,,popular_articles
rakuten-travel-supersale-entry-coupon,楽天トラベルスーパーSALE攻略|エントリー条件とクーポン併用ルール,campaign,4,1_own_outbound_link,rakuten-ichiba-toha,楽天市場とは?特徴とポイントの貯め方をわかりやすく解説,shopping,popular_articles
rakuten-travel-supersale-entry-coupon,楽天トラベルスーパーSALE攻略|エントリー条件とクーポン併用ルール,campaign,5,1_own_outbound_link,yahoo-travel-poikatsu,Yahoo!トラベルとは?PayPayポイントが貯まる・使える宿泊予約サービス,campaign,popular_articles
rakuten-travel-supersale-entry-coupon,楽天トラベルスーパーSALE攻略|エントリー条件とクーポン併用ルール,campaign,6,1_own_outbound_link,jalan-net-poikatsu,じゃらんnetとは?宿・ホテル予約でポイントが貯まる仕組みを解説,campaign,popular_articles
rakuten-travel-supersale-entry-coupon,楽天トラベルスーパーSALE攻略|エントリー条件とクーポン併用ルール,campaign,7,1_own_outbound_link,airtrip-poikatsu,エアトリポイントの使い道は?貯め方・有効期限をわかりやすく解説,campaign,popular_articles
rakuten-travel-supersale-entry-coupon,楽天トラベルスーパーSALE攻略|エントリー条件とクーポン併用ルール,campaign,8,1_own_outbound_link,ana-mileage-mall-poikatsu,ANAマイレージモールの使い方!通販前にマイルを貯める経由術,shopping,popular_articles
rakuten-travel-supersale-entry-coupon,楽天トラベルスーパーSALE攻略|エントリー条件とクーポン併用ルール,campaign,9,3_tag_match,kakuyasu-sim-norikae-poikatsu,格安SIM乗り換えでポイ活する方法!通信費を下げながら得する流れ,campaign,popular_articles
rakuten-travel-supersale-entry-coupon,楽天トラベルスーパーSALE攻略|エントリー条件とクーポン併用ルール,campaign,10,4_same_thumb_type,bonus-tsuki-poikatsu-keikaku,ボーナス月のポイ活計画!大きな買い物で損しない予算管理,campaign,popular_articles
rakuten-travel-supersale-poikatsu,楽天トラベルスーパーセールで失敗しないポイ活!予約前チェックリスト,campaign,1,1_own_outbound_link,ryokou-yoyaku-point,旅行予約でポイントを貯める方法!ホテル・航空券・予約サイト活用術,shopping,popular_articles
rakuten-travel-supersale-poikatsu,楽天トラベルスーパーセールで失敗しないポイ活!予約前チェックリスト,campaign,2,1_own_outbound_link,rakuten-travel-supersale-entry-coupon,楽天トラベルスーパーSALE攻略|エントリー条件とクーポン併用ルール,campaign,popular_articles
rakuten-travel-supersale-poikatsu,楽天トラベルスーパーセールで失敗しないポイ活!予約前チェックリスト,campaign,3,2_inbound_link,shukuhaku-yoyaku-point,宿泊予約サイトでポイントを取りこぼさない方法!予約前の比較ポイント,shopping,popular_articles
rakuten-travel-supersale-poikatsu,楽天トラベルスーパーセールで失敗しないポイ活!予約前チェックリスト,campaign,4,2_inbound_link,yahoo-travel-ultrasale-poikatsu,Yahoo!トラベル「ウルトラセール」とは?最大3万円クーポン・PayPayポイント特典を解説,campaign,popular_articles
rakuten-travel-supersale-poikatsu,楽天トラベルスーパーセールで失敗しないポイ活!予約前チェックリスト,campaign,5,3_tag_match,kakuyasu-sim-norikae-poikatsu,格安SIM乗り換えでポイ活する方法!通信費を下げながら得する流れ,campaign,popular_articles
rakuten-travel-supersale-poikatsu,楽天トラベルスーパーセールで失敗しないポイ活!予約前チェックリスト,campaign,6,4_same_thumb_type,airtrip-tsukaikata,エアトリで旅行予約ポイ活!航空券購入前に見るべき費用とポイント,campaign,popular_articles
rakuten-travel-supersale-poikatsu,楽天トラベルスーパーセールで失敗しないポイ活!予約前チェックリスト,campaign,7,4_same_thumb_type,ame-heijitsu-campaign-poikatsu,雨の日・平日限定キャンペーンのポイ活術!条件を見落とさないコツ,campaign,popular_articles
rakuten-travel-supersale-poikatsu,楽天トラベルスーパーセールで失敗しないポイ活!予約前チェックリスト,campaign,8,4_same_thumb_type,black-friday-poikatsu,ブラックフライデーで失敗しないポイ活!買うものリストと上限確認の基本,campaign,popular_articles
rakuten-travel-supersale-poikatsu,楽天トラベルスーパーセールで失敗しないポイ活!予約前チェックリスト,campaign,9,4_same_thumb_type,poikatsu-campaign-shippai-boushi,ポイ活キャンペーンで失敗しない方法!エントリー忘れと上限に注意,campaign,popular_articles
rakuten-travel-supersale-poikatsu,楽天トラベルスーパーセールで失敗しないポイ活!予約前チェックリスト,campaign,10,4_same_thumb_type,yahoo-travel-tsukaikata,Yahoo!トラベルでポイントを活用する方法!宿泊予約前の確認ポイント,campaign,popular_articles
rakuten-yahoo-hikaku,楽天市場とYahoo!ショッピングはどっちがお得?ポイ活視点で比較,shopping,1,2_inbound_link,rakuten-paypay-hikaku,楽天ポイントとPayPayポイントはどっち?通販・決済・カードで比較,shopping,popular_articles
rakuten-yahoo-hikaku,楽天市場とYahoo!ショッピングはどっちがお得?ポイ活視点で比較,shopping,2,3_tag_match,code-kessai-4sha-hikaku,コード決済4社を徹底比較|PayPay・d払い・楽天ペイ・au PAY,shopping,popular_articles
rakuten-yahoo-hikaku,楽天市場とYahoo!ショッピングはどっちがお得?ポイ活視点で比較,shopping,3,3_tag_match,drugstore-point-hikaku,ドラッグストアのポイントを徹底比較|マツキヨ・ウエルシア・スギ薬局・ツルハなど,shopping,popular_articles
rakuten-yahoo-hikaku,楽天市場とYahoo!ショッピングはどっちがお得?ポイ活視点で比較,shopping,4,3_tag_match,kadenryohanten-point-hikaku,家電量販店のポイント比較|還元率・現金値引き・支払い方法を7社で比較,shopping,popular_articles
rakuten-yahoo-hikaku,楽天市場とYahoo!ショッピングはどっちがお得?ポイ活視点で比較,shopping,5,3_tag_match,kikangentei-point-5shu-hikaku,期間限定ポイント5種を比較!失効前に使い切る方法,shopping,popular_articles
rakuten-yahoo-hikaku,楽天市場とYahoo!ショッピングはどっちがお得?ポイ活視点で比較,shopping,6,3_tag_match,kikangentei-point-tsukaimichi,期間限定ポイントのおすすめ使い道|失効前にすぐ使える交換先ガイド,shopping,popular_articles
rakuten-yahoo-hikaku,楽天市場とYahoo!ショッピングはどっちがお得?ポイ活視点で比較,shopping,7,3_tag_match,net-shopping-point-kiso,ネットショッピングでポイントを貯める方法!楽天・Yahoo・Amazonの基本,shopping,popular_articles
rakuten-yahoo-hikaku,楽天市場とYahoo!ショッピングはどっちがお得?ポイ活視点で比較,shopping,8,3_tag_match,point-niju-sanjudori-kumiawase,ポイント二重取り・三重取りの組み合わせ早見表!おすすめルートを解説,shopping,popular_articles
rakuten-yahoo-hikaku,楽天市場とYahoo!ショッピングはどっちがお得?ポイ活視点で比較,shopping,9,3_tag_match,point-toushi-unyou-service-hikaku,ポイント投資・ポイント運用を主要サービスで比較,shopping,popular_articles
rakuten-yahoo-hikaku,楽天市場とYahoo!ショッピングはどっちがお得?ポイ活視点で比較,shopping,10,3_tag_match,rakuten-ana-mile-koukan,楽天ポイントをANAマイルに交換できる?交換ルートと注意点を解説,shopping,popular_articles
receipt-app-poikatsu,レシートアプリでポイ活する方法!買い物後に捨てずに活用するコツ,app,1,1_own_outbound_link,one-receipt-poikatsu,ONEでレシートポイ活を始める方法!撮影前に確認したいポイント,app,popular_articles
receipt-app-poikatsu,レシートアプリでポイ活する方法!買い物後に捨てずに活用するコツ,app,2,1_own_outbound_link,code-receipt-poikatsu,CODEで商品バーコードを使ったポイ活!レシート登録と案件活用の基本,app,popular_articles
receipt-app-poikatsu,レシートアプリでポイ活する方法!買い物後に捨てずに活用するコツ,app,3,1_own_outbound_link,reshichare-poikatsu,レシチャレ(旧クラシルリワード)で貯めるポイ活とは?レシート・移動・広告の使い方,app,popular_articles
receipt-app-poikatsu,レシートアプリでポイ活する方法!買い物後に捨てずに活用するコツ,app,4,4_same_thumb_type,app-install-anken-poikatsu,アプリインストール案件のポイ活とは?条件達成・アンインストールの注意点を解説,app,popular_articles
receipt-app-poikatsu,レシートアプリでポイ活する方法!買い物後に捨てずに活用するコツ,app,5,4_same_thumb_type,hashport-wallet-poikatsu,HashPort Walletとは?暗号資産・ポイント・NFTを一元管理できるアプリ,app,popular_articles
receipt-app-poikatsu,レシートアプリでポイ活する方法!買い物後に捨てずに活用するコツ,app,6,6_same_category,torima-idou-poikatsu,トリマで移動ポイ活する方法!歩く・移動する前に知るべき注意点,app,popular_articles
receipt-app-poikatsu,レシートアプリでポイ活する方法!買い物後に捨てずに活用するコツ,app,7,6_same_category,app-hitsuyou,ポイ活アプリは必要?初心者におすすめの使い分けと管理方法,app,popular_articles
receipt-app-poikatsu,レシートアプリでポイ活する方法!買い物後に捨てずに活用するコツ,app,8,6_same_category,hosuu-app-poikatsu,歩数アプリでポイントを貯める方法!健康習慣と節約を両立するコツ,app,popular_articles
receipt-app-poikatsu,レシートアプリでポイ活する方法!買い物後に捨てずに活用するコツ,app,9,6_same_category,idou-app-erabikata,移動系ポイ活アプリの選び方!歩数・移動距離・広告視聴の違い,app,popular_articles
receipt-app-poikatsu,レシートアプリでポイ活する方法!買い物後に捨てずに活用するコツ,app,10,6_same_category,taxi-app-poikatsu,タクシーアプリでポイ活する方法!クーポンと決済ポイントの使い方,app,popular_articles
recruit-ponta,リクルートサービスでPontaポイントを貯める方法!予約・買い物で活用,shopping,1,3_tag_match,au-uq-ponta,au・UQユーザーはPontaポイントにまとめるべき?相性の良いサービスを解説,shopping,popular_articles
recruit-ponta,リクルートサービスでPontaポイントを貯める方法!予約・買い物で活用,shopping,2,3_tag_match,aupay-market-poikatsu,au PAYマーケットでポイントを活用する方法!買い物前の確認ポイント,shopping,popular_articles
recruit-ponta,リクルートサービスでPontaポイントを貯める方法!予約・買い物で活用,shopping,3,3_tag_match,aupay-market-toha,au PAY マーケットとは?特徴とポイントの貯め方をわかりやすく解説,shopping,popular_articles
recruit-ponta,リクルートサービスでPontaポイントを貯める方法!予約・買い物で活用,shopping,4,3_tag_match,aupay-ponta,au PAYでPontaポイントを貯める方法!スマホ決済との組み合わせを解説,shopping,popular_articles
recruit-ponta,リクルートサービスでPontaポイントを貯める方法!予約・買い物で活用,shopping,5,3_tag_match,code-kessai-4sha-hikaku,コード決済4社を徹底比較|PayPay・d払い・楽天ペイ・au PAY,shopping,popular_articles
recruit-ponta,リクルートサービスでPontaポイントを貯める方法!予約・買い物で活用,shopping,6,3_tag_match,dpoint-ponta-hikaku,dポイントとPontaはどっちが得?貯め方・使える店・有効期限を比較,shopping,popular_articles
recruit-ponta,リクルートサービスでPontaポイントを貯める方法!予約・買い物で活用,shopping,7,3_tag_match,drugstore-point-hikaku,ドラッグストアのポイントを徹底比較|マツキヨ・ウエルシア・スギ薬局・ツルハなど,shopping,popular_articles
recruit-ponta,リクルートサービスでPontaポイントを貯める方法!予約・買い物で活用,shopping,8,3_tag_match,kadenryohanten-point-hikaku,家電量販店のポイント比較|還元率・現金値引き・支払い方法を7社で比較,shopping,popular_articles
recruit-ponta,リクルートサービスでPontaポイントを貯める方法!予約・買い物で活用,shopping,9,3_tag_match,kikangentei-point-5shu-hikaku,期間限定ポイント5種を比較!失効前に使い切る方法,shopping,popular_articles
recruit-ponta,リクルートサービスでPontaポイントを貯める方法!予約・買い物で活用,shopping,10,3_tag_match,kikangentei-point-tsukaimichi,期間限定ポイントのおすすめ使い道|失効前にすぐ使える交換先ガイド,shopping,popular_articles
rentacar-yoyaku-poikatsu,レンタカー予約でポイ活する方法!旅行前に確認したい支払いと補償,shopping,1,1_own_outbound_link,gasoline-point-tameru,ガソリン代でポイントを貯める方法!車利用者向けポイ活の基本,creditcard,popular_articles
rentacar-yoyaku-poikatsu,レンタカー予約でポイ活する方法!旅行前に確認したい支払いと補償,shopping,2,4_same_thumb_type,amazon-gift-charge,Amazonギフト券チャージで損しない考え方!支払い方法と使い切りのコツ,shopping,popular_articles
rentacar-yoyaku-poikatsu,レンタカー予約でポイ活する方法!旅行前に確認したい支払いと補償,shopping,3,4_same_thumb_type,amazon-poikatsu,Amazonでポイ活はできる?ポイントを貯める方法と注意点を解説,shopping,popular_articles
rentacar-yoyaku-poikatsu,レンタカー予約でポイ活する方法!旅行前に確認したい支払いと補償,shopping,4,4_same_thumb_type,chuushajou-yoyaku-poikatsu,駐車場予約サービスでポイ活する方法!イベント前に確認したい条件,shopping,popular_articles
rentacar-yoyaku-poikatsu,レンタカー予約でポイ活する方法!旅行前に確認したい支払いと補償,shopping,5,4_same_thumb_type,dpoint-hanei-sarenai,dポイントが反映されない原因は?dポイントマーケットの確認方法も解説,shopping,popular_articles
rentacar-yoyaku-poikatsu,レンタカー予約でポイ活する方法!旅行前に確認したい支払いと補償,shopping,6,4_same_thumb_type,furusato-nozei-poikatsu,ふるさと納税でポイ活はできる?ポイント還元と注意点をわかりやすく解説,shopping,popular_articles
rentacar-yoyaku-poikatsu,レンタカー予約でポイ活する方法!旅行前に確認したい支払いと補償,shopping,7,4_same_thumb_type,game-kakin-point,ゲーム課金でポイントを貯める方法!Apple・Google残高利用時の注意,shopping,popular_articles
rentacar-yoyaku-poikatsu,レンタカー予約でポイ活する方法!旅行前に確認したい支払いと補償,shopping,8,4_same_thumb_type,halloween-yohin-poikatsu,ハロウィン用品でポイ活する方法!衣装・お菓子を買いすぎないコツ,shopping,popular_articles
rentacar-yoyaku-poikatsu,レンタカー予約でポイ活する方法!旅行前に確認したい支払いと補償,shopping,9,4_same_thumb_type,hikkoshi-seikatsuyohin-poikatsu,引越し後の生活用品で使えるポイ活術!支出が増える前に確認したい節約ポイント,shopping,popular_articles
rentacar-yoyaku-poikatsu,レンタカー予約でポイ活する方法!旅行前に確認したい支払いと補償,shopping,10,4_same_thumb_type,iryouhi-shohouyaku-point,医療費・処方薬でポイントは貯まる?支払い前に確認したい注意点,shopping,popular_articles
reshichare-poikatsu,レシチャレ(旧クラシルリワード)で貯めるポイ活とは?レシート・移動・広告の使い方,app,1,2_inbound_link,idou-app-erabikata,移動系ポイ活アプリの選び方!歩数・移動距離・広告視聴の違い,app,popular_articles
reshichare-poikatsu,レシチャレ(旧クラシルリワード)で貯めるポイ活とは?レシート・移動・広告の使い方,app,2,2_inbound_link,receipt-app-poikatsu,レシートアプリでポイ活する方法!買い物後に捨てずに活用するコツ,app,popular_articles
reshichare-poikatsu,レシチャレ(旧クラシルリワード)で貯めるポイ活とは?レシート・移動・広告の使い方,app,3,4_same_thumb_type,code-receipt-poikatsu,CODEで商品バーコードを使ったポイ活!レシート登録と案件活用の基本,app,popular_articles
reshichare-poikatsu,レシチャレ(旧クラシルリワード)で貯めるポイ活とは?レシート・移動・広告の使い方,app,4,4_same_thumb_type,one-receipt-poikatsu,ONEでレシートポイ活を始める方法!撮影前に確認したいポイント,app,popular_articles
reshichare-poikatsu,レシチャレ(旧クラシルリワード)で貯めるポイ活とは?レシート・移動・広告の使い方,app,5,4_same_thumb_type,taxi-app-poikatsu,タクシーアプリでポイ活する方法!クーポンと決済ポイントの使い方,app,popular_articles
reshichare-poikatsu,レシチャレ(旧クラシルリワード)で貯めるポイ活とは?レシート・移動・広告の使い方,app,6,4_same_thumb_type,tiktok-lite-poikatsu,TikTok Liteのポイ活はどう使う?登録前に確認したい条件と注意点,app,popular_articles
reshichare-poikatsu,レシチャレ(旧クラシルリワード)で貯めるポイ活とは?レシート・移動・広告の使い方,app,7,4_same_thumb_type,torima-idou-poikatsu,トリマで移動ポイ活する方法!歩く・移動する前に知るべき注意点,app,popular_articles
reshichare-poikatsu,レシチャレ(旧クラシルリワード)で貯めるポイ活とは?レシート・移動・広告の使い方,app,8,6_same_category,app-hitsuyou,ポイ活アプリは必要?初心者におすすめの使い分けと管理方法,app,popular_articles
reshichare-poikatsu,レシチャレ(旧クラシルリワード)で貯めるポイ活とは?レシート・移動・広告の使い方,app,9,6_same_category,app-install-anken-poikatsu,アプリインストール案件のポイ活とは?条件達成・アンインストールの注意点を解説,app,popular_articles
reshichare-poikatsu,レシチャレ(旧クラシルリワード)で貯めるポイ活とは?レシート・移動・広告の使い方,app,10,6_same_category,hashport-wallet-poikatsu,HashPort Walletとは?暗号資産・ポイント・NFTを一元管理できるアプリ,app,popular_articles
retty-poikatsu,Rettyとは?会員登録不要でPayPayポイントが貯まるグルメ予約サービス,seikatsu,1,2_inbound_link,paypay-point-tamekata,PayPayポイントの貯め方とは?もらう方法・使い方を解説,,popular_articles
retty-poikatsu,Rettyとは?会員登録不要でPayPayポイントが貯まるグルメ予約サービス,seikatsu,2,2_inbound_link,paypay-point-tsukaikata,PayPayポイントの使い方とは?店舗・連携・交換まで完全ガイド,,popular_articles
retty-poikatsu,Rettyとは?会員登録不要でPayPayポイントが貯まるグルメ予約サービス,seikatsu,3,4_same_thumb_type,d-value-pass-poikatsu,dバリューパスとは?初月無料で壁紙・待受が使い放題のサブスク,seikatsu,popular_articles
retty-poikatsu,Rettyとは?会員登録不要でPayPayポイントが貯まるグルメ予約サービス,seikatsu,4,4_same_thumb_type,itoyokado-netsuper-onigo-poikatsu,イトーヨーカドーネットスーパー by ONIGOとは?特徴・料金・初回クーポンを解説,seikatsu,popular_articles
retty-poikatsu,Rettyとは?会員登録不要でPayPayポイントが貯まるグルメ予約サービス,seikatsu,5,4_same_thumb_type,rakuten-beauty-poikatsu,楽天ビューティとは?美容室・ネイル・エステの検索・予約ができるサービス,seikatsu,popular_articles
retty-poikatsu,Rettyとは?会員登録不要でPayPayポイントが貯まるグルメ予約サービス,seikatsu,6,4_same_thumb_type,rakuten-car-shaken-poikatsu,楽天Car車検とは?見積もり比較・予約で楽天ポイントがもらえるサービス,seikatsu,popular_articles
retty-poikatsu,Rettyとは?会員登録不要でPayPayポイントが貯まるグルメ予約サービス,seikatsu,7,4_same_thumb_type,rakuten-denwa-poikatsu,楽天でんわとは?番号そのままで通話料を半額にできる電話アプリを解説,seikatsu,popular_articles
retty-poikatsu,Rettyとは?会員登録不要でPayPayポイントが貯まるグルメ予約サービス,seikatsu,8,4_same_thumb_type,rakuten-music-poikatsu,楽天ミュージックとは?広告なしで約1億曲聴き放題の音楽アプリを解説,seikatsu,popular_articles
retty-poikatsu,Rettyとは?会員登録不要でPayPayポイントが貯まるグルメ予約サービス,seikatsu,9,4_same_thumb_type,rakuten-shashinkan-poikatsu,楽天写真館とは?写真プリントからフォトブックまで作れるサービスを解説,seikatsu,popular_articles
retty-poikatsu,Rettyとは?会員登録不要でPayPayポイントが貯まるグルメ予約サービス,seikatsu,10,4_same_thumb_type,ubereats-poikatsu,Uber Eatsでポイ活する方法!クーポン・支払い・手数料の見方,seikatsu,popular_articles
rimawarikun-toha,利回りくんとは?不動産クラウドファンディングの特徴とリスクを解説,seikatsu,1,5_category_hub,aupay-furusato-poikatsu,au PAYふるさと納税のPontaポイントは貯まる?2025年10月の変更を解説,seikatsu,popular_articles
rimawarikun-toha,利回りくんとは?不動産クラウドファンディングの特徴とリスクを解説,seikatsu,2,5_category_hub,docomo-denki-poikatsu,ドコモでんきとは?電気代でdポイントが貯まる仕組みを解説,seikatsu,popular_articles
rimawarikun-toha,利回りくんとは?不動産クラウドファンディングの特徴とリスクを解説,seikatsu,3,6_same_category,rakuten-mobile-poikatsu,楽天モバイルとは?データ使い放題と楽天ポイント最大+4倍を解説,seikatsu,popular_articles
rimawarikun-toha,利回りくんとは?不動産クラウドファンディングの特徴とリスクを解説,seikatsu,4,6_same_category,ahamo-hikari-poikatsu,ahamo光とは?料金・dポイント特典・工事費無料の条件を解説,seikatsu,popular_articles
rimawarikun-toha,利回りくんとは?不動産クラウドファンディングの特徴とリスクを解説,seikatsu,5,6_same_category,d-value-pass-poikatsu,dバリューパスとは?初月無料で壁紙・待受が使い放題のサブスク,seikatsu,popular_articles
rimawarikun-toha,利回りくんとは?不動産クラウドファンディングの特徴とリスクを解説,seikatsu,6,6_same_category,retty-poikatsu,Rettyとは?会員登録不要でPayPayポイントが貯まるグルメ予約サービス,seikatsu,popular_articles
rimawarikun-toha,利回りくんとは?不動産クラウドファンディングの特徴とリスクを解説,seikatsu,7,6_same_category,ahamo-toha,ahamoとは?月額料金とdポイントの貯め方をわかりやすく解説,seikatsu,popular_articles
rimawarikun-toha,利回りくんとは?不動産クラウドファンディングの特徴とリスクを解説,seikatsu,8,6_same_category,dmmbooks-toha,DMMブックスとは?特徴とポイントの貯め方をわかりやすく解説,seikatsu,popular_articles
rimawarikun-toha,利回りくんとは?不動産クラウドファンディングの特徴とリスクを解説,seikatsu,9,6_same_category,itoyokado-netsuper-onigo-poikatsu,イトーヨーカドーネットスーパー by ONIGOとは?特徴・料金・初回クーポンを解説,seikatsu,popular_articles
rimawarikun-toha,利回りくんとは?不動産クラウドファンディングの特徴とリスクを解説,seikatsu,10,6_same_category,rakuten-music-poikatsu,楽天ミュージックとは?広告なしで約1億曲聴き放題の音楽アプリを解説,seikatsu,popular_articles
roadmap,ポイ活初心者向けロードマップ!登録から初回ポイント獲得までの流れ,pointsite,1,5_category_hub,yosekatsu,ポイ活の新常識!ポイントを分散せず効率よく貯める「寄せ活」の始め方,pointsite,popular_articles
roadmap,ポイ活初心者向けロードマップ!登録から初回ポイント獲得までの流れ,pointsite,2,5_category_hub,poikatsu-kiso,ポイ活とは?初心者が最初に知っておきたい仕組みと始め方,pointsite,popular_articles
roadmap,ポイ活初心者向けロードマップ!登録から初回ポイント獲得までの流れ,pointsite,3,6_same_category,hapitas-poikatsu,ハピタスとは?ポイント還元率・交換方法・登録方法をわかりやすく解説,pointsite,popular_articles
roadmap,ポイ活初心者向けロードマップ!登録から初回ポイント獲得までの流れ,pointsite,4,6_same_category,keiyu-wasure-boushi,ポイントサイト経由忘れを防ぐ方法!買い物前チェックを習慣化するコツ,pointsite,popular_articles
roadmap,ポイ活初心者向けロードマップ!登録から初回ポイント獲得までの流れ,pointsite,5,6_same_category,moppy-hajimekata,モッピーでポイ活を始める方法!高還元案件を見る前の確認ポイント,pointsite,popular_articles
roadmap,ポイ活初心者向けロードマップ!登録から初回ポイント獲得までの流れ,pointsite,6,6_same_category,pointsite-kyakka-genin,ポイントサイトで却下される原因は?承認条件の読み方を初心者向けに解説,pointsite,popular_articles
roadmap,ポイ活初心者向けロードマップ!登録から初回ポイント獲得までの流れ,pointsite,7,6_same_category,chobirich-poikatsu,ちょびリッチとは?評判・特徴からポイントの貯め方まで徹底解説,pointsite,popular_articles
roadmap,ポイ活初心者向けロードマップ!登録から初回ポイント獲得までの流れ,pointsite,8,6_same_category,ecnavi-poikatsu,ECナビとは?多彩な方法でポイントが貯まるポイントサイトの特徴を解説,pointsite,popular_articles
roadmap,ポイ活初心者向けロードマップ!登録から初回ポイント獲得までの流れ,pointsite,9,6_same_category,koteihi-sukunai-poikatsu,固定費が少ない人のポイ活術!少額支出でも効率よく貯める方法,pointsite,popular_articles
roadmap,ポイ活初心者向けロードマップ!登録から初回ポイント獲得までの流れ,pointsite,10,6_same_category,nifty-point-club-poikatsu,ニフティポイントクラブの活用術!ネット利用者向けのポイ活基本,pointsite,popular_articles
ryokou-yoyaku-point,旅行予約でポイントを貯める方法!ホテル・航空券・予約サイト活用術,shopping,1,1_own_outbound_link,yahoo-travel-tsukaikata,Yahoo!トラベルでポイントを活用する方法!宿泊予約前の確認ポイント,campaign,popular_articles
ryokou-yoyaku-point,旅行予約でポイントを貯める方法!ホテル・航空券・予約サイト活用術,shopping,2,1_own_outbound_link,jalan-tsukaikata,じゃらんでポイ活する方法!宿泊・遊び体験予約でポイントを貯めるコツ,campaign,popular_articles
ryokou-yoyaku-point,旅行予約でポイントを貯める方法!ホテル・航空券・予約サイト活用術,shopping,3,2_inbound_link,rakuten-travel-supersale-poikatsu,楽天トラベルスーパーセールで失敗しないポイ活!予約前チェックリスト,campaign,popular_articles
ryokou-yoyaku-point,旅行予約でポイントを貯める方法!ホテル・航空券・予約サイト活用術,shopping,4,3_tag_match,code-kessai-4sha-hikaku,コード決済4社を徹底比較|PayPay・d払い・楽天ペイ・au PAY,shopping,popular_articles
ryokou-yoyaku-point,旅行予約でポイントを貯める方法!ホテル・航空券・予約サイト活用術,shopping,5,3_tag_match,drugstore-point-hikaku,ドラッグストアのポイントを徹底比較|マツキヨ・ウエルシア・スギ薬局・ツルハなど,shopping,popular_articles
ryokou-yoyaku-point,旅行予約でポイントを貯める方法!ホテル・航空券・予約サイト活用術,shopping,6,3_tag_match,kadenryohanten-point-hikaku,家電量販店のポイント比較|還元率・現金値引き・支払い方法を7社で比較,shopping,popular_articles
ryokou-yoyaku-point,旅行予約でポイントを貯める方法!ホテル・航空券・予約サイト活用術,shopping,7,3_tag_match,kikangentei-point-5shu-hikaku,期間限定ポイント5種を比較!失効前に使い切る方法,shopping,popular_articles
ryokou-yoyaku-point,旅行予約でポイントを貯める方法!ホテル・航空券・予約サイト活用術,shopping,8,3_tag_match,kikangentei-point-tsukaimichi,期間限定ポイントのおすすめ使い道|失効前にすぐ使える交換先ガイド,shopping,popular_articles
ryokou-yoyaku-point,旅行予約でポイントを貯める方法!ホテル・航空券・予約サイト活用術,shopping,9,3_tag_match,net-shopping-point-kiso,ネットショッピングでポイントを貯める方法!楽天・Yahoo・Amazonの基本,shopping,popular_articles
ryokou-yoyaku-point,旅行予約でポイントを貯める方法!ホテル・航空券・予約サイト活用術,shopping,10,3_tag_match,point-niju-sanjudori-kumiawase,ポイント二重取り・三重取りの組み合わせ早見表!おすすめルートを解説,shopping,popular_articles
ryokou-zuki-poikatsu-keikaku,旅行好きのポイ活計画!普段の買い物を旅費に近づける考え方,pointsite,1,5_category_hub,yosekatsu,ポイ活の新常識!ポイントを分散せず効率よく貯める「寄せ活」の始め方,pointsite,popular_articles
ryokou-zuki-poikatsu-keikaku,旅行好きのポイ活計画!普段の買い物を旅費に近づける考え方,pointsite,2,5_category_hub,poikatsu-kiso,ポイ活とは?初心者が最初に知っておきたい仕組みと始め方,pointsite,popular_articles
ryokou-zuki-poikatsu-keikaku,旅行好きのポイ活計画!普段の買い物を旅費に近づける考え方,pointsite,3,6_same_category,hapitas-poikatsu,ハピタスとは?ポイント還元率・交換方法・登録方法をわかりやすく解説,pointsite,popular_articles
ryokou-zuki-poikatsu-keikaku,旅行好きのポイ活計画!普段の買い物を旅費に近づける考え方,pointsite,4,6_same_category,keiyu-wasure-boushi,ポイントサイト経由忘れを防ぐ方法!買い物前チェックを習慣化するコツ,pointsite,popular_articles
ryokou-zuki-poikatsu-keikaku,旅行好きのポイ活計画!普段の買い物を旅費に近づける考え方,pointsite,5,6_same_category,moppy-hajimekata,モッピーでポイ活を始める方法!高還元案件を見る前の確認ポイント,pointsite,popular_articles
ryokou-zuki-poikatsu-keikaku,旅行好きのポイ活計画!普段の買い物を旅費に近づける考え方,pointsite,6,6_same_category,pointsite-kyakka-genin,ポイントサイトで却下される原因は?承認条件の読み方を初心者向けに解説,pointsite,popular_articles
ryokou-zuki-poikatsu-keikaku,旅行好きのポイ活計画!普段の買い物を旅費に近づける考え方,pointsite,7,6_same_category,chobirich-poikatsu,ちょびリッチとは?評判・特徴からポイントの貯め方まで徹底解説,pointsite,popular_articles
ryokou-zuki-poikatsu-keikaku,旅行好きのポイ活計画!普段の買い物を旅費に近づける考え方,pointsite,8,6_same_category,ecnavi-poikatsu,ECナビとは?多彩な方法でポイントが貯まるポイントサイトの特徴を解説,pointsite,popular_articles
ryokou-zuki-poikatsu-keikaku,旅行好きのポイ活計画!普段の買い物を旅費に近づける考え方,pointsite,9,6_same_category,koteihi-sukunai-poikatsu,固定費が少ない人のポイ活術!少額支出でも効率よく貯める方法,pointsite,popular_articles
ryokou-zuki-poikatsu-keikaku,旅行好きのポイ活計画!普段の買い物を旅費に近づける考え方,pointsite,10,6_same_category,nifty-point-club-poikatsu,ニフティポイントクラブの活用術!ネット利用者向けのポイ活基本,pointsite,popular_articles
satofull-poikatsu,さとふるとは?ふるさと納税の流れとポイント制度の現状を解説,seikatsu,1,4_same_thumb_type,ahamo-toha,ahamoとは?月額料金とdポイントの貯め方をわかりやすく解説,seikatsu,popular_articles
satofull-poikatsu,さとふるとは?ふるさと納税の流れとポイント制度の現状を解説,seikatsu,2,4_same_thumb_type,anshin-security-toha,あんしんセキュリティとは?月額料金と機能をわかりやすく解説,seikatsu,popular_articles
satofull-poikatsu,さとふるとは?ふるさと納税の流れとポイント制度の現状を解説,seikatsu,3,4_same_thumb_type,busnoru-poikatsu,バスのるとは?高速バス予約と「バスのるポイント」を解説,seikatsu,popular_articles
satofull-poikatsu,さとふるとは?ふるさと納税の流れとポイント制度の現状を解説,seikatsu,4,4_same_thumb_type,dcarshare-toha,dカーシェアとは?特徴とdポイントの貯め方をわかりやすく解説,seikatsu,popular_articles
satofull-poikatsu,さとふるとは?ふるさと納税の流れとポイント制度の現状を解説,seikatsu,5,4_same_thumb_type,dhealthcare-toha,dヘルスケアとは?歩数・体重記録でdポイントが貯まる仕組みを解説,seikatsu,popular_articles
satofull-poikatsu,さとふるとは?ふるさと納税の流れとポイント制度の現状を解説,seikatsu,6,4_same_thumb_type,dhits-toha,dヒッツとは?月額300円からの音楽聴き放題サービスを解説,seikatsu,popular_articles
satofull-poikatsu,さとふるとは?ふるさと納税の流れとポイント制度の現状を解説,seikatsu,7,4_same_thumb_type,dmagazine-toha,dマガジンとは?月額料金と読める雑誌数をわかりやすく解説,seikatsu,popular_articles
satofull-poikatsu,さとふるとは?ふるさと納税の流れとポイント制度の現状を解説,seikatsu,8,4_same_thumb_type,dmmbooks-toha,DMMブックスとは?特徴とポイントの貯め方をわかりやすく解説,seikatsu,popular_articles
satofull-poikatsu,さとふるとは?ふるさと納税の流れとポイント制度の現状を解説,seikatsu,9,4_same_thumb_type,dphoto-toha,dフォトとは?毎月フォトブックが届くサービスをわかりやすく解説,seikatsu,popular_articles
satofull-poikatsu,さとふるとは?ふるさと納税の流れとポイント制度の現状を解説,seikatsu,10,4_same_thumb_type,hikaritv-toha,ひかりTVとは?特徴と料金プランをわかりやすく解説,seikatsu,popular_articles
sbisec-shouken-toha,SBI証券とは?特徴とポイントの貯め方をわかりやすく解説,kouza,1,1_own_outbound_link,point-toushi-unyou-service-hikaku,ポイント投資・ポイント運用を主要サービスで比較,shopping,popular_articles
sbisec-shouken-toha,SBI証券とは?特徴とポイントの貯め方をわかりやすく解説,kouza,2,3_tag_match,point-tamaru-ginkou-hikaku,ポイントが貯まる銀行を比較!d・楽天・V・Ponta・PayPay系の選び方,kouza,popular_articles
sbisec-shouken-toha,SBI証券とは?特徴とポイントの貯め方をわかりやすく解説,kouza,3,4_same_thumb_type,monex-shouken-toha,マネックス証券とは?特徴とポイントの貯め方をわかりやすく解説,kouza,popular_articles
sbisec-shouken-toha,SBI証券とは?特徴とポイントの貯め方をわかりやすく解説,kouza,4,4_same_thumb_type,paypaysec-shouken-toha,PayPay証券とは?特徴とポイントの貯め方をわかりやすく解説,kouza,popular_articles
sbisec-shouken-toha,SBI証券とは?特徴とポイントの貯め方をわかりやすく解説,kouza,5,4_same_thumb_type,rakuten-ginkou-happy-program,楽天銀行ハッピープログラムの基本!銀行取引で楽天ポイントを貯める方法,kouza,popular_articles
sbisec-shouken-toha,SBI証券とは?特徴とポイントの貯め方をわかりやすく解説,kouza,6,4_same_thumb_type,rakuten-shouken-toha,楽天証券とは?特徴とポイントの貯め方をわかりやすく解説,kouza,popular_articles
sbisec-shouken-toha,SBI証券とは?特徴とポイントの貯め方をわかりやすく解説,kouza,7,5_category_hub,docomo-ginkou-dpoint-poikatsu,ドコモの銀行でdポイントを貯める方法|dアカウント連携・還元条件,kouza,popular_articles
sbisec-shouken-toha,SBI証券とは?特徴とポイントの貯め方をわかりやすく解説,kouza,8,6_same_category,dmm-kabu-poikatsu,DMM株とは?少額投資・低手数料が魅力の株式投資アプリを解説,kouza,popular_articles
sbisec-shouken-toha,SBI証券とは?特徴とポイントの貯め方をわかりやすく解説,kouza,9,6_same_category,matsui-shouken-ideco-poikatsu,松井証券のiDeCoとは?手数料0円・低コスト商品の特徴を解説,kouza,popular_articles
sbisec-shouken-toha,SBI証券とは?特徴とポイントの貯め方をわかりやすく解説,kouza,10,6_same_category,net-ginkou-poikatsu,ネット銀行を使ったポイ活術!振込・ATM・残高条件の見方,kouza,popular_articles
screenshot-hozon-poikatsu-miss,スクリーンショット保存でポイ活ミスを減らす方法!残すべき画面を解説,pointsite,1,4_same_thumb_type,chihou-zaijuu-poikatsu,地方在住者のポイ活術!使える店舗が少ない時のポイント活用法,pointsite,popular_articles
screenshot-hozon-poikatsu-miss,スクリーンショット保存でポイ活ミスを減らす方法!残すべき画面を解説,pointsite,2,4_same_thumb_type,hoken-soudan-anken-poikatsu,保険相談案件のポイ活とは?面談前に知っておきたいメリットと注意点,pointsite,popular_articles
screenshot-hozon-poikatsu-miss,スクリーンショット保存でポイ活ミスを減らす方法!残すべき画面を解説,pointsite,3,4_same_thumb_type,kaigai-zaijuu-point-kanri,海外在住者が日本のポイントを管理する方法!帰国時に使う前提の考え方,pointsite,popular_articles
screenshot-hozon-poikatsu-miss,スクリーンショット保存でポイ活ミスを減らす方法!残すべき画面を解説,pointsite,4,4_same_thumb_type,kazoku-account-poikatsu-chuui,家族アカウントでポイ活する時の注意点!規約確認とトラブル防止,pointsite,popular_articles
screenshot-hozon-poikatsu-miss,スクリーンショット保存でポイ活ミスを減らす方法!残すべき画面を解説,pointsite,5,4_same_thumb_type,keiyu-wasure-boushi,ポイントサイト経由忘れを防ぐ方法!買い物前チェックを習慣化するコツ,pointsite,popular_articles
screenshot-hozon-poikatsu-miss,スクリーンショット保存でポイ活ミスを減らす方法!残すべき画面を解説,pointsite,6,4_same_thumb_type,poikatsu-demerit,ポイ活のデメリットとは?時間・個人情報・無駄買いのリスクを解説,pointsite,popular_articles
screenshot-hozon-poikatsu-miss,スクリーンショット保存でポイ活ミスを減らす方法!残すべき画面を解説,pointsite,7,4_same_thumb_type,poikatsu-kojinjouhou-mamoru,ポイ活で個人情報を守る方法!登録前に確認したい安全チェック,pointsite,popular_articles
screenshot-hozon-poikatsu-miss,スクリーンショット保存でポイ活ミスを減らす方法!残すべき画面を解説,pointsite,8,4_same_thumb_type,poikatsu-kuchikomi-shinyou,ポイ活の口コミは信用できる?体験談を見る時のチェックポイント,pointsite,popular_articles
screenshot-hozon-poikatsu-miss,スクリーンショット保存でポイ活ミスを減らす方法!残すべき画面を解説,pointsite,9,4_same_thumb_type,poikatsu-muki-fumuki,ポイ活で節約できる人・できない人の違い!向き不向きを解説,pointsite,popular_articles
screenshot-hozon-poikatsu-miss,スクリーンショット保存でポイ活ミスを減らす方法!残すべき画面を解説,pointsite,10,4_same_thumb_type,poikatsu-yattehaikenai-koto,ポイ活でやってはいけないこと!規約違反・不正利用・危険な案件に注意,pointsite,popular_articles
seims-point,ドラッグセイムスのポイントを解説|セイムスポイントカードと楽天ポイントの関係,shopping,1,1_own_outbound_link,drugstore-point-hikaku,ドラッグストアのポイントを徹底比較|マツキヨ・ウエルシア・スギ薬局・ツルハなど,shopping,popular_articles
seims-point,ドラッグセイムスのポイントを解説|セイムスポイントカードと楽天ポイントの関係,shopping,2,3_tag_match,code-kessai-4sha-hikaku,コード決済4社を徹底比較|PayPay・d払い・楽天ペイ・au PAY,shopping,popular_articles
seims-point,ドラッグセイムスのポイントを解説|セイムスポイントカードと楽天ポイントの関係,shopping,3,3_tag_match,kadenryohanten-point-hikaku,家電量販店のポイント比較|還元率・現金値引き・支払い方法を7社で比較,shopping,popular_articles
seims-point,ドラッグセイムスのポイントを解説|セイムスポイントカードと楽天ポイントの関係,shopping,4,3_tag_match,kikangentei-point-5shu-hikaku,期間限定ポイント5種を比較!失効前に使い切る方法,shopping,popular_articles
seims-point,ドラッグセイムスのポイントを解説|セイムスポイントカードと楽天ポイントの関係,shopping,5,3_tag_match,kikangentei-point-tsukaimichi,期間限定ポイントのおすすめ使い道|失効前にすぐ使える交換先ガイド,shopping,popular_articles
seims-point,ドラッグセイムスのポイントを解説|セイムスポイントカードと楽天ポイントの関係,shopping,6,3_tag_match,net-shopping-point-kiso,ネットショッピングでポイントを貯める方法!楽天・Yahoo・Amazonの基本,shopping,popular_articles
seims-point,ドラッグセイムスのポイントを解説|セイムスポイントカードと楽天ポイントの関係,shopping,7,3_tag_match,point-niju-sanjudori-kumiawase,ポイント二重取り・三重取りの組み合わせ早見表!おすすめルートを解説,shopping,popular_articles
seims-point,ドラッグセイムスのポイントを解説|セイムスポイントカードと楽天ポイントの関係,shopping,8,3_tag_match,point-toushi-unyou-service-hikaku,ポイント投資・ポイント運用を主要サービスで比較,shopping,popular_articles
seims-point,ドラッグセイムスのポイントを解説|セイムスポイントカードと楽天ポイントの関係,shopping,9,3_tag_match,rakuten-ana-mile-koukan,楽天ポイントをANAマイルに交換できる?交換ルートと注意点を解説,shopping,popular_articles
seims-point,ドラッグセイムスのポイントを解説|セイムスポイントカードと楽天ポイントの関係,shopping,10,3_tag_match,rakuten-check-poikatsu,楽天チェックで来店ポイントを貯める方法!外出ついでに使う基本,shopping,popular_articles
seiyu-poikatsu,西友でお得に買い物する方法!ネットスーパーと店舗利用のポイント,shopping,1,4_same_thumb_type,ana-jal-mile-hikaku,ANAマイルとJALマイルはどっち?貯めやすさ・使いやすさを比較,shopping,popular_articles
seiyu-poikatsu,西友でお得に買い物する方法!ネットスーパーと店舗利用のポイント,shopping,2,4_same_thumb_type,ana-mile-tameru-kachi,ANAマイルを貯めるべき人・貯めない方がいい人を解説,shopping,popular_articles
seiyu-poikatsu,西友でお得に買い物する方法!ネットスーパーと店舗利用のポイント,shopping,3,4_same_thumb_type,ana-mileageplus-hikaku,ANAマイルとMileagePlusはどっち?同じスターアライアンスで何が違う?,shopping,popular_articles
seiyu-poikatsu,西友でお得に買い物する方法!ネットスーパーと店舗利用のポイント,shopping,4,4_same_thumb_type,au-uq-ponta,au・UQユーザーはPontaポイントにまとめるべき?相性の良いサービスを解説,shopping,popular_articles
seiyu-poikatsu,西友でお得に買い物する方法!ネットスーパーと店舗利用のポイント,shopping,5,4_same_thumb_type,carshare-point-katsuyou,カーシェアでポイ活する方法とは?短時間利用の節約ポイントを解説,shopping,popular_articles
seiyu-poikatsu,西友でお得に買い物する方法!ネットスーパーと店舗利用のポイント,shopping,6,4_same_thumb_type,cleaning-poikatsu,クリーニング代でポイントを貯める方法!宅配と店舗を比較するコツ,shopping,popular_articles
seiyu-poikatsu,西友でお得に買い物する方法!ネットスーパーと店舗利用のポイント,shopping,7,4_same_thumb_type,code-kessai-4sha-hikaku,コード決済4社を徹底比較|PayPay・d払い・楽天ペイ・au PAY,shopping,popular_articles
seiyu-poikatsu,西友でお得に買い物する方法!ネットスーパーと店舗利用のポイント,shopping,8,4_same_thumb_type,d-point-supermarket,dポイントが貯まるスーパー一覧|使える店舗・地域スーパーも比較,shopping,popular_articles
seiyu-poikatsu,西友でお得に買い物する方法!ネットスーパーと店舗利用のポイント,shopping,9,4_same_thumb_type,denryoku-norikae-point,電力会社乗り換えでポイントを貯める方法!料金比較と特典の見方,shopping,popular_articles
seiyu-poikatsu,西友でお得に買い物する方法!ネットスーパーと店舗利用のポイント,shopping,10,4_same_thumb_type,docomo-ahamo-dpoint,ドコモ・ahamoユーザーはdポイントにまとめるべき?相性の良いサービスを解説,shopping,popular_articles
senior-poikatsu,シニア向けポイ活入門!スマホが苦手でも始めやすいポイント活用,pointsite,1,4_same_thumb_type,cashless-fuan-poikatsu,キャッシュレスが不安な人向けポイ活!現金感覚で使うための管理方法,pointsite,popular_articles
senior-poikatsu,シニア向けポイ活入門!スマホが苦手でも始めやすいポイント活用,pointsite,2,4_same_thumb_type,gakusei-poikatsu,学生でもできるポイ活!お金をかけずに始める安全な方法,pointsite,popular_articles
senior-poikatsu,シニア向けポイ活入門!スマホが苦手でも始めやすいポイント活用,pointsite,3,4_same_thumb_type,hapitas-tsukaikata,ハピタスの使い方を初心者向けに解説!案件選びとポイント交換の基本,pointsite,popular_articles
senior-poikatsu,シニア向けポイ活入門!スマホが苦手でも始めやすいポイント活用,pointsite,4,4_same_thumb_type,kaimono-nigate-poikatsu,買い物が苦手な人のポイ活術!比較しすぎずに得するシンプル運用,pointsite,popular_articles
senior-poikatsu,シニア向けポイ活入門!スマホが苦手でも始めやすいポイント活用,pointsite,5,4_same_thumb_type,kosodate-setai-poikatsu,子育て世帯のポイ活術!おむつ・ミルク・学用品をお得に買う方法,pointsite,popular_articles
senior-poikatsu,シニア向けポイ活入門!スマホが苦手でも始めやすいポイント活用,pointsite,6,4_same_thumb_type,koteihi-sukunai-poikatsu,固定費が少ない人のポイ活術!少額支出でも効率よく貯める方法,pointsite,popular_articles
senior-poikatsu,シニア向けポイ活入門!スマホが苦手でも始めやすいポイント活用,pointsite,7,4_same_thumb_type,kurumanashi-seikatsu-poikatsu,車なし生活のポイ活術!交通・ネット通販・日用品で節約する方法,pointsite,popular_articles
senior-poikatsu,シニア向けポイ活入門!スマホが苦手でも始めやすいポイント活用,pointsite,8,4_same_thumb_type,minimalist-poikatsu,ミニマリスト向けポイ活!買わない生活でもポイントを活かす方法,pointsite,popular_articles
senior-poikatsu,シニア向けポイ活入門!スマホが苦手でも始めやすいポイント活用,pointsite,9,4_same_thumb_type,poikatsu-mail-tsuuchi-seiri,ポイ活メール通知の整理術!必要なキャンペーンだけ見逃さない方法,pointsite,popular_articles
senior-poikatsu,シニア向けポイ活入門!スマホが苦手でも始めやすいポイント活用,pointsite,10,4_same_thumb_type,poikatsu-senyou-mail-hitsuyou,ポイ活専用メールアドレスは必要?登録管理をラクにする考え方,pointsite,popular_articles
setsuyaku-nigate-poikatsu-nyumon,節約が苦手な人のポイ活入門!頑張らずに支出を見える化する方法,pointsite,1,4_same_thumb_type,cashless-fuan-poikatsu,キャッシュレスが不安な人向けポイ活!現金感覚で使うための管理方法,pointsite,popular_articles
setsuyaku-nigate-poikatsu-nyumon,節約が苦手な人のポイ活入門!頑張らずに支出を見える化する方法,pointsite,2,4_same_thumb_type,gakusei-poikatsu,学生でもできるポイ活!お金をかけずに始める安全な方法,pointsite,popular_articles
setsuyaku-nigate-poikatsu-nyumon,節約が苦手な人のポイ活入門!頑張らずに支出を見える化する方法,pointsite,3,4_same_thumb_type,hapitas-tsukaikata,ハピタスの使い方を初心者向けに解説!案件選びとポイント交換の基本,pointsite,popular_articles
setsuyaku-nigate-poikatsu-nyumon,節約が苦手な人のポイ活入門!頑張らずに支出を見える化する方法,pointsite,4,4_same_thumb_type,kaimono-nigate-poikatsu,買い物が苦手な人のポイ活術!比較しすぎずに得するシンプル運用,pointsite,popular_articles
setsuyaku-nigate-poikatsu-nyumon,節約が苦手な人のポイ活入門!頑張らずに支出を見える化する方法,pointsite,5,4_same_thumb_type,kosodate-setai-poikatsu,子育て世帯のポイ活術!おむつ・ミルク・学用品をお得に買う方法,pointsite,popular_articles
setsuyaku-nigate-poikatsu-nyumon,節約が苦手な人のポイ活入門!頑張らずに支出を見える化する方法,pointsite,6,4_same_thumb_type,koteihi-sukunai-poikatsu,固定費が少ない人のポイ活術!少額支出でも効率よく貯める方法,pointsite,popular_articles
setsuyaku-nigate-poikatsu-nyumon,節約が苦手な人のポイ活入門!頑張らずに支出を見える化する方法,pointsite,7,4_same_thumb_type,kurumanashi-seikatsu-poikatsu,車なし生活のポイ活術!交通・ネット通販・日用品で節約する方法,pointsite,popular_articles
setsuyaku-nigate-poikatsu-nyumon,節約が苦手な人のポイ活入門!頑張らずに支出を見える化する方法,pointsite,8,4_same_thumb_type,minimalist-poikatsu,ミニマリスト向けポイ活!買わない生活でもポイントを活かす方法,pointsite,popular_articles
setsuyaku-nigate-poikatsu-nyumon,節約が苦手な人のポイ活入門!頑張らずに支出を見える化する方法,pointsite,9,4_same_thumb_type,poikatsu-mail-tsuuchi-seiri,ポイ活メール通知の整理術!必要なキャンペーンだけ見逃さない方法,pointsite,popular_articles
setsuyaku-nigate-poikatsu-nyumon,節約が苦手な人のポイ活入門!頑張らずに支出を見える化する方法,pointsite,10,4_same_thumb_type,poikatsu-senyou-mail-hitsuyou,ポイ活専用メールアドレスは必要?登録管理をラクにする考え方,pointsite,popular_articles
seven-eleven-point,セブン-イレブンでポイントを貯める方法!nanacoとアプリ活用の基本,shopping,1,3_tag_match,nanaco-point-kiso,nanacoポイントの貯め方と使い方!セブン系で活用する基本,shopping,popular_articles
seven-eleven-point,セブン-イレブンでポイントを貯める方法!nanacoとアプリ活用の基本,shopping,2,4_same_thumb_type,aupay-market-poikatsu,au PAYマーケットでポイントを活用する方法!買い物前の確認ポイント,shopping,popular_articles
seven-eleven-point,セブン-イレブンでポイントを貯める方法!nanacoとアプリ活用の基本,shopping,3,4_same_thumb_type,aupay-ponta,au PAYでPontaポイントを貯める方法!スマホ決済との組み合わせを解説,shopping,popular_articles
seven-eleven-point,セブン-イレブンでポイントを貯める方法!nanacoとアプリ活用の基本,shopping,4,4_same_thumb_type,biyouin-salon-point,美容院・サロン代をポイントで節約!予約前に見るべき条件と使い方,shopping,popular_articles
seven-eleven-point,セブン-イレブンでポイントを貯める方法!nanacoとアプリ活用の基本,shopping,5,4_same_thumb_type,coke-on-setsuyaku,Coke ONで飲み物代を節約する方法!スタンプ・チケット活用の基本,shopping,popular_articles
seven-eleven-point,セブン-イレブンでポイントを貯める方法!nanacoとアプリ活用の基本,shopping,6,4_same_thumb_type,demaecan-poikatsu,出前館でポイ活する方法!注文前に確認したい割引とポイント,shopping,popular_articles
seven-eleven-point,セブン-イレブンでポイントを貯める方法!nanacoとアプリ活用の基本,shopping,7,4_same_thumb_type,doutor-tullys-poikatsu,ドトール・タリーズでポイ活する方法!カフェ利用時の支払い術,shopping,popular_articles
seven-eleven-point,セブン-イレブンでポイントを貯める方法!nanacoとアプリ活用の基本,shopping,8,4_same_thumb_type,dpoint-d-harai,d払いでdポイントを貯める方法!日常決済で活用するコツ,shopping,popular_articles
seven-eleven-point,セブン-イレブンでポイントを貯める方法!nanacoとアプリ活用の基本,shopping,9,4_same_thumb_type,drugstore-poikatsu,ドラッグストアでポイ活する方法!日用品・薬・コスメでポイントを貯める,shopping,popular_articles
seven-eleven-point,セブン-イレブンでポイントを貯める方法!nanacoとアプリ活用の基本,shopping,10,4_same_thumb_type,famiresu-cafe-point,ファミレス・カフェでポイントを貯める方法!外食前のアプリ確認術,shopping,popular_articles
sevennet-shopping-poikatsu,セブンネットショッピングとは?セブン‐イレブン受け取りで送料無料になる通販サイト,shopping,1,4_same_thumb_type,amazon-tsuhan-toha,Amazonとは?特徴とポイントの貯め方をわかりやすく解説,shopping,popular_articles
sevennet-shopping-poikatsu,セブンネットショッピングとは?セブン‐イレブン受け取りで送料無料になる通販サイト,shopping,2,4_same_thumb_type,aupay-market-toha,au PAY マーケットとは?特徴とポイントの貯め方をわかりやすく解説,shopping,popular_articles
sevennet-shopping-poikatsu,セブンネットショッピングとは?セブン‐イレブン受け取りで送料無料になる通販サイト,shopping,3,4_same_thumb_type,biccamera-toha,ビックカメラ.comとは?特徴とポイントの貯め方をわかりやすく解説,shopping,popular_articles
sevennet-shopping-poikatsu,セブンネットショッピングとは?セブン‐イレブン受け取りで送料無料になる通販サイト,shopping,4,4_same_thumb_type,charge-route-point,チャージルートでポイントを増やす考え方!複雑にしすぎない決済設計,shopping,popular_articles
sevennet-shopping-poikatsu,セブンネットショッピングとは?セブン‐イレブン受け取りで送料無料になる通販サイト,shopping,5,4_same_thumb_type,daimaru-matsuzakaya-toha,大丸松坂屋オンラインストアとは?特徴とポイントの貯め方をわかりやすく解説,shopping,popular_articles
sevennet-shopping-poikatsu,セブンネットショッピングとは?セブン‐イレブン受け取りで送料無料になる通販サイト,shopping,6,4_same_thumb_type,docomo-select-toha,docomo selectとは?スマホアクセサリー購入とdポイントを解説,shopping,popular_articles
sevennet-shopping-poikatsu,セブンネットショッピングとは?セブン‐イレブン受け取りで送料無料になる通販サイト,shopping,7,4_same_thumb_type,dpoint-tsukaimichi,dポイントのおすすめの使い道!コンビニ・ドラッグストア・ネットで使う方法,shopping,popular_articles
sevennet-shopping-poikatsu,セブンネットショッピングとは?セブン‐イレブン受け取りで送料無料になる通販サイト,shopping,8,4_same_thumb_type,dshopping-toha,dショッピングとは?特徴とポイントの貯め方をわかりやすく解説,shopping,popular_articles
sevennet-shopping-poikatsu,セブンネットショッピングとは?セブン‐イレブン受け取りで送料無料になる通販サイト,shopping,9,4_same_thumb_type,ec-current-poikatsu,ECカレントとは?家電通販の特徴とポイント制度を解説,shopping,popular_articles
sevennet-shopping-poikatsu,セブンネットショッピングとは?セブン‐イレブン受け取りで送料無料になる通販サイト,shopping,10,4_same_thumb_type,hikkoshi-poikatsu,引っ越しでポイ活する方法!見積もり・家具購入・手続きの確認ポイント,shopping,popular_articles
shein-poikatsu-chuuiten,SHEINでポイ活する時の注意点!海外通販で見るべき費用とポイント,shopping,1,4_same_thumb_type,ana-jal-mile-hikaku,ANAマイルとJALマイルはどっち?貯めやすさ・使いやすさを比較,shopping,popular_articles
shein-poikatsu-chuuiten,SHEINでポイ活する時の注意点!海外通販で見るべき費用とポイント,shopping,2,4_same_thumb_type,ana-mile-tameru-kachi,ANAマイルを貯めるべき人・貯めない方がいい人を解説,shopping,popular_articles
shein-poikatsu-chuuiten,SHEINでポイ活する時の注意点!海外通販で見るべき費用とポイント,shopping,3,4_same_thumb_type,ana-mileageplus-hikaku,ANAマイルとMileagePlusはどっち?同じスターアライアンスで何が違う?,shopping,popular_articles
shein-poikatsu-chuuiten,SHEINでポイ活する時の注意点!海外通販で見るべき費用とポイント,shopping,4,4_same_thumb_type,au-uq-ponta,au・UQユーザーはPontaポイントにまとめるべき?相性の良いサービスを解説,shopping,popular_articles
shein-poikatsu-chuuiten,SHEINでポイ活する時の注意点!海外通販で見るべき費用とポイント,shopping,5,4_same_thumb_type,carshare-point-katsuyou,カーシェアでポイ活する方法とは?短時間利用の節約ポイントを解説,shopping,popular_articles
shein-poikatsu-chuuiten,SHEINでポイ活する時の注意点!海外通販で見るべき費用とポイント,shopping,6,4_same_thumb_type,cleaning-poikatsu,クリーニング代でポイントを貯める方法!宅配と店舗を比較するコツ,shopping,popular_articles
shein-poikatsu-chuuiten,SHEINでポイ活する時の注意点!海外通販で見るべき費用とポイント,shopping,7,4_same_thumb_type,code-kessai-4sha-hikaku,コード決済4社を徹底比較|PayPay・d払い・楽天ペイ・au PAY,shopping,popular_articles
shein-poikatsu-chuuiten,SHEINでポイ活する時の注意点!海外通販で見るべき費用とポイント,shopping,8,4_same_thumb_type,d-point-supermarket,dポイントが貯まるスーパー一覧|使える店舗・地域スーパーも比較,shopping,popular_articles
shein-poikatsu-chuuiten,SHEINでポイ活する時の注意点!海外通販で見るべき費用とポイント,shopping,9,4_same_thumb_type,denryoku-norikae-point,電力会社乗り換えでポイントを貯める方法!料金比較と特典の見方,shopping,popular_articles
shein-poikatsu-chuuiten,SHEINでポイ活する時の注意点!海外通販で見るべき費用とポイント,shopping,10,4_same_thumb_type,docomo-ahamo-dpoint,ドコモ・ahamoユーザーはdポイントにまとめるべき?相性の良いサービスを解説,shopping,popular_articles
shinseikatsu-poikatsu-checklist,新生活のポイ活チェックリスト!家具・家電・日用品をお得にそろえる方法,shopping,1,4_same_thumb_type,abc-mart-poikatsu,ABC-MARTでポイ活する方法!靴購入時のアプリ・決済チェック,shopping,popular_articles
shinseikatsu-poikatsu-checklist,新生活のポイ活チェックリスト!家具・家電・日用品をお得にそろえる方法,shopping,2,4_same_thumb_type,bousai-goods-poikatsu,防災グッズ購入でポイ活する方法!備蓄を無駄なくそろえるコツ,shopping,popular_articles
shinseikatsu-poikatsu-checklist,新生活のポイ活チェックリスト!家具・家電・日用品をお得にそろえる方法,shopping,3,4_same_thumb_type,cashless-setsuyaku,キャッシュレス決済で節約する方法!現金派から始めるポイ活入門,shopping,popular_articles
shinseikatsu-poikatsu-checklist,新生活のポイ活チェックリスト!家具・家電・日用品をお得にそろえる方法,shopping,4,4_same_thumb_type,dpoint-kiso,dポイントの貯め方を初心者向けに解説!ドコモ以外の人でも使える?,shopping,popular_articles
shinseikatsu-poikatsu-checklist,新生活のポイ活チェックリスト!家具・家電・日用品をお得にそろえる方法,shopping,5,4_same_thumb_type,hasuu-shiharai-point,端数支払いでポイントを使う方法!少額ポイントを無駄にしないコツ,shopping,popular_articles
shinseikatsu-poikatsu-checklist,新生活のポイ活チェックリスト!家具・家電・日用品をお得にそろえる方法,shopping,6,4_same_thumb_type,hyakkaten-depart-poikatsu,百貨店のポイントを比較!高島屋・三越伊勢丹・大丸松坂屋など,shopping,popular_articles
shinseikatsu-poikatsu-checklist,新生活のポイ活チェックリスト!家具・家電・日用品をお得にそろえる方法,shopping,7,4_same_thumb_type,kikangentei-point-tsukaimichi,期間限定ポイントのおすすめ使い道|失効前にすぐ使える交換先ガイド,shopping,popular_articles
shinseikatsu-poikatsu-checklist,新生活のポイ活チェックリスト!家具・家電・日用品をお得にそろえる方法,shopping,8,4_same_thumb_type,nanaco-point-kiso,nanacoポイントの貯め方と使い方!セブン系で活用する基本,shopping,popular_articles
shinseikatsu-poikatsu-checklist,新生活のポイ活チェックリスト!家具・家電・日用品をお得にそろえる方法,shopping,9,4_same_thumb_type,net-shopping-point-kiso,ネットショッピングでポイントを貯める方法!楽天・Yahoo・Amazonの基本,shopping,popular_articles
shinseikatsu-poikatsu-checklist,新生活のポイ活チェックリスト!家具・家電・日用品をお得にそろえる方法,shopping,10,4_same_thumb_type,nyuugaku-shingaku-junbi-point,入学・進学準備でポイントを貯める方法!学用品購入の節約術,shopping,popular_articles
shippai-shinai-hajimekata,ポイ活で失敗しない始め方!初心者がやりがちな勘違いを解説,pointsite,1,5_category_hub,yosekatsu,ポイ活の新常識!ポイントを分散せず効率よく貯める「寄せ活」の始め方,pointsite,popular_articles
shippai-shinai-hajimekata,ポイ活で失敗しない始め方!初心者がやりがちな勘違いを解説,pointsite,2,5_category_hub,poikatsu-kiso,ポイ活とは?初心者が最初に知っておきたい仕組みと始め方,pointsite,popular_articles
shippai-shinai-hajimekata,ポイ活で失敗しない始め方!初心者がやりがちな勘違いを解説,pointsite,3,6_same_category,hapitas-poikatsu,ハピタスとは?ポイント還元率・交換方法・登録方法をわかりやすく解説,pointsite,popular_articles
shippai-shinai-hajimekata,ポイ活で失敗しない始め方!初心者がやりがちな勘違いを解説,pointsite,4,6_same_category,keiyu-wasure-boushi,ポイントサイト経由忘れを防ぐ方法!買い物前チェックを習慣化するコツ,pointsite,popular_articles
shippai-shinai-hajimekata,ポイ活で失敗しない始め方!初心者がやりがちな勘違いを解説,pointsite,5,6_same_category,moppy-hajimekata,モッピーでポイ活を始める方法!高還元案件を見る前の確認ポイント,pointsite,popular_articles
shippai-shinai-hajimekata,ポイ活で失敗しない始め方!初心者がやりがちな勘違いを解説,pointsite,6,6_same_category,pointsite-kyakka-genin,ポイントサイトで却下される原因は?承認条件の読み方を初心者向けに解説,pointsite,popular_articles
shippai-shinai-hajimekata,ポイ活で失敗しない始め方!初心者がやりがちな勘違いを解説,pointsite,7,6_same_category,chobirich-poikatsu,ちょびリッチとは?評判・特徴からポイントの貯め方まで徹底解説,pointsite,popular_articles
shippai-shinai-hajimekata,ポイ活で失敗しない始め方!初心者がやりがちな勘違いを解説,pointsite,8,6_same_category,ecnavi-poikatsu,ECナビとは?多彩な方法でポイントが貯まるポイントサイトの特徴を解説,pointsite,popular_articles
shippai-shinai-hajimekata,ポイ活で失敗しない始め方!初心者がやりがちな勘違いを解説,pointsite,9,6_same_category,koteihi-sukunai-poikatsu,固定費が少ない人のポイ活術!少額支出でも効率よく貯める方法,pointsite,popular_articles
shippai-shinai-hajimekata,ポイ活で失敗しない始め方!初心者がやりがちな勘違いを解説,pointsite,10,6_same_category,nifty-point-club-poikatsu,ニフティポイントクラブの活用術!ネット利用者向けのポイ活基本,pointsite,popular_articles
shiryouseikyuu-anken-poikatsu,資料請求案件でポイ活する方法!申し込み前に確認したい注意点,pointsite,1,2_inbound_link,hoken-soudan-anken-poikatsu,保険相談案件のポイ活とは?面談前に知っておきたいメリットと注意点,pointsite,popular_articles
shiryouseikyuu-anken-poikatsu,資料請求案件でポイ活する方法!申し込み前に確認したい注意点,pointsite,2,4_same_thumb_type,chihou-zaijuu-poikatsu,地方在住者のポイ活術!使える店舗が少ない時のポイント活用法,pointsite,popular_articles
shiryouseikyuu-anken-poikatsu,資料請求案件でポイ活する方法!申し込み前に確認したい注意点,pointsite,3,4_same_thumb_type,kaigai-zaijuu-point-kanri,海外在住者が日本のポイントを管理する方法!帰国時に使う前提の考え方,pointsite,popular_articles
shiryouseikyuu-anken-poikatsu,資料請求案件でポイ活する方法!申し込み前に確認したい注意点,pointsite,4,4_same_thumb_type,kazoku-account-poikatsu-chuui,家族アカウントでポイ活する時の注意点!規約確認とトラブル防止,pointsite,popular_articles
shiryouseikyuu-anken-poikatsu,資料請求案件でポイ活する方法!申し込み前に確認したい注意点,pointsite,5,4_same_thumb_type,keiyu-wasure-boushi,ポイントサイト経由忘れを防ぐ方法!買い物前チェックを習慣化するコツ,pointsite,popular_articles
shiryouseikyuu-anken-poikatsu,資料請求案件でポイ活する方法!申し込み前に確認したい注意点,pointsite,6,4_same_thumb_type,poikatsu-demerit,ポイ活のデメリットとは?時間・個人情報・無駄買いのリスクを解説,pointsite,popular_articles
shiryouseikyuu-anken-poikatsu,資料請求案件でポイ活する方法!申し込み前に確認したい注意点,pointsite,7,4_same_thumb_type,poikatsu-kojinjouhou-mamoru,ポイ活で個人情報を守る方法!登録前に確認したい安全チェック,pointsite,popular_articles
shiryouseikyuu-anken-poikatsu,資料請求案件でポイ活する方法!申し込み前に確認したい注意点,pointsite,8,4_same_thumb_type,poikatsu-kuchikomi-shinyou,ポイ活の口コミは信用できる?体験談を見る時のチェックポイント,pointsite,popular_articles
shiryouseikyuu-anken-poikatsu,資料請求案件でポイ活する方法!申し込み前に確認したい注意点,pointsite,9,4_same_thumb_type,poikatsu-muki-fumuki,ポイ活で節約できる人・できない人の違い!向き不向きを解説,pointsite,popular_articles
shiryouseikyuu-anken-poikatsu,資料請求案件でポイ活する方法!申し込み前に確認したい注意点,pointsite,10,4_same_thumb_type,poikatsu-yattehaikenai-koto,ポイ活でやってはいけないこと!規約違反・不正利用・危険な案件に注意,pointsite,popular_articles
shouken-kouza-anken-poikatsu,証券口座開設案件でポイ活する方法!投資前提で注意したい基本,kouza,1,1_own_outbound_link,matsui-shouken-ideco-poikatsu,松井証券のiDeCoとは?手数料0円・低コスト商品の特徴を解説,kouza,popular_articles
shouken-kouza-anken-poikatsu,証券口座開設案件でポイ活する方法!投資前提で注意したい基本,kouza,2,1_own_outbound_link,dmm-kabu-poikatsu,DMM株とは?少額投資・低手数料が魅力の株式投資アプリを解説,kouza,popular_articles
shouken-kouza-anken-poikatsu,証券口座開設案件でポイ活する方法!投資前提で注意したい基本,kouza,3,4_same_thumb_type,fx-kouza-anken-poikatsu,FX口座案件のポイ活は注意が必要?高還元に飛びつく前の確認点,kouza,popular_articles
shouken-kouza-anken-poikatsu,証券口座開設案件でポイ活する方法!投資前提で注意したい基本,kouza,4,5_category_hub,point-tamaru-ginkou-hikaku,ポイントが貯まる銀行を比較!d・楽天・V・Ponta・PayPay系の選び方,kouza,popular_articles
shouken-kouza-anken-poikatsu,証券口座開設案件でポイ活する方法!投資前提で注意したい基本,kouza,5,5_category_hub,docomo-ginkou-dpoint-poikatsu,ドコモの銀行でdポイントを貯める方法|dアカウント連携・還元条件,kouza,popular_articles
shouken-kouza-anken-poikatsu,証券口座開設案件でポイ活する方法!投資前提で注意したい基本,kouza,6,6_same_category,monex-shouken-toha,マネックス証券とは?特徴とポイントの貯め方をわかりやすく解説,kouza,popular_articles
shouken-kouza-anken-poikatsu,証券口座開設案件でポイ活する方法!投資前提で注意したい基本,kouza,7,6_same_category,net-ginkou-poikatsu,ネット銀行を使ったポイ活術!振込・ATM・残高条件の見方,kouza,popular_articles
shouken-kouza-anken-poikatsu,証券口座開設案件でポイ活する方法!投資前提で注意したい基本,kouza,8,6_same_category,paypaysec-shouken-toha,PayPay証券とは?特徴とポイントの貯め方をわかりやすく解説,kouza,popular_articles
shouken-kouza-anken-poikatsu,証券口座開設案件でポイ活する方法!投資前提で注意したい基本,kouza,9,6_same_category,rakuten-ginkou-happy-program,楽天銀行ハッピープログラムの基本!銀行取引で楽天ポイントを貯める方法,kouza,popular_articles
shouken-kouza-anken-poikatsu,証券口座開設案件でポイ活する方法!投資前提で注意したい基本,kouza,10,6_same_category,rakuten-shouken-toha,楽天証券とは?特徴とポイントの貯め方をわかりやすく解説,kouza,popular_articles
shufu-shufu-poikatsu,主婦・主夫におすすめのポイ活!日用品とスーパーで無理なく節約,pointsite,1,4_same_thumb_type,cashless-fuan-poikatsu,キャッシュレスが不安な人向けポイ活!現金感覚で使うための管理方法,pointsite,popular_articles
shufu-shufu-poikatsu,主婦・主夫におすすめのポイ活!日用品とスーパーで無理なく節約,pointsite,2,4_same_thumb_type,gakusei-poikatsu,学生でもできるポイ活!お金をかけずに始める安全な方法,pointsite,popular_articles
shufu-shufu-poikatsu,主婦・主夫におすすめのポイ活!日用品とスーパーで無理なく節約,pointsite,3,4_same_thumb_type,hapitas-tsukaikata,ハピタスの使い方を初心者向けに解説!案件選びとポイント交換の基本,pointsite,popular_articles
shufu-shufu-poikatsu,主婦・主夫におすすめのポイ活!日用品とスーパーで無理なく節約,pointsite,4,4_same_thumb_type,kaimono-nigate-poikatsu,買い物が苦手な人のポイ活術!比較しすぎずに得するシンプル運用,pointsite,popular_articles
shufu-shufu-poikatsu,主婦・主夫におすすめのポイ活!日用品とスーパーで無理なく節約,pointsite,5,4_same_thumb_type,kosodate-setai-poikatsu,子育て世帯のポイ活術!おむつ・ミルク・学用品をお得に買う方法,pointsite,popular_articles
shufu-shufu-poikatsu,主婦・主夫におすすめのポイ活!日用品とスーパーで無理なく節約,pointsite,6,4_same_thumb_type,koteihi-sukunai-poikatsu,固定費が少ない人のポイ活術!少額支出でも効率よく貯める方法,pointsite,popular_articles
shufu-shufu-poikatsu,主婦・主夫におすすめのポイ活!日用品とスーパーで無理なく節約,pointsite,7,4_same_thumb_type,kurumanashi-seikatsu-poikatsu,車なし生活のポイ活術!交通・ネット通販・日用品で節約する方法,pointsite,popular_articles
shufu-shufu-poikatsu,主婦・主夫におすすめのポイ活!日用品とスーパーで無理なく節約,pointsite,8,4_same_thumb_type,minimalist-poikatsu,ミニマリスト向けポイ活!買わない生活でもポイントを活かす方法,pointsite,popular_articles
shufu-shufu-poikatsu,主婦・主夫におすすめのポイ活!日用品とスーパーで無理なく節約,pointsite,9,4_same_thumb_type,poikatsu-mail-tsuuchi-seiri,ポイ活メール通知の整理術!必要なキャンペーンだけ見逃さない方法,pointsite,popular_articles
shufu-shufu-poikatsu,主婦・主夫におすすめのポイ活!日用品とスーパーで無理なく節約,pointsite,10,4_same_thumb_type,poikatsu-senyou-mail-hitsuyou,ポイ活専用メールアドレスは必要?登録管理をラクにする考え方,pointsite,popular_articles
shukuhaku-yoyaku-point,宿泊予約サイトでポイントを取りこぼさない方法!予約前の比較ポイント,shopping,1,1_own_outbound_link,yahoo-travel-tsukaikata,Yahoo!トラベルでポイントを活用する方法!宿泊予約前の確認ポイント,campaign,popular_articles
shukuhaku-yoyaku-point,宿泊予約サイトでポイントを取りこぼさない方法!予約前の比較ポイント,shopping,2,1_own_outbound_link,jalan-tsukaikata,じゃらんでポイ活する方法!宿泊・遊び体験予約でポイントを貯めるコツ,campaign,popular_articles
shukuhaku-yoyaku-point,宿泊予約サイトでポイントを取りこぼさない方法!予約前の比較ポイント,shopping,3,1_own_outbound_link,airtrip-tsukaikata,エアトリで旅行予約ポイ活!航空券購入前に見るべき費用とポイント,campaign,popular_articles
shukuhaku-yoyaku-point,宿泊予約サイトでポイントを取りこぼさない方法!予約前の比較ポイント,shopping,4,1_own_outbound_link,rakuten-travel-supersale-poikatsu,楽天トラベルスーパーセールで失敗しないポイ活!予約前チェックリスト,campaign,popular_articles
shukuhaku-yoyaku-point,宿泊予約サイトでポイントを取りこぼさない方法!予約前の比較ポイント,shopping,5,4_same_thumb_type,ana-jal-mile-hikaku,ANAマイルとJALマイルはどっち?貯めやすさ・使いやすさを比較,shopping,popular_articles
shukuhaku-yoyaku-point,宿泊予約サイトでポイントを取りこぼさない方法!予約前の比較ポイント,shopping,6,4_same_thumb_type,ana-mile-tameru-kachi,ANAマイルを貯めるべき人・貯めない方がいい人を解説,shopping,popular_articles
shukuhaku-yoyaku-point,宿泊予約サイトでポイントを取りこぼさない方法!予約前の比較ポイント,shopping,7,4_same_thumb_type,ana-mileageplus-hikaku,ANAマイルとMileagePlusはどっち?同じスターアライアンスで何が違う?,shopping,popular_articles
shukuhaku-yoyaku-point,宿泊予約サイトでポイントを取りこぼさない方法!予約前の比較ポイント,shopping,8,4_same_thumb_type,au-uq-ponta,au・UQユーザーはPontaポイントにまとめるべき?相性の良いサービスを解説,shopping,popular_articles
shukuhaku-yoyaku-point,宿泊予約サイトでポイントを取りこぼさない方法!予約前の比較ポイント,shopping,9,4_same_thumb_type,carshare-point-katsuyou,カーシェアでポイ活する方法とは?短時間利用の節約ポイントを解説,shopping,popular_articles
shukuhaku-yoyaku-point,宿泊予約サイトでポイントを取りこぼさない方法!予約前の比較ポイント,shopping,10,4_same_thumb_type,cleaning-poikatsu,クリーニング代でポイントを貯める方法!宅配と店舗を比較するコツ,shopping,popular_articles
softbank-hikari-poikatsu,SoftBank 光とは?フレッツ光より安い高速光回線とキャッシュバックを解説,seikatsu,1,4_same_thumb_type,ahamo-hikari-poikatsu,ahamo光とは?料金・dポイント特典・工事費無料の条件を解説,seikatsu,popular_articles
softbank-hikari-poikatsu,SoftBank 光とは?フレッツ光より安い高速光回線とキャッシュバックを解説,seikatsu,2,4_same_thumb_type,ana-hikari-poikatsu,ANAマイルが貯まる光回線が登場!「ANA光 powered by SoftBank」を徹底解説,seikatsu,popular_articles
softbank-hikari-poikatsu,SoftBank 光とは?フレッツ光より安い高速光回線とキャッシュバックを解説,seikatsu,3,4_same_thumb_type,auhikari-poikatsu,auひかりとは?NEXT経由の申込みでキャッシュバックが早いって本当?,seikatsu,popular_articles
softbank-hikari-poikatsu,SoftBank 光とは?フレッツ光より安い高速光回線とキャッシュバックを解説,seikatsu,4,4_same_thumb_type,biglobe-hikari-poikatsu,BIGLOBE光とは?フレッツ光の設備を使った高速・格安光回線を解説,seikatsu,popular_articles
softbank-hikari-poikatsu,SoftBank 光とは?フレッツ光より安い高速光回線とキャッシュバックを解説,seikatsu,5,4_same_thumb_type,docomo-denki-poikatsu,ドコモでんきとは?電気代でdポイントが貯まる仕組みを解説,seikatsu,popular_articles
softbank-hikari-poikatsu,SoftBank 光とは?フレッツ光より安い高速光回線とキャッシュバックを解説,seikatsu,6,4_same_thumb_type,nifty-docomo-hikari-poikatsu,@nifty with ドコモ光とは?キャッシュバックと料金・特典を解説,seikatsu,popular_articles
softbank-hikari-poikatsu,SoftBank 光とは?フレッツ光より安い高速光回線とキャッシュバックを解説,seikatsu,7,4_same_thumb_type,rakuten-hikari-poikatsu,楽天ひかりとは?楽天モバイルとセットで楽天市場ポイントが7倍になる光回線,seikatsu,popular_articles
softbank-hikari-poikatsu,SoftBank 光とは?フレッツ光より安い高速光回線とキャッシュバックを解説,seikatsu,8,4_same_thumb_type,rakuten-mobile-poikatsu,楽天モバイルとは?データ使い放題と楽天ポイント最大+4倍を解説,seikatsu,popular_articles
softbank-hikari-poikatsu,SoftBank 光とは?フレッツ光より安い高速光回線とキャッシュバックを解説,seikatsu,9,5_category_hub,aupay-furusato-poikatsu,au PAYふるさと納税のPontaポイントは貯まる?2025年10月の変更を解説,seikatsu,popular_articles
softbank-hikari-poikatsu,SoftBank 光とは?フレッツ光より安い高速光回線とキャッシュバックを解説,seikatsu,10,6_same_category,d-value-pass-poikatsu,dバリューパスとは?初月無料で壁紙・待受が使い放題のサブスク,seikatsu,popular_articles
softbank-ymobile-paypay-point,SoftBank・Y!mobileならPayPayポイント?相性の良いサービスを比較,shopping,1,1_own_outbound_link,paypay-point-tsukaikata,PayPayポイントの使い方とは?店舗・連携・交換まで完全ガイド,,popular_articles
softbank-ymobile-paypay-point,SoftBank・Y!mobileならPayPayポイント?相性の良いサービスを比較,shopping,2,1_own_outbound_link,yahoo-shopping-toha,Yahoo!ショッピングとは?特徴とポイントの貯め方をわかりやすく解説,shopping,popular_articles
softbank-ymobile-paypay-point,SoftBank・Y!mobileならPayPayポイント?相性の良いサービスを比較,shopping,3,1_own_outbound_link,paypay-campaign-katsuyo,PayPayでポイントを効率よく貯める方法!キャンペーン活用の基本,campaign,popular_articles
softbank-ymobile-paypay-point,SoftBank・Y!mobileならPayPayポイント?相性の良いサービスを比較,shopping,4,1_own_outbound_link,rakuten-mobile-rakuten-point,楽天モバイルなら楽天ポイントにまとめるべき?楽天経済圏との相性を解説,shopping,popular_articles
softbank-ymobile-paypay-point,SoftBank・Y!mobileならPayPayポイント?相性の良いサービスを比較,shopping,5,1_own_outbound_link,rakuten-paypay-hikaku,楽天ポイントとPayPayポイントはどっち?通販・決済・カードで比較,shopping,popular_articles
softbank-ymobile-paypay-point,SoftBank・Y!mobileならPayPayポイント?相性の良いサービスを比較,shopping,6,1_own_outbound_link,yosekatsu,ポイ活の新常識!ポイントを分散せず効率よく貯める「寄せ活」の始め方,pointsite,popular_articles
softbank-ymobile-paypay-point,SoftBank・Y!mobileならPayPayポイント?相性の良いサービスを比較,shopping,7,1_own_outbound_link,paypay-point-kiso,PayPayポイントとは?貯め方・使い方・注意点を初心者向けに解説,shopping,popular_articles
softbank-ymobile-paypay-point,SoftBank・Y!mobileならPayPayポイント?相性の良いサービスを比較,shopping,8,3_tag_match,ana-jal-mile-hikaku,ANAマイルとJALマイルはどっち?貯めやすさ・使いやすさを比較,shopping,popular_articles
softbank-ymobile-paypay-point,SoftBank・Y!mobileならPayPayポイント?相性の良いサービスを比較,shopping,9,3_tag_match,ana-mileageplus-hikaku,ANAマイルとMileagePlusはどっち?同じスターアライアンスで何が違う?,shopping,popular_articles
softbank-ymobile-paypay-point,SoftBank・Y!mobileならPayPayポイント?相性の良いサービスを比較,shopping,10,3_tag_match,au-uq-ponta,au・UQユーザーはPontaポイントにまとめるべき?相性の良いサービスを解説,shopping,popular_articles
souryou-son-poikatsu,送料で損しないポイ活術!送料無料ラインとまとめ買いの考え方,shopping,1,2_inbound_link,jisshitsu-kakaku-keisan,実質価格とは?計算方法・ポイント還元と値引きの違いを具体例で解説,shopping,popular_articles
souryou-son-poikatsu,送料で損しないポイ活術!送料無料ラインとまとめ買いの考え方,shopping,2,4_same_thumb_type,amazon-gift-charge,Amazonギフト券チャージで損しない考え方!支払い方法と使い切りのコツ,shopping,popular_articles
souryou-son-poikatsu,送料で損しないポイ活術!送料無料ラインとまとめ買いの考え方,shopping,3,4_same_thumb_type,amazon-poikatsu,Amazonでポイ活はできる?ポイントを貯める方法と注意点を解説,shopping,popular_articles
souryou-son-poikatsu,送料で損しないポイ活術!送料無料ラインとまとめ買いの考え方,shopping,4,4_same_thumb_type,chuushajou-yoyaku-poikatsu,駐車場予約サービスでポイ活する方法!イベント前に確認したい条件,shopping,popular_articles
souryou-son-poikatsu,送料で損しないポイ活術!送料無料ラインとまとめ買いの考え方,shopping,5,4_same_thumb_type,dpoint-hanei-sarenai,dポイントが反映されない原因は?dポイントマーケットの確認方法も解説,shopping,popular_articles
souryou-son-poikatsu,送料で損しないポイ活術!送料無料ラインとまとめ買いの考え方,shopping,6,4_same_thumb_type,furusato-nozei-poikatsu,ふるさと納税でポイ活はできる?ポイント還元と注意点をわかりやすく解説,shopping,popular_articles
souryou-son-poikatsu,送料で損しないポイ活術!送料無料ラインとまとめ買いの考え方,shopping,7,4_same_thumb_type,game-kakin-point,ゲーム課金でポイントを貯める方法!Apple・Google残高利用時の注意,shopping,popular_articles
souryou-son-poikatsu,送料で損しないポイ活術!送料無料ラインとまとめ買いの考え方,shopping,8,4_same_thumb_type,halloween-yohin-poikatsu,ハロウィン用品でポイ活する方法!衣装・お菓子を買いすぎないコツ,shopping,popular_articles
souryou-son-poikatsu,送料で損しないポイ活術!送料無料ラインとまとめ買いの考え方,shopping,9,4_same_thumb_type,hikkoshi-seikatsuyohin-poikatsu,引越し後の生活用品で使えるポイ活術!支出が増える前に確認したい節約ポイント,shopping,popular_articles
souryou-son-poikatsu,送料で損しないポイ活術!送料無料ラインとまとめ買いの考え方,shopping,10,4_same_thumb_type,iryouhi-shohouyaku-point,医療費・処方薬でポイントは貯まる?支払い前に確認したい注意点,shopping,popular_articles
starbucks-poikatsu,スタバのポイント「Star」はどう貯まる?貯め方・交換先・有効期限を解説,shopping,1,1_own_outbound_link,dpoint-tsukaimichi,dポイントのおすすめの使い道!コンビニ・ドラッグストア・ネットで使う方法,shopping,popular_articles
starbucks-poikatsu,スタバのポイント「Star」はどう貯まる?貯め方・交換先・有効期限を解説,shopping,2,1_own_outbound_link,rakuten-point-tamekata,楽天ポイントの貯め方とは?もらう方法・使い方を解説,,popular_articles
starbucks-poikatsu,スタバのポイント「Star」はどう貯まる?貯め方・交換先・有効期限を解説,shopping,3,1_own_outbound_link,hasuu-shiharai-point,端数支払いでポイントを使う方法!少額ポイントを無駄にしないコツ,shopping,popular_articles
starbucks-poikatsu,スタバのポイント「Star」はどう貯まる?貯め方・交換先・有効期限を解説,shopping,4,1_own_outbound_link,paypay-point-kiso,PayPayポイントとは?貯め方・使い方・注意点を初心者向けに解説,shopping,popular_articles
starbucks-poikatsu,スタバのポイント「Star」はどう貯まる?貯め方・交換先・有効期限を解説,shopping,5,4_same_thumb_type,aupay-market-poikatsu,au PAYマーケットでポイントを活用する方法!買い物前の確認ポイント,shopping,popular_articles
starbucks-poikatsu,スタバのポイント「Star」はどう貯まる?貯め方・交換先・有効期限を解説,shopping,6,4_same_thumb_type,aupay-ponta,au PAYでPontaポイントを貯める方法!スマホ決済との組み合わせを解説,shopping,popular_articles
starbucks-poikatsu,スタバのポイント「Star」はどう貯まる?貯め方・交換先・有効期限を解説,shopping,7,4_same_thumb_type,biyouin-salon-point,美容院・サロン代をポイントで節約!予約前に見るべき条件と使い方,shopping,popular_articles
starbucks-poikatsu,スタバのポイント「Star」はどう貯まる?貯め方・交換先・有効期限を解説,shopping,8,4_same_thumb_type,coke-on-setsuyaku,Coke ONで飲み物代を節約する方法!スタンプ・チケット活用の基本,shopping,popular_articles
starbucks-poikatsu,スタバのポイント「Star」はどう貯まる?貯め方・交換先・有効期限を解説,shopping,9,4_same_thumb_type,demaecan-poikatsu,出前館でポイ活する方法!注文前に確認したい割引とポイント,shopping,popular_articles
starbucks-poikatsu,スタバのポイント「Star」はどう貯まる?貯め方・交換先・有効期限を解説,shopping,10,4_same_thumb_type,doutor-tullys-poikatsu,ドトール・タリーズでポイ活する方法!カフェ利用時の支払い術,shopping,popular_articles
subscription-point-tameru,サブスク料金でポイントを貯める方法!動画・音楽・クラウドサービスの支払い術,shopping,1,1_own_outbound_link,rakuten-music-poikatsu,楽天ミュージックとは?広告なしで約1億曲聴き放題の音楽アプリを解説,seikatsu,popular_articles
subscription-point-tameru,サブスク料金でポイントを貯める方法!動画・音楽・クラウドサービスの支払い術,shopping,2,4_same_thumb_type,aupay-market-poikatsu,au PAYマーケットでポイントを活用する方法!買い物前の確認ポイント,shopping,popular_articles
subscription-point-tameru,サブスク料金でポイントを貯める方法!動画・音楽・クラウドサービスの支払い術,shopping,3,4_same_thumb_type,aupay-ponta,au PAYでPontaポイントを貯める方法!スマホ決済との組み合わせを解説,shopping,popular_articles
subscription-point-tameru,サブスク料金でポイントを貯める方法!動画・音楽・クラウドサービスの支払い術,shopping,4,4_same_thumb_type,biyouin-salon-point,美容院・サロン代をポイントで節約!予約前に見るべき条件と使い方,shopping,popular_articles
subscription-point-tameru,サブスク料金でポイントを貯める方法!動画・音楽・クラウドサービスの支払い術,shopping,5,4_same_thumb_type,coke-on-setsuyaku,Coke ONで飲み物代を節約する方法!スタンプ・チケット活用の基本,shopping,popular_articles
subscription-point-tameru,サブスク料金でポイントを貯める方法!動画・音楽・クラウドサービスの支払い術,shopping,6,4_same_thumb_type,demaecan-poikatsu,出前館でポイ活する方法!注文前に確認したい割引とポイント,shopping,popular_articles
subscription-point-tameru,サブスク料金でポイントを貯める方法!動画・音楽・クラウドサービスの支払い術,shopping,7,4_same_thumb_type,doutor-tullys-poikatsu,ドトール・タリーズでポイ活する方法!カフェ利用時の支払い術,shopping,popular_articles
subscription-point-tameru,サブスク料金でポイントを貯める方法!動画・音楽・クラウドサービスの支払い術,shopping,8,4_same_thumb_type,dpoint-d-harai,d払いでdポイントを貯める方法!日常決済で活用するコツ,shopping,popular_articles
subscription-point-tameru,サブスク料金でポイントを貯める方法!動画・音楽・クラウドサービスの支払い術,shopping,9,4_same_thumb_type,drugstore-poikatsu,ドラッグストアでポイ活する方法!日用品・薬・コスメでポイントを貯める,shopping,popular_articles
subscription-point-tameru,サブスク料金でポイントを貯める方法!動画・音楽・クラウドサービスの支払い術,shopping,10,4_same_thumb_type,famiresu-cafe-point,ファミレス・カフェでポイントを貯める方法!外食前のアプリ確認術,shopping,popular_articles
subscription-trial-poikatsu,サブスク無料トライアル案件のポイ活!解約忘れを防ぐ管理方法,pointsite,1,4_same_thumb_type,chihou-zaijuu-poikatsu,地方在住者のポイ活術!使える店舗が少ない時のポイント活用法,pointsite,popular_articles
subscription-trial-poikatsu,サブスク無料トライアル案件のポイ活!解約忘れを防ぐ管理方法,pointsite,2,4_same_thumb_type,hoken-soudan-anken-poikatsu,保険相談案件のポイ活とは?面談前に知っておきたいメリットと注意点,pointsite,popular_articles
subscription-trial-poikatsu,サブスク無料トライアル案件のポイ活!解約忘れを防ぐ管理方法,pointsite,3,4_same_thumb_type,kaigai-zaijuu-point-kanri,海外在住者が日本のポイントを管理する方法!帰国時に使う前提の考え方,pointsite,popular_articles
subscription-trial-poikatsu,サブスク無料トライアル案件のポイ活!解約忘れを防ぐ管理方法,pointsite,4,4_same_thumb_type,kazoku-account-poikatsu-chuui,家族アカウントでポイ活する時の注意点!規約確認とトラブル防止,pointsite,popular_articles
subscription-trial-poikatsu,サブスク無料トライアル案件のポイ活!解約忘れを防ぐ管理方法,pointsite,5,4_same_thumb_type,keiyu-wasure-boushi,ポイントサイト経由忘れを防ぐ方法!買い物前チェックを習慣化するコツ,pointsite,popular_articles
subscription-trial-poikatsu,サブスク無料トライアル案件のポイ活!解約忘れを防ぐ管理方法,pointsite,6,4_same_thumb_type,poikatsu-demerit,ポイ活のデメリットとは?時間・個人情報・無駄買いのリスクを解説,pointsite,popular_articles
subscription-trial-poikatsu,サブスク無料トライアル案件のポイ活!解約忘れを防ぐ管理方法,pointsite,7,4_same_thumb_type,poikatsu-kojinjouhou-mamoru,ポイ活で個人情報を守る方法!登録前に確認したい安全チェック,pointsite,popular_articles
subscription-trial-poikatsu,サブスク無料トライアル案件のポイ活!解約忘れを防ぐ管理方法,pointsite,8,4_same_thumb_type,poikatsu-kuchikomi-shinyou,ポイ活の口コミは信用できる?体験談を見る時のチェックポイント,pointsite,popular_articles
subscription-trial-poikatsu,サブスク無料トライアル案件のポイ活!解約忘れを防ぐ管理方法,pointsite,9,4_same_thumb_type,poikatsu-muki-fumuki,ポイ活で節約できる人・できない人の違い!向き不向きを解説,pointsite,popular_articles
subscription-trial-poikatsu,サブスク無料トライアル案件のポイ活!解約忘れを防ぐ管理方法,pointsite,10,4_same_thumb_type,poikatsu-yattehaikenai-koto,ポイ活でやってはいけないこと!規約違反・不正利用・危険な案件に注意,pointsite,popular_articles
sugi-point,スギ薬局のポイント制度!スギポイントの貯め方と使い方,shopping,1,1_own_outbound_link,drugstore-point-hikaku,ドラッグストアのポイントを徹底比較|マツキヨ・ウエルシア・スギ薬局・ツルハなど,shopping,popular_articles
sugi-point,スギ薬局のポイント制度!スギポイントの貯め方と使い方,shopping,2,4_same_thumb_type,abc-mart-poikatsu,ABC-MARTでポイ活する方法!靴購入時のアプリ・決済チェック,shopping,popular_articles
sugi-point,スギ薬局のポイント制度!スギポイントの貯め方と使い方,shopping,3,4_same_thumb_type,bousai-goods-poikatsu,防災グッズ購入でポイ活する方法!備蓄を無駄なくそろえるコツ,shopping,popular_articles
sugi-point,スギ薬局のポイント制度!スギポイントの貯め方と使い方,shopping,4,4_same_thumb_type,cashless-setsuyaku,キャッシュレス決済で節約する方法!現金派から始めるポイ活入門,shopping,popular_articles
sugi-point,スギ薬局のポイント制度!スギポイントの貯め方と使い方,shopping,5,4_same_thumb_type,dpoint-kiso,dポイントの貯め方を初心者向けに解説!ドコモ以外の人でも使える?,shopping,popular_articles
sugi-point,スギ薬局のポイント制度!スギポイントの貯め方と使い方,shopping,6,4_same_thumb_type,hasuu-shiharai-point,端数支払いでポイントを使う方法!少額ポイントを無駄にしないコツ,shopping,popular_articles
sugi-point,スギ薬局のポイント制度!スギポイントの貯め方と使い方,shopping,7,4_same_thumb_type,hyakkaten-depart-poikatsu,百貨店のポイントを比較!高島屋・三越伊勢丹・大丸松坂屋など,shopping,popular_articles
sugi-point,スギ薬局のポイント制度!スギポイントの貯め方と使い方,shopping,8,4_same_thumb_type,kikangentei-point-tsukaimichi,期間限定ポイントのおすすめ使い道|失効前にすぐ使える交換先ガイド,shopping,popular_articles
sugi-point,スギ薬局のポイント制度!スギポイントの貯め方と使い方,shopping,9,4_same_thumb_type,nanaco-point-kiso,nanacoポイントの貯め方と使い方!セブン系で活用する基本,shopping,popular_articles
sugi-point,スギ薬局のポイント制度!スギポイントの貯め方と使い方,shopping,10,4_same_thumb_type,net-shopping-point-kiso,ネットショッピングでポイントを貯める方法!楽天・Yahoo・Amazonの基本,shopping,popular_articles
suica-point-tameru,Suicaでポイントを貯める方法!JRE POINT登録から使い方まで解説,shopping,1,2_inbound_link,apple-pay-poikatsu,Apple Payでポイ活する方法!ポイント還元とiD・QUICPay・タッチ決済の違い,creditcard,popular_articles
suica-point-tameru,Suicaでポイントを貯める方法!JRE POINT登録から使い方まで解説,shopping,2,3_tag_match,jre-point-kiso,JRE POINTの貯め方と使い方!Suica利用者向けポイ活入門,shopping,popular_articles
suica-point-tameru,Suicaでポイントを貯める方法!JRE POINT登録から使い方まで解説,shopping,3,4_same_thumb_type,aupay-market-poikatsu,au PAYマーケットでポイントを活用する方法!買い物前の確認ポイント,shopping,popular_articles
suica-point-tameru,Suicaでポイントを貯める方法!JRE POINT登録から使い方まで解説,shopping,4,4_same_thumb_type,aupay-ponta,au PAYでPontaポイントを貯める方法!スマホ決済との組み合わせを解説,shopping,popular_articles
suica-point-tameru,Suicaでポイントを貯める方法!JRE POINT登録から使い方まで解説,shopping,5,4_same_thumb_type,biyouin-salon-point,美容院・サロン代をポイントで節約!予約前に見るべき条件と使い方,shopping,popular_articles
suica-point-tameru,Suicaでポイントを貯める方法!JRE POINT登録から使い方まで解説,shopping,6,4_same_thumb_type,coke-on-setsuyaku,Coke ONで飲み物代を節約する方法!スタンプ・チケット活用の基本,shopping,popular_articles
suica-point-tameru,Suicaでポイントを貯める方法!JRE POINT登録から使い方まで解説,shopping,7,4_same_thumb_type,demaecan-poikatsu,出前館でポイ活する方法!注文前に確認したい割引とポイント,shopping,popular_articles
suica-point-tameru,Suicaでポイントを貯める方法!JRE POINT登録から使い方まで解説,shopping,8,4_same_thumb_type,doutor-tullys-poikatsu,ドトール・タリーズでポイ活する方法!カフェ利用時の支払い術,shopping,popular_articles
suica-point-tameru,Suicaでポイントを貯める方法!JRE POINT登録から使い方まで解説,shopping,9,4_same_thumb_type,dpoint-d-harai,d払いでdポイントを貯める方法!日常決済で活用するコツ,shopping,popular_articles
suica-point-tameru,Suicaでポイントを貯める方法!JRE POINT登録から使い方まで解説,shopping,10,4_same_thumb_type,drugstore-poikatsu,ドラッグストアでポイ活する方法!日用品・薬・コスメでポイントを貯める,shopping,popular_articles
sukairaku-group-poikatsu,すかいらーくグループでポイ活する方法!外食前のアプリ確認術,shopping,1,4_same_thumb_type,gyudon-chain-poikatsu,牛丼チェーンでポイ活する方法!吉野家・すき家・松屋利用時の基本,shopping,popular_articles
sukairaku-group-poikatsu,すかいらーくグループでポイ活する方法!外食前のアプリ確認術,shopping,2,4_same_thumb_type,keitai-ryokin-setsuyaku,携帯料金をポイ活で節約する方法!ポイント払いとキャンペーンの活用,shopping,popular_articles
sukairaku-group-poikatsu,すかいらーくグループでポイ活する方法!外食前のアプリ確認術,shopping,3,4_same_thumb_type,mcdonalds-poikatsu,マクドナルドでお得に買うポイ活術!アプリ・クーポン・支払いの基本,shopping,popular_articles
sukairaku-group-poikatsu,すかいらーくグループでポイ活する方法!外食前のアプリ確認術,shopping,4,5_category_hub,drugstore-point-hikaku,ドラッグストアのポイントを徹底比較|マツキヨ・ウエルシア・スギ薬局・ツルハなど,shopping,popular_articles
sukairaku-group-poikatsu,すかいらーくグループでポイ活する方法!外食前のアプリ確認術,shopping,5,5_category_hub,point-toushi-unyou-service-hikaku,ポイント投資・ポイント運用を主要サービスで比較,shopping,popular_articles
sukairaku-group-poikatsu,すかいらーくグループでポイ活する方法!外食前のアプリ確認術,shopping,6,6_same_category,rakuten-ichiba-toha,楽天市場とは?特徴とポイントの貯め方をわかりやすく解説,shopping,popular_articles
sukairaku-group-poikatsu,すかいらーくグループでポイ活する方法!外食前のアプリ確認術,shopping,7,6_same_category,kikangentei-point-5shu-hikaku,期間限定ポイント5種を比較!失効前に使い切る方法,shopping,popular_articles
sukairaku-group-poikatsu,すかいらーくグループでポイ活する方法!外食前のアプリ確認術,shopping,8,6_same_category,paypay-point-kiso,PayPayポイントとは?貯め方・使い方・注意点を初心者向けに解説,shopping,popular_articles
sukairaku-group-poikatsu,すかいらーくグループでポイ活する方法!外食前のアプリ確認術,shopping,9,6_same_category,point-yuukoukigen-kanri,ポイントの有効期限を管理する方法!失効を防ぐチェック習慣,shopping,popular_articles
sukairaku-group-poikatsu,すかいらーくグループでポイ活する方法!外食前のアプリ確認術,shopping,10,6_same_category,rakuten-mobile-rakuten-point,楽天モバイルなら楽天ポイントにまとめるべき?楽天経済圏との相性を解説,shopping,popular_articles
sumaho-kessai-campaign-mikata,スマホ決済キャンペーンの見方!エントリー・上限・対象店舗を確認しよう,campaign,1,3_tag_match,kakuyasu-sim-norikae-poikatsu,格安SIM乗り換えでポイ活する方法!通信費を下げながら得する流れ,campaign,popular_articles
sumaho-kessai-campaign-mikata,スマホ決済キャンペーンの見方!エントリー・上限・対象店舗を確認しよう,campaign,2,3_tag_match,paypay-campaign-katsuyo,PayPayでポイントを効率よく貯める方法!キャンペーン活用の基本,campaign,popular_articles
sumaho-kessai-campaign-mikata,スマホ決済キャンペーンの見方!エントリー・上限・対象店舗を確認しよう,campaign,3,3_tag_match,paypay-jichitai-campaign-2026,【2026年10月〜】PayPay自治体キャンペーンまとめ!都城市・宮古島市の還元率・上限を解説,campaign,popular_articles
sumaho-kessai-campaign-mikata,スマホ決済キャンペーンの見方!エントリー・上限・対象店舗を確認しよう,campaign,4,3_tag_match,travelist-poikatsu,トラベリストとは?発券方法・ポイント還元・手数料をわかりやすく解説,campaign,popular_articles
sumaho-kessai-campaign-mikata,スマホ決済キャンペーンの見方!エントリー・上限・対象店舗を確認しよう,campaign,5,3_tag_match,yahoo-travel-poikatsu,Yahoo!トラベルとは?PayPayポイントが貯まる・使える宿泊予約サービス,campaign,popular_articles
sumaho-kessai-campaign-mikata,スマホ決済キャンペーンの見方!エントリー・上限・対象店舗を確認しよう,campaign,6,3_tag_match,yahoo-travel-tsukaikata,Yahoo!トラベルでポイントを活用する方法!宿泊予約前の確認ポイント,campaign,popular_articles
sumaho-kessai-campaign-mikata,スマホ決済キャンペーンの見方!エントリー・上限・対象店舗を確認しよう,campaign,7,4_same_thumb_type,bonus-tsuki-poikatsu-keikaku,ボーナス月のポイ活計画!大きな買い物で損しない予算管理,campaign,popular_articles
sumaho-kessai-campaign-mikata,スマホ決済キャンペーンの見方!エントリー・上限・対象店舗を確認しよう,campaign,8,4_same_thumb_type,fukubukuro-hatsuuri-poikatsu,福袋・初売りでポイ活する方法!お得に見えて損しない選び方,campaign,popular_articles
sumaho-kessai-campaign-mikata,スマホ決済キャンペーンの見方!エントリー・上限・対象店舗を確認しよう,campaign,9,4_same_thumb_type,fuyujitaku-poikatsu,冬支度のポイ活術!暖房家電・防寒用品をお得に準備する方法,campaign,popular_articles
sumaho-kessai-campaign-mikata,スマホ決済キャンペーンの見方!エントリー・上限・対象店舗を確認しよう,campaign,10,4_same_thumb_type,ikkyu-poikatsu,一休.comでお得に予約する考え方!高級宿・レストラン利用時のポイント,campaign,popular_articles
sumaho-kessai-creditcard-hikaku,スマホ決済とクレジットカードはどっちがお得?ポイント二重取りの基本,creditcard,1,1_own_outbound_link,point-niju-sanjudori-kumiawase,ポイント二重取り・三重取りの組み合わせ早見表!おすすめルートを解説,shopping,popular_articles
sumaho-kessai-creditcard-hikaku,スマホ決済とクレジットカードはどっちがお得?ポイント二重取りの基本,creditcard,2,4_same_thumb_type,credit-card-common-point-hikaku,共通ポイント別クレジットカード比較|d・楽天・Ponta・Vポイントで選ぶ,creditcard,popular_articles
sumaho-kessai-creditcard-hikaku,スマホ決済とクレジットカードはどっちがお得?ポイント二重取りの基本,creditcard,3,4_same_thumb_type,credit-card-point-hikaku,クレジットカードのポイントを徹底比較|還元率・年会費・使い道で選ぶ,creditcard,popular_articles
sumaho-kessai-creditcard-hikaku,スマホ決済とクレジットカードはどっちがお得?ポイント二重取りの基本,creditcard,4,4_same_thumb_type,creditcard-erabikata,ポイ活向けクレジットカードの選び方!初心者が見るべき5つのポイント,creditcard,popular_articles
sumaho-kessai-creditcard-hikaku,スマホ決済とクレジットカードはどっちがお得?ポイント二重取りの基本,creditcard,5,4_same_thumb_type,creditcard-kangenritsu,クレジットカードのポイント還元率とは?1%と0.5%の違いをわかりやすく解説,creditcard,popular_articles
sumaho-kessai-creditcard-hikaku,スマホ決済とクレジットカードはどっちがお得?ポイント二重取りの基本,creditcard,6,4_same_thumb_type,creditcard-seiri-poikatsu,複数クレジットカードの整理術!ポイ活効率を落とさない見直し方,creditcard,popular_articles
sumaho-kessai-creditcard-hikaku,スマホ決済とクレジットカードはどっちがお得?ポイント二重取りの基本,creditcard,7,4_same_thumb_type,kuukou-lounge-poikatsu,空港ラウンジ特典はポイ活に役立つ?カード特典の見極め方,creditcard,popular_articles
sumaho-kessai-creditcard-hikaku,スマホ決済とクレジットカードはどっちがお得?ポイント二重取りの基本,creditcard,8,5_category_hub,rakuten-card-poikatsu,楽天カードはポイ活に向いている?メリットと注意点を初心者向けに解説,creditcard,popular_articles
sumaho-kessai-creditcard-hikaku,スマホ決済とクレジットカードはどっちがお得?ポイント二重取りの基本,creditcard,9,5_category_hub,dcard-poikatsu,dカードはポイ活におすすめ?dポイントを貯めやすい人の特徴,creditcard,popular_articles
sumaho-kessai-creditcard-hikaku,スマホ決済とクレジットカードはどっちがお得?ポイント二重取りの基本,creditcard,10,6_same_category,mitsui-sumitomo-card-vpoint,三井住友カードでVポイントを貯める方法!対象店舗とタッチ決済の基本,creditcard,popular_articles
sumaho-kessai-poikatsu,スマホ決済でポイ活する方法!PayPay・楽天ペイ・d払いの使い分け,shopping,1,1_own_outbound_link,code-kessai-4sha-hikaku,コード決済4社を徹底比較|PayPay・d払い・楽天ペイ・au PAY,shopping,popular_articles
sumaho-kessai-poikatsu,スマホ決済でポイ活する方法!PayPay・楽天ペイ・d払いの使い分け,shopping,2,2_inbound_link,apple-pay-poikatsu,Apple Payでポイ活する方法!ポイント還元とiD・QUICPay・タッチ決済の違い,creditcard,popular_articles
sumaho-kessai-poikatsu,スマホ決済でポイ活する方法!PayPay・楽天ペイ・d払いの使い分け,shopping,3,3_tag_match,d-point-supermarket,dポイントが貯まるスーパー一覧|使える店舗・地域スーパーも比較,shopping,popular_articles
sumaho-kessai-poikatsu,スマホ決済でポイ活する方法!PayPay・楽天ペイ・d払いの使い分け,shopping,4,3_tag_match,docomo-ahamo-dpoint,ドコモ・ahamoユーザーはdポイントにまとめるべき?相性の良いサービスを解説,shopping,popular_articles
sumaho-kessai-poikatsu,スマホ決済でポイ活する方法!PayPay・楽天ペイ・d払いの使い分け,shopping,5,3_tag_match,docomo-select-toha,docomo selectとは?スマホアクセサリー購入とdポイントを解説,shopping,popular_articles
sumaho-kessai-poikatsu,スマホ決済でポイ活する方法!PayPay・楽天ペイ・d払いの使い分け,shopping,6,3_tag_match,doramori-point,ドラッグストアモリのポイントを解説|ポイントデー・使い方・キャッシュレス時の条件,shopping,popular_articles
sumaho-kessai-poikatsu,スマホ決済でポイ活する方法!PayPay・楽天ペイ・d払いの使い分け,shopping,7,3_tag_match,dpoint-d-harai,d払いでdポイントを貯める方法!日常決済で活用するコツ,shopping,popular_articles
sumaho-kessai-poikatsu,スマホ決済でポイ活する方法!PayPay・楽天ペイ・d払いの使い分け,shopping,8,3_tag_match,dpoint-hanei-sarenai,dポイントが反映されない原因は?dポイントマーケットの確認方法も解説,shopping,popular_articles
sumaho-kessai-poikatsu,スマホ決済でポイ活する方法!PayPay・楽天ペイ・d払いの使い分け,shopping,9,3_tag_match,dpoint-kiso,dポイントの貯め方を初心者向けに解説!ドコモ以外の人でも使える?,shopping,popular_articles
sumaho-kessai-poikatsu,スマホ決済でポイ活する方法!PayPay・楽天ペイ・d払いの使い分け,shopping,10,3_tag_match,dpoint-ponta-hikaku,dポイントとPontaはどっちが得?貯め方・使える店・有効期限を比較,shopping,popular_articles
super-point-tameru,スーパーでポイントを貯める方法!日用品の買い物を節約につなげるコツ,shopping,1,4_same_thumb_type,abc-mart-poikatsu,ABC-MARTでポイ活する方法!靴購入時のアプリ・決済チェック,shopping,popular_articles
super-point-tameru,スーパーでポイントを貯める方法!日用品の買い物を節約につなげるコツ,shopping,2,4_same_thumb_type,bousai-goods-poikatsu,防災グッズ購入でポイ活する方法!備蓄を無駄なくそろえるコツ,shopping,popular_articles
super-point-tameru,スーパーでポイントを貯める方法!日用品の買い物を節約につなげるコツ,shopping,3,4_same_thumb_type,cashless-setsuyaku,キャッシュレス決済で節約する方法!現金派から始めるポイ活入門,shopping,popular_articles
super-point-tameru,スーパーでポイントを貯める方法!日用品の買い物を節約につなげるコツ,shopping,4,4_same_thumb_type,dpoint-kiso,dポイントの貯め方を初心者向けに解説!ドコモ以外の人でも使える?,shopping,popular_articles
super-point-tameru,スーパーでポイントを貯める方法!日用品の買い物を節約につなげるコツ,shopping,5,4_same_thumb_type,hasuu-shiharai-point,端数支払いでポイントを使う方法!少額ポイントを無駄にしないコツ,shopping,popular_articles
super-point-tameru,スーパーでポイントを貯める方法!日用品の買い物を節約につなげるコツ,shopping,6,4_same_thumb_type,hyakkaten-depart-poikatsu,百貨店のポイントを比較!高島屋・三越伊勢丹・大丸松坂屋など,shopping,popular_articles
super-point-tameru,スーパーでポイントを貯める方法!日用品の買い物を節約につなげるコツ,shopping,7,4_same_thumb_type,kikangentei-point-tsukaimichi,期間限定ポイントのおすすめ使い道|失効前にすぐ使える交換先ガイド,shopping,popular_articles
super-point-tameru,スーパーでポイントを貯める方法!日用品の買い物を節約につなげるコツ,shopping,8,4_same_thumb_type,nanaco-point-kiso,nanacoポイントの貯め方と使い方!セブン系で活用する基本,shopping,popular_articles
super-point-tameru,スーパーでポイントを貯める方法!日用品の買い物を節約につなげるコツ,shopping,9,4_same_thumb_type,net-shopping-point-kiso,ネットショッピングでポイントを貯める方法!楽天・Yahoo・Amazonの基本,shopping,popular_articles
super-point-tameru,スーパーでポイントを貯める方法!日用品の買い物を節約につなげるコツ,shopping,10,4_same_thumb_type,nyuugaku-shingaku-junbi-point,入学・進学準備でポイントを貯める方法!学用品購入の節約術,shopping,popular_articles
takashimaya-online-toha,高島屋オンラインストアとは?特徴とポイントの貯め方をわかりやすく解説,shopping,1,2_inbound_link,hyakkaten-depart-poikatsu,百貨店のポイントを比較!高島屋・三越伊勢丹・大丸松坂屋など,shopping,popular_articles
takashimaya-online-toha,高島屋オンラインストアとは?特徴とポイントの貯め方をわかりやすく解説,shopping,2,4_same_thumb_type,amazon-tsuhan-toha,Amazonとは?特徴とポイントの貯め方をわかりやすく解説,shopping,popular_articles
takashimaya-online-toha,高島屋オンラインストアとは?特徴とポイントの貯め方をわかりやすく解説,shopping,3,4_same_thumb_type,aupay-market-toha,au PAY マーケットとは?特徴とポイントの貯め方をわかりやすく解説,shopping,popular_articles
takashimaya-online-toha,高島屋オンラインストアとは?特徴とポイントの貯め方をわかりやすく解説,shopping,4,4_same_thumb_type,biccamera-toha,ビックカメラ.comとは?特徴とポイントの貯め方をわかりやすく解説,shopping,popular_articles
takashimaya-online-toha,高島屋オンラインストアとは?特徴とポイントの貯め方をわかりやすく解説,shopping,5,4_same_thumb_type,charge-route-point,チャージルートでポイントを増やす考え方!複雑にしすぎない決済設計,shopping,popular_articles
takashimaya-online-toha,高島屋オンラインストアとは?特徴とポイントの貯め方をわかりやすく解説,shopping,6,4_same_thumb_type,daimaru-matsuzakaya-toha,大丸松坂屋オンラインストアとは?特徴とポイントの貯め方をわかりやすく解説,shopping,popular_articles
takashimaya-online-toha,高島屋オンラインストアとは?特徴とポイントの貯め方をわかりやすく解説,shopping,7,4_same_thumb_type,docomo-select-toha,docomo selectとは?スマホアクセサリー購入とdポイントを解説,shopping,popular_articles
takashimaya-online-toha,高島屋オンラインストアとは?特徴とポイントの貯め方をわかりやすく解説,shopping,8,4_same_thumb_type,dpoint-tsukaimichi,dポイントのおすすめの使い道!コンビニ・ドラッグストア・ネットで使う方法,shopping,popular_articles
takashimaya-online-toha,高島屋オンラインストアとは?特徴とポイントの貯め方をわかりやすく解説,shopping,9,4_same_thumb_type,dshopping-toha,dショッピングとは?特徴とポイントの貯め方をわかりやすく解説,shopping,popular_articles
takashimaya-online-toha,高島屋オンラインストアとは?特徴とポイントの貯め方をわかりやすく解説,shopping,10,4_same_thumb_type,ec-current-poikatsu,ECカレントとは?家電通販の特徴とポイント制度を解説,shopping,popular_articles
takuhai-delivery-poikatsu,宅配・デリバリーでポイ活する方法!割引とポイントの使い分け,shopping,1,4_same_thumb_type,amazon-gift-charge,Amazonギフト券チャージで損しない考え方!支払い方法と使い切りのコツ,shopping,popular_articles
takuhai-delivery-poikatsu,宅配・デリバリーでポイ活する方法!割引とポイントの使い分け,shopping,2,4_same_thumb_type,amazon-poikatsu,Amazonでポイ活はできる?ポイントを貯める方法と注意点を解説,shopping,popular_articles
takuhai-delivery-poikatsu,宅配・デリバリーでポイ活する方法!割引とポイントの使い分け,shopping,3,4_same_thumb_type,chuushajou-yoyaku-poikatsu,駐車場予約サービスでポイ活する方法!イベント前に確認したい条件,shopping,popular_articles
takuhai-delivery-poikatsu,宅配・デリバリーでポイ活する方法!割引とポイントの使い分け,shopping,4,4_same_thumb_type,dpoint-hanei-sarenai,dポイントが反映されない原因は?dポイントマーケットの確認方法も解説,shopping,popular_articles
takuhai-delivery-poikatsu,宅配・デリバリーでポイ活する方法!割引とポイントの使い分け,shopping,5,4_same_thumb_type,furusato-nozei-poikatsu,ふるさと納税でポイ活はできる?ポイント還元と注意点をわかりやすく解説,shopping,popular_articles
takuhai-delivery-poikatsu,宅配・デリバリーでポイ活する方法!割引とポイントの使い分け,shopping,6,4_same_thumb_type,game-kakin-point,ゲーム課金でポイントを貯める方法!Apple・Google残高利用時の注意,shopping,popular_articles
takuhai-delivery-poikatsu,宅配・デリバリーでポイ活する方法!割引とポイントの使い分け,shopping,7,4_same_thumb_type,halloween-yohin-poikatsu,ハロウィン用品でポイ活する方法!衣装・お菓子を買いすぎないコツ,shopping,popular_articles
takuhai-delivery-poikatsu,宅配・デリバリーでポイ活する方法!割引とポイントの使い分け,shopping,8,4_same_thumb_type,hikkoshi-seikatsuyohin-poikatsu,引越し後の生活用品で使えるポイ活術!支出が増える前に確認したい節約ポイント,shopping,popular_articles
takuhai-delivery-poikatsu,宅配・デリバリーでポイ活する方法!割引とポイントの使い分け,shopping,9,4_same_thumb_type,iryouhi-shohouyaku-point,医療費・処方薬でポイントは貯まる?支払い前に確認したい注意点,shopping,popular_articles
takuhai-delivery-poikatsu,宅配・デリバリーでポイ活する方法!割引とポイントの使い分け,shopping,10,4_same_thumb_type,koukyou-ryokin-poikatsu,電気・ガス・水道でポイントは貯まる?公共料金ポイ活の基本,shopping,popular_articles
tanjoubi-tokuten-poikatsu,誕生日特典を活用したポイ活!会員登録前に確認したい注意点,campaign,1,4_same_thumb_type,bonus-tsuki-poikatsu-keikaku,ボーナス月のポイ活計画!大きな買い物で損しない予算管理,campaign,popular_articles
tanjoubi-tokuten-poikatsu,誕生日特典を活用したポイ活!会員登録前に確認したい注意点,campaign,2,4_same_thumb_type,fukubukuro-hatsuuri-poikatsu,福袋・初売りでポイ活する方法!お得に見えて損しない選び方,campaign,popular_articles
tanjoubi-tokuten-poikatsu,誕生日特典を活用したポイ活!会員登録前に確認したい注意点,campaign,3,4_same_thumb_type,fuyujitaku-poikatsu,冬支度のポイ活術!暖房家電・防寒用品をお得に準備する方法,campaign,popular_articles
tanjoubi-tokuten-poikatsu,誕生日特典を活用したポイ活!会員登録前に確認したい注意点,campaign,4,4_same_thumb_type,ikkyu-poikatsu,一休.comでお得に予約する考え方!高級宿・レストラン利用時のポイント,campaign,popular_articles
tanjoubi-tokuten-poikatsu,誕生日特典を活用したポイ活!会員登録前に確認したい注意点,campaign,5,4_same_thumb_type,jcb-airmacau-campaign-2026,JCB×マカオ航空キャンペーン!日本発マカオ行き航空券が8%OFF【2026年9〜10月】,campaign,popular_articles
tanjoubi-tokuten-poikatsu,誕生日特典を活用したポイ活!会員登録前に確認したい注意点,campaign,6,4_same_thumb_type,kakuyasu-sim-norikae-poikatsu,格安SIM乗り換えでポイ活する方法!通信費を下げながら得する流れ,campaign,popular_articles
tanjoubi-tokuten-poikatsu,誕生日特典を活用したポイ活!会員登録前に確認したい注意点,campaign,7,4_same_thumb_type,kessan-sale-poikatsu,決算セールでポイ活する方法!家電・日用品をお得に買う判断基準,campaign,popular_articles
tanjoubi-tokuten-poikatsu,誕生日特典を活用したポイ活!会員登録前に確認したい注意点,campaign,8,4_same_thumb_type,natsuyasumi-poikatsu-junbi,夏休み前のポイ活準備!旅行・レジャー・日用品を計画的に買う方法,campaign,popular_articles
tanjoubi-tokuten-poikatsu,誕生日特典を活用したポイ活!会員登録前に確認したい注意点,campaign,9,4_same_thumb_type,nenmatsunenshi-poikatsu,年末年始のポイ活術!帰省・おせち・初売りで使える節約ポイント,campaign,popular_articles
tanjoubi-tokuten-poikatsu,誕生日特典を活用したポイ活!会員登録前に確認したい注意点,campaign,10,4_same_thumb_type,paypay-campaign-katsuyo,PayPayでポイントを効率よく貯める方法!キャンペーン活用の基本,campaign,popular_articles
tanshinfunin-poikatsu,単身赴任中のポイ活術!二重生活の支出をポイントで軽くする方法,pointsite,1,4_same_thumb_type,cashless-fuan-poikatsu,キャッシュレスが不安な人向けポイ活!現金感覚で使うための管理方法,pointsite,popular_articles
tanshinfunin-poikatsu,単身赴任中のポイ活術!二重生活の支出をポイントで軽くする方法,pointsite,2,4_same_thumb_type,gakusei-poikatsu,学生でもできるポイ活!お金をかけずに始める安全な方法,pointsite,popular_articles
tanshinfunin-poikatsu,単身赴任中のポイ活術!二重生活の支出をポイントで軽くする方法,pointsite,3,4_same_thumb_type,hapitas-tsukaikata,ハピタスの使い方を初心者向けに解説!案件選びとポイント交換の基本,pointsite,popular_articles
tanshinfunin-poikatsu,単身赴任中のポイ活術!二重生活の支出をポイントで軽くする方法,pointsite,4,4_same_thumb_type,kaimono-nigate-poikatsu,買い物が苦手な人のポイ活術!比較しすぎずに得するシンプル運用,pointsite,popular_articles
tanshinfunin-poikatsu,単身赴任中のポイ活術!二重生活の支出をポイントで軽くする方法,pointsite,5,4_same_thumb_type,kosodate-setai-poikatsu,子育て世帯のポイ活術!おむつ・ミルク・学用品をお得に買う方法,pointsite,popular_articles
tanshinfunin-poikatsu,単身赴任中のポイ活術!二重生活の支出をポイントで軽くする方法,pointsite,6,4_same_thumb_type,koteihi-sukunai-poikatsu,固定費が少ない人のポイ活術!少額支出でも効率よく貯める方法,pointsite,popular_articles
tanshinfunin-poikatsu,単身赴任中のポイ活術!二重生活の支出をポイントで軽くする方法,pointsite,7,4_same_thumb_type,kurumanashi-seikatsu-poikatsu,車なし生活のポイ活術!交通・ネット通販・日用品で節約する方法,pointsite,popular_articles
tanshinfunin-poikatsu,単身赴任中のポイ活術!二重生活の支出をポイントで軽くする方法,pointsite,8,4_same_thumb_type,minimalist-poikatsu,ミニマリスト向けポイ活!買わない生活でもポイントを活かす方法,pointsite,popular_articles
tanshinfunin-poikatsu,単身赴任中のポイ活術!二重生活の支出をポイントで軽くする方法,pointsite,9,4_same_thumb_type,poikatsu-mail-tsuuchi-seiri,ポイ活メール通知の整理術!必要なキャンペーンだけ見逃さない方法,pointsite,popular_articles
tanshinfunin-poikatsu,単身赴任中のポイ活術!二重生活の支出をポイントで軽くする方法,pointsite,10,4_same_thumb_type,poikatsu-senyou-mail-hitsuyou,ポイ活専用メールアドレスは必要?登録管理をラクにする考え方,pointsite,popular_articles
taxi-app-poikatsu,タクシーアプリでポイ活する方法!クーポンと決済ポイントの使い方,app,1,4_same_thumb_type,code-receipt-poikatsu,CODEで商品バーコードを使ったポイ活!レシート登録と案件活用の基本,app,popular_articles
taxi-app-poikatsu,タクシーアプリでポイ活する方法!クーポンと決済ポイントの使い方,app,2,4_same_thumb_type,one-receipt-poikatsu,ONEでレシートポイ活を始める方法!撮影前に確認したいポイント,app,popular_articles
taxi-app-poikatsu,タクシーアプリでポイ活する方法!クーポンと決済ポイントの使い方,app,3,4_same_thumb_type,reshichare-poikatsu,レシチャレ(旧クラシルリワード)で貯めるポイ活とは?レシート・移動・広告の使い方,app,popular_articles
taxi-app-poikatsu,タクシーアプリでポイ活する方法!クーポンと決済ポイントの使い方,app,4,4_same_thumb_type,tiktok-lite-poikatsu,TikTok Liteのポイ活はどう使う?登録前に確認したい条件と注意点,app,popular_articles
taxi-app-poikatsu,タクシーアプリでポイ活する方法!クーポンと決済ポイントの使い方,app,5,4_same_thumb_type,torima-idou-poikatsu,トリマで移動ポイ活する方法!歩く・移動する前に知るべき注意点,app,popular_articles
taxi-app-poikatsu,タクシーアプリでポイ活する方法!クーポンと決済ポイントの使い方,app,6,6_same_category,app-hitsuyou,ポイ活アプリは必要?初心者におすすめの使い分けと管理方法,app,popular_articles
taxi-app-poikatsu,タクシーアプリでポイ活する方法!クーポンと決済ポイントの使い方,app,7,6_same_category,app-install-anken-poikatsu,アプリインストール案件のポイ活とは?条件達成・アンインストールの注意点を解説,app,popular_articles
taxi-app-poikatsu,タクシーアプリでポイ活する方法!クーポンと決済ポイントの使い方,app,8,6_same_category,hashport-wallet-poikatsu,HashPort Walletとは?暗号資産・ポイント・NFTを一元管理できるアプリ,app,popular_articles
taxi-app-poikatsu,タクシーアプリでポイ活する方法!クーポンと決済ポイントの使い方,app,9,6_same_category,hosuu-app-poikatsu,歩数アプリでポイントを貯める方法!健康習慣と節約を両立するコツ,app,popular_articles
taxi-app-poikatsu,タクシーアプリでポイ活する方法!クーポンと決済ポイントの使い方,app,10,6_same_category,idou-app-erabikata,移動系ポイ活アプリの選び方!歩数・移動距離・広告視聴の違い,app,popular_articles
tiktok-lite-poikatsu,TikTok Liteのポイ活はどう使う?登録前に確認したい条件と注意点,app,1,4_same_thumb_type,code-receipt-poikatsu,CODEで商品バーコードを使ったポイ活!レシート登録と案件活用の基本,app,popular_articles
tiktok-lite-poikatsu,TikTok Liteのポイ活はどう使う?登録前に確認したい条件と注意点,app,2,4_same_thumb_type,one-receipt-poikatsu,ONEでレシートポイ活を始める方法!撮影前に確認したいポイント,app,popular_articles
tiktok-lite-poikatsu,TikTok Liteのポイ活はどう使う?登録前に確認したい条件と注意点,app,3,4_same_thumb_type,reshichare-poikatsu,レシチャレ(旧クラシルリワード)で貯めるポイ活とは?レシート・移動・広告の使い方,app,popular_articles
tiktok-lite-poikatsu,TikTok Liteのポイ活はどう使う?登録前に確認したい条件と注意点,app,4,4_same_thumb_type,taxi-app-poikatsu,タクシーアプリでポイ活する方法!クーポンと決済ポイントの使い方,app,popular_articles
tiktok-lite-poikatsu,TikTok Liteのポイ活はどう使う?登録前に確認したい条件と注意点,app,5,4_same_thumb_type,torima-idou-poikatsu,トリマで移動ポイ活する方法!歩く・移動する前に知るべき注意点,app,popular_articles
tiktok-lite-poikatsu,TikTok Liteのポイ活はどう使う?登録前に確認したい条件と注意点,app,6,6_same_category,app-hitsuyou,ポイ活アプリは必要?初心者におすすめの使い分けと管理方法,app,popular_articles
tiktok-lite-poikatsu,TikTok Liteのポイ活はどう使う?登録前に確認したい条件と注意点,app,7,6_same_category,app-install-anken-poikatsu,アプリインストール案件のポイ活とは?条件達成・アンインストールの注意点を解説,app,popular_articles
tiktok-lite-poikatsu,TikTok Liteのポイ活はどう使う?登録前に確認したい条件と注意点,app,8,6_same_category,hashport-wallet-poikatsu,HashPort Walletとは?暗号資産・ポイント・NFTを一元管理できるアプリ,app,popular_articles
tiktok-lite-poikatsu,TikTok Liteのポイ活はどう使う?登録前に確認したい条件と注意点,app,9,6_same_category,hosuu-app-poikatsu,歩数アプリでポイントを貯める方法!健康習慣と節約を両立するコツ,app,popular_articles
tiktok-lite-poikatsu,TikTok Liteのポイ活はどう使う?登録前に確認したい条件と注意点,app,10,6_same_category,idou-app-erabikata,移動系ポイ活アプリの選び方!歩数・移動距離・広告視聴の違い,app,popular_articles
tomobataraki-katei-poikatsu,共働き家庭のポイ活術!忙しくても続く支払い管理と役割分担,pointsite,1,4_same_thumb_type,cashless-fuan-poikatsu,キャッシュレスが不安な人向けポイ活!現金感覚で使うための管理方法,pointsite,popular_articles
tomobataraki-katei-poikatsu,共働き家庭のポイ活術!忙しくても続く支払い管理と役割分担,pointsite,2,4_same_thumb_type,gakusei-poikatsu,学生でもできるポイ活!お金をかけずに始める安全な方法,pointsite,popular_articles
tomobataraki-katei-poikatsu,共働き家庭のポイ活術!忙しくても続く支払い管理と役割分担,pointsite,3,4_same_thumb_type,hapitas-tsukaikata,ハピタスの使い方を初心者向けに解説!案件選びとポイント交換の基本,pointsite,popular_articles
tomobataraki-katei-poikatsu,共働き家庭のポイ活術!忙しくても続く支払い管理と役割分担,pointsite,4,4_same_thumb_type,kaimono-nigate-poikatsu,買い物が苦手な人のポイ活術!比較しすぎずに得するシンプル運用,pointsite,popular_articles
tomobataraki-katei-poikatsu,共働き家庭のポイ活術!忙しくても続く支払い管理と役割分担,pointsite,5,4_same_thumb_type,kosodate-setai-poikatsu,子育て世帯のポイ活術!おむつ・ミルク・学用品をお得に買う方法,pointsite,popular_articles
tomobataraki-katei-poikatsu,共働き家庭のポイ活術!忙しくても続く支払い管理と役割分担,pointsite,6,4_same_thumb_type,koteihi-sukunai-poikatsu,固定費が少ない人のポイ活術!少額支出でも効率よく貯める方法,pointsite,popular_articles
tomobataraki-katei-poikatsu,共働き家庭のポイ活術!忙しくても続く支払い管理と役割分担,pointsite,7,4_same_thumb_type,kurumanashi-seikatsu-poikatsu,車なし生活のポイ活術!交通・ネット通販・日用品で節約する方法,pointsite,popular_articles
tomobataraki-katei-poikatsu,共働き家庭のポイ活術!忙しくても続く支払い管理と役割分担,pointsite,8,4_same_thumb_type,minimalist-poikatsu,ミニマリスト向けポイ活!買わない生活でもポイントを活かす方法,pointsite,popular_articles
tomobataraki-katei-poikatsu,共働き家庭のポイ活術!忙しくても続く支払い管理と役割分担,pointsite,9,4_same_thumb_type,poikatsu-mail-tsuuchi-seiri,ポイ活メール通知の整理術!必要なキャンペーンだけ見逃さない方法,pointsite,popular_articles
tomobataraki-katei-poikatsu,共働き家庭のポイ活術!忙しくても続く支払い管理と役割分担,pointsite,10,4_same_thumb_type,poikatsu-senyou-mail-hitsuyou,ポイ活専用メールアドレスは必要?登録管理をラクにする考え方,pointsite,popular_articles
torima-idou-poikatsu,トリマで移動ポイ活する方法!歩く・移動する前に知るべき注意点,app,1,2_inbound_link,idou-app-erabikata,移動系ポイ活アプリの選び方!歩数・移動距離・広告視聴の違い,app,popular_articles
torima-idou-poikatsu,トリマで移動ポイ活する方法!歩く・移動する前に知るべき注意点,app,2,4_same_thumb_type,code-receipt-poikatsu,CODEで商品バーコードを使ったポイ活!レシート登録と案件活用の基本,app,popular_articles
torima-idou-poikatsu,トリマで移動ポイ活する方法!歩く・移動する前に知るべき注意点,app,3,4_same_thumb_type,one-receipt-poikatsu,ONEでレシートポイ活を始める方法!撮影前に確認したいポイント,app,popular_articles
torima-idou-poikatsu,トリマで移動ポイ活する方法!歩く・移動する前に知るべき注意点,app,4,4_same_thumb_type,reshichare-poikatsu,レシチャレ(旧クラシルリワード)で貯めるポイ活とは?レシート・移動・広告の使い方,app,popular_articles
torima-idou-poikatsu,トリマで移動ポイ活する方法!歩く・移動する前に知るべき注意点,app,5,4_same_thumb_type,taxi-app-poikatsu,タクシーアプリでポイ活する方法!クーポンと決済ポイントの使い方,app,popular_articles
torima-idou-poikatsu,トリマで移動ポイ活する方法!歩く・移動する前に知るべき注意点,app,6,4_same_thumb_type,tiktok-lite-poikatsu,TikTok Liteのポイ活はどう使う?登録前に確認したい条件と注意点,app,popular_articles
torima-idou-poikatsu,トリマで移動ポイ活する方法!歩く・移動する前に知るべき注意点,app,7,6_same_category,app-hitsuyou,ポイ活アプリは必要?初心者におすすめの使い分けと管理方法,app,popular_articles
torima-idou-poikatsu,トリマで移動ポイ活する方法!歩く・移動する前に知るべき注意点,app,8,6_same_category,app-install-anken-poikatsu,アプリインストール案件のポイ活とは?条件達成・アンインストールの注意点を解説,app,popular_articles
torima-idou-poikatsu,トリマで移動ポイ活する方法!歩く・移動する前に知るべき注意点,app,9,6_same_category,hashport-wallet-poikatsu,HashPort Walletとは?暗号資産・ポイント・NFTを一元管理できるアプリ,app,popular_articles
torima-idou-poikatsu,トリマで移動ポイ活する方法!歩く・移動する前に知るべき注意点,app,10,6_same_category,hosuu-app-poikatsu,歩数アプリでポイントを貯める方法!健康習慣と節約を両立するコツ,app,popular_articles
toshibu-zaijuu-poikatsu,都市部在住者のポイ活術!店舗・交通・外食を使い分ける方法,pointsite,1,4_same_thumb_type,cashless-fuan-poikatsu,キャッシュレスが不安な人向けポイ活!現金感覚で使うための管理方法,pointsite,popular_articles
toshibu-zaijuu-poikatsu,都市部在住者のポイ活術!店舗・交通・外食を使い分ける方法,pointsite,2,4_same_thumb_type,gakusei-poikatsu,学生でもできるポイ活!お金をかけずに始める安全な方法,pointsite,popular_articles
toshibu-zaijuu-poikatsu,都市部在住者のポイ活術!店舗・交通・外食を使い分ける方法,pointsite,3,4_same_thumb_type,hapitas-tsukaikata,ハピタスの使い方を初心者向けに解説!案件選びとポイント交換の基本,pointsite,popular_articles
toshibu-zaijuu-poikatsu,都市部在住者のポイ活術!店舗・交通・外食を使い分ける方法,pointsite,4,4_same_thumb_type,kaimono-nigate-poikatsu,買い物が苦手な人のポイ活術!比較しすぎずに得するシンプル運用,pointsite,popular_articles
toshibu-zaijuu-poikatsu,都市部在住者のポイ活術!店舗・交通・外食を使い分ける方法,pointsite,5,4_same_thumb_type,kosodate-setai-poikatsu,子育て世帯のポイ活術!おむつ・ミルク・学用品をお得に買う方法,pointsite,popular_articles
toshibu-zaijuu-poikatsu,都市部在住者のポイ活術!店舗・交通・外食を使い分ける方法,pointsite,6,4_same_thumb_type,koteihi-sukunai-poikatsu,固定費が少ない人のポイ活術!少額支出でも効率よく貯める方法,pointsite,popular_articles
toshibu-zaijuu-poikatsu,都市部在住者のポイ活術!店舗・交通・外食を使い分ける方法,pointsite,7,4_same_thumb_type,kurumanashi-seikatsu-poikatsu,車なし生活のポイ活術!交通・ネット通販・日用品で節約する方法,pointsite,popular_articles
toshibu-zaijuu-poikatsu,都市部在住者のポイ活術!店舗・交通・外食を使い分ける方法,pointsite,8,4_same_thumb_type,minimalist-poikatsu,ミニマリスト向けポイ活!買わない生活でもポイントを活かす方法,pointsite,popular_articles
toshibu-zaijuu-poikatsu,都市部在住者のポイ活術!店舗・交通・外食を使い分ける方法,pointsite,9,4_same_thumb_type,poikatsu-mail-tsuuchi-seiri,ポイ活メール通知の整理術!必要なキャンペーンだけ見逃さない方法,pointsite,popular_articles
toshibu-zaijuu-poikatsu,都市部在住者のポイ活術!店舗・交通・外食を使い分ける方法,pointsite,10,4_same_thumb_type,poikatsu-senyou-mail-hitsuyou,ポイ活専用メールアドレスは必要?登録管理をラクにする考え方,pointsite,popular_articles
travelist-kaigai-poikatsu,トラベリスト(海外航空券)とは?IATA認可代理店の予約サービスを解説,campaign,1,2_inbound_link,travelist-poikatsu,トラベリストとは?発券方法・ポイント還元・手数料をわかりやすく解説,campaign,popular_articles
travelist-kaigai-poikatsu,トラベリスト(海外航空券)とは?IATA認可代理店の予約サービスを解説,campaign,2,4_same_thumb_type,aeoncompass-travelmall-poikatsu,イオンコンパストラベルモール(レンタカー予約)とは?WAON POINTを貯める方法,campaign,popular_articles
travelist-kaigai-poikatsu,トラベリスト(海外航空券)とは?IATA認可代理店の予約サービスを解説,campaign,3,4_same_thumb_type,aeoncompass-travelmall-yado-poikatsu,イオンコンパストラベルモール(宿泊予約)とは?WAON POINTが貯まる予約サービス,campaign,popular_articles
travelist-kaigai-poikatsu,トラベリスト(海外航空券)とは?IATA認可代理店の予約サービスを解説,campaign,4,4_same_thumb_type,airtrip-poikatsu,エアトリポイントの使い道は?貯め方・有効期限をわかりやすく解説,campaign,popular_articles
travelist-kaigai-poikatsu,トラベリスト(海外航空券)とは?IATA認可代理店の予約サービスを解説,campaign,5,4_same_thumb_type,jalan-net-poikatsu,じゃらんnetとは?宿・ホテル予約でポイントが貯まる仕組みを解説,campaign,popular_articles
travelist-kaigai-poikatsu,トラベリスト(海外航空券)とは?IATA認可代理店の予約サービスを解説,campaign,6,4_same_thumb_type,yahoo-travel-poikatsu,Yahoo!トラベルとは?PayPayポイントが貯まる・使える宿泊予約サービス,campaign,popular_articles
travelist-kaigai-poikatsu,トラベリスト(海外航空券)とは?IATA認可代理店の予約サービスを解説,campaign,7,6_same_category,paypay-campaign-katsuyo,PayPayでポイントを効率よく貯める方法!キャンペーン活用の基本,campaign,popular_articles
travelist-kaigai-poikatsu,トラベリスト(海外航空券)とは?IATA認可代理店の予約サービスを解説,campaign,8,6_same_category,rakuten-travel-supersale-poikatsu,楽天トラベルスーパーセールで失敗しないポイ活!予約前チェックリスト,campaign,popular_articles
travelist-kaigai-poikatsu,トラベリスト(海外航空券)とは?IATA認可代理店の予約サービスを解説,campaign,9,6_same_category,yahoo-travel-tsukaikata,Yahoo!トラベルでポイントを活用する方法!宿泊予約前の確認ポイント,campaign,popular_articles
travelist-kaigai-poikatsu,トラベリスト(海外航空券)とは?IATA認可代理店の予約サービスを解説,campaign,10,6_same_category,airtrip-tsukaikata,エアトリで旅行予約ポイ活!航空券購入前に見るべき費用とポイント,campaign,popular_articles
travelist-poikatsu,トラベリストとは?発券方法・ポイント還元・手数料をわかりやすく解説,campaign,1,1_own_outbound_link,travelist-kaigai-poikatsu,トラベリスト(海外航空券)とは?IATA認可代理店の予約サービスを解説,campaign,popular_articles
travelist-poikatsu,トラベリストとは?発券方法・ポイント還元・手数料をわかりやすく解説,campaign,2,3_tag_match,kakuyasu-sim-norikae-poikatsu,格安SIM乗り換えでポイ活する方法!通信費を下げながら得する流れ,campaign,popular_articles
travelist-poikatsu,トラベリストとは?発券方法・ポイント還元・手数料をわかりやすく解説,campaign,3,3_tag_match,paypay-campaign-katsuyo,PayPayでポイントを効率よく貯める方法!キャンペーン活用の基本,campaign,popular_articles
travelist-poikatsu,トラベリストとは?発券方法・ポイント還元・手数料をわかりやすく解説,campaign,4,3_tag_match,paypay-jichitai-campaign-2026,【2026年10月〜】PayPay自治体キャンペーンまとめ!都城市・宮古島市の還元率・上限を解説,campaign,popular_articles
travelist-poikatsu,トラベリストとは?発券方法・ポイント還元・手数料をわかりやすく解説,campaign,5,3_tag_match,sumaho-kessai-campaign-mikata,スマホ決済キャンペーンの見方!エントリー・上限・対象店舗を確認しよう,campaign,popular_articles
travelist-poikatsu,トラベリストとは?発券方法・ポイント還元・手数料をわかりやすく解説,campaign,6,3_tag_match,yahoo-travel-poikatsu,Yahoo!トラベルとは?PayPayポイントが貯まる・使える宿泊予約サービス,campaign,popular_articles
travelist-poikatsu,トラベリストとは?発券方法・ポイント還元・手数料をわかりやすく解説,campaign,7,3_tag_match,yahoo-travel-tsukaikata,Yahoo!トラベルでポイントを活用する方法!宿泊予約前の確認ポイント,campaign,popular_articles
travelist-poikatsu,トラベリストとは?発券方法・ポイント還元・手数料をわかりやすく解説,campaign,8,4_same_thumb_type,aeoncompass-travelmall-poikatsu,イオンコンパストラベルモール(レンタカー予約)とは?WAON POINTを貯める方法,campaign,popular_articles
travelist-poikatsu,トラベリストとは?発券方法・ポイント還元・手数料をわかりやすく解説,campaign,9,4_same_thumb_type,aeoncompass-travelmall-yado-poikatsu,イオンコンパストラベルモール(宿泊予約)とは?WAON POINTが貯まる予約サービス,campaign,popular_articles
travelist-poikatsu,トラベリストとは?発券方法・ポイント還元・手数料をわかりやすく解説,campaign,10,4_same_thumb_type,airtrip-poikatsu,エアトリポイントの使い道は?貯め方・有効期限をわかりやすく解説,campaign,popular_articles
tsukihatsu-tsukimatsu-poikatsu-routine,月初・月末のポイ活ルーティン|ポイント失効・キャンペーンを10分で確認,pointsite,1,1_own_outbound_link,kikangentei-point-5shu-hikaku,期間限定ポイント5種を比較!失効前に使い切る方法,shopping,popular_articles
tsukihatsu-tsukimatsu-poikatsu-routine,月初・月末のポイ活ルーティン|ポイント失効・キャンペーンを10分で確認,pointsite,2,1_own_outbound_link,jisshitsu-kakaku-keisan,実質価格とは?計算方法・ポイント還元と値引きの違いを具体例で解説,shopping,popular_articles
tsukihatsu-tsukimatsu-poikatsu-routine,月初・月末のポイ活ルーティン|ポイント失効・キャンペーンを10分で確認,pointsite,3,4_same_thumb_type,campaign-memo-tsukurikata,キャンペーンメモの作り方!エントリー忘れを減らすポイ活管理術,pointsite,popular_articles
tsukihatsu-tsukimatsu-poikatsu-routine,月初・月末のポイ活ルーティン|ポイント失効・キャンペーンを10分で確認,pointsite,4,4_same_thumb_type,entry-calendar-tsukurikata,エントリーカレンダーの作り方!毎月のポイ活予定を見える化する,pointsite,popular_articles
tsukihatsu-tsukimatsu-poikatsu-routine,月初・月末のポイ活ルーティン|ポイント失効・キャンペーンを10分で確認,pointsite,5,4_same_thumb_type,fuyoyotei-point-mieruka,付与予定ポイントの見える化術!反映待ちを忘れないチェック習慣,pointsite,popular_articles
tsukihatsu-tsukimatsu-poikatsu-routine,月初・月末のポイ活ルーティン|ポイント失効・キャンペーンを10分で確認,pointsite,6,4_same_thumb_type,gendama-poikatsu,げん玉とは?ポイントの貯め方・交換方法をわかりやすく解説,pointsite,popular_articles
tsukihatsu-tsukimatsu-poikatsu-routine,月初・月末のポイ活ルーティン|ポイント失効・キャンペーンを10分で確認,pointsite,7,4_same_thumb_type,hitorigurashi-poikatsu,一人暮らしのポイ活術!固定費と日用品をポイントで節約する方法,pointsite,popular_articles
tsukihatsu-tsukimatsu-poikatsu-routine,月初・月末のポイ活ルーティン|ポイント失効・キャンペーンを10分で確認,pointsite,8,4_same_thumb_type,isogashii-kaishain-shuumatsu-poikatsu,忙しい会社員の週末ポイ活ルーティン!平日に追わない管理方法,pointsite,popular_articles
tsukihatsu-tsukimatsu-poikatsu-routine,月初・月末のポイ活ルーティン|ポイント失効・キャンペーンを10分で確認,pointsite,9,4_same_thumb_type,poikatsu-kakeibo,ポイ活を家計簿に活かす方法!ポイントを収入ではなく節約として管理する,pointsite,popular_articles
tsukihatsu-tsukimatsu-poikatsu-routine,月初・月末のポイ活ルーティン|ポイント失効・キャンペーンを10分で確認,pointsite,10,4_same_thumb_type,poikatsu-minaoshi-timing,ポイ活の見直しタイミングはいつ?使わないサービスを整理する方法,pointsite,popular_articles
tsukiikura-setsuyaku,ポイ活で月いくら節約できる?目安金額と現実的な稼ぎ方,pointsite,1,5_category_hub,yosekatsu,ポイ活の新常識!ポイントを分散せず効率よく貯める「寄せ活」の始め方,pointsite,popular_articles
tsukiikura-setsuyaku,ポイ活で月いくら節約できる?目安金額と現実的な稼ぎ方,pointsite,2,5_category_hub,poikatsu-kiso,ポイ活とは?初心者が最初に知っておきたい仕組みと始め方,pointsite,popular_articles
tsukiikura-setsuyaku,ポイ活で月いくら節約できる?目安金額と現実的な稼ぎ方,pointsite,3,6_same_category,hapitas-poikatsu,ハピタスとは?ポイント還元率・交換方法・登録方法をわかりやすく解説,pointsite,popular_articles
tsukiikura-setsuyaku,ポイ活で月いくら節約できる?目安金額と現実的な稼ぎ方,pointsite,4,6_same_category,keiyu-wasure-boushi,ポイントサイト経由忘れを防ぐ方法!買い物前チェックを習慣化するコツ,pointsite,popular_articles
tsukiikura-setsuyaku,ポイ活で月いくら節約できる?目安金額と現実的な稼ぎ方,pointsite,5,6_same_category,moppy-hajimekata,モッピーでポイ活を始める方法!高還元案件を見る前の確認ポイント,pointsite,popular_articles
tsukiikura-setsuyaku,ポイ活で月いくら節約できる?目安金額と現実的な稼ぎ方,pointsite,6,6_same_category,pointsite-kyakka-genin,ポイントサイトで却下される原因は?承認条件の読み方を初心者向けに解説,pointsite,popular_articles
tsukiikura-setsuyaku,ポイ活で月いくら節約できる?目安金額と現実的な稼ぎ方,pointsite,7,6_same_category,chobirich-poikatsu,ちょびリッチとは?評判・特徴からポイントの貯め方まで徹底解説,pointsite,popular_articles
tsukiikura-setsuyaku,ポイ活で月いくら節約できる?目安金額と現実的な稼ぎ方,pointsite,8,6_same_category,ecnavi-poikatsu,ECナビとは?多彩な方法でポイントが貯まるポイントサイトの特徴を解説,pointsite,popular_articles
tsukiikura-setsuyaku,ポイ活で月いくら節約できる?目安金額と現実的な稼ぎ方,pointsite,9,6_same_category,koteihi-sukunai-poikatsu,固定費が少ない人のポイ活術!少額支出でも効率よく貯める方法,pointsite,popular_articles
tsukiikura-setsuyaku,ポイ活で月いくら節約できる?目安金額と現実的な稼ぎ方,pointsite,10,6_same_category,nifty-point-club-poikatsu,ニフティポイントクラブの活用術!ネット利用者向けのポイ活基本,pointsite,popular_articles
tsukin-teiki-koutsuhi-point,通勤定期・交通費でポイントを貯める方法!毎月の移動費を見直そう,shopping,1,4_same_thumb_type,amazon-tsuhan-toha,Amazonとは?特徴とポイントの貯め方をわかりやすく解説,shopping,popular_articles
tsukin-teiki-koutsuhi-point,通勤定期・交通費でポイントを貯める方法!毎月の移動費を見直そう,shopping,2,4_same_thumb_type,aupay-market-toha,au PAY マーケットとは?特徴とポイントの貯め方をわかりやすく解説,shopping,popular_articles
tsukin-teiki-koutsuhi-point,通勤定期・交通費でポイントを貯める方法!毎月の移動費を見直そう,shopping,3,4_same_thumb_type,biccamera-toha,ビックカメラ.comとは?特徴とポイントの貯め方をわかりやすく解説,shopping,popular_articles
tsukin-teiki-koutsuhi-point,通勤定期・交通費でポイントを貯める方法!毎月の移動費を見直そう,shopping,4,4_same_thumb_type,charge-route-point,チャージルートでポイントを増やす考え方!複雑にしすぎない決済設計,shopping,popular_articles
tsukin-teiki-koutsuhi-point,通勤定期・交通費でポイントを貯める方法!毎月の移動費を見直そう,shopping,5,4_same_thumb_type,daimaru-matsuzakaya-toha,大丸松坂屋オンラインストアとは?特徴とポイントの貯め方をわかりやすく解説,shopping,popular_articles
tsukin-teiki-koutsuhi-point,通勤定期・交通費でポイントを貯める方法!毎月の移動費を見直そう,shopping,6,4_same_thumb_type,docomo-select-toha,docomo selectとは?スマホアクセサリー購入とdポイントを解説,shopping,popular_articles
tsukin-teiki-koutsuhi-point,通勤定期・交通費でポイントを貯める方法!毎月の移動費を見直そう,shopping,7,4_same_thumb_type,dpoint-tsukaimichi,dポイントのおすすめの使い道!コンビニ・ドラッグストア・ネットで使う方法,shopping,popular_articles
tsukin-teiki-koutsuhi-point,通勤定期・交通費でポイントを貯める方法!毎月の移動費を見直そう,shopping,8,4_same_thumb_type,dshopping-toha,dショッピングとは?特徴とポイントの貯め方をわかりやすく解説,shopping,popular_articles
tsukin-teiki-koutsuhi-point,通勤定期・交通費でポイントを貯める方法!毎月の移動費を見直そう,shopping,9,4_same_thumb_type,ec-current-poikatsu,ECカレントとは?家電通販の特徴とポイント制度を解説,shopping,popular_articles
tsukin-teiki-koutsuhi-point,通勤定期・交通費でポイントを貯める方法!毎月の移動費を見直そう,shopping,10,4_same_thumb_type,hikkoshi-poikatsu,引っ越しでポイ活する方法!見積もり・家具購入・手続きの確認ポイント,shopping,popular_articles
tsuruha-point,ツルハのポイント制度!ツルハポイントカードと楽天ポイントの併用,shopping,1,1_own_outbound_link,drugstore-point-hikaku,ドラッグストアのポイントを徹底比較|マツキヨ・ウエルシア・スギ薬局・ツルハなど,shopping,popular_articles
tsuruha-point,ツルハのポイント制度!ツルハポイントカードと楽天ポイントの併用,shopping,2,3_tag_match,code-kessai-4sha-hikaku,コード決済4社を徹底比較|PayPay・d払い・楽天ペイ・au PAY,shopping,popular_articles
tsuruha-point,ツルハのポイント制度!ツルハポイントカードと楽天ポイントの併用,shopping,3,3_tag_match,kadenryohanten-point-hikaku,家電量販店のポイント比較|還元率・現金値引き・支払い方法を7社で比較,shopping,popular_articles
tsuruha-point,ツルハのポイント制度!ツルハポイントカードと楽天ポイントの併用,shopping,4,3_tag_match,kikangentei-point-5shu-hikaku,期間限定ポイント5種を比較!失効前に使い切る方法,shopping,popular_articles
tsuruha-point,ツルハのポイント制度!ツルハポイントカードと楽天ポイントの併用,shopping,5,3_tag_match,kikangentei-point-tsukaimichi,期間限定ポイントのおすすめ使い道|失効前にすぐ使える交換先ガイド,shopping,popular_articles
tsuruha-point,ツルハのポイント制度!ツルハポイントカードと楽天ポイントの併用,shopping,6,3_tag_match,net-shopping-point-kiso,ネットショッピングでポイントを貯める方法!楽天・Yahoo・Amazonの基本,shopping,popular_articles
tsuruha-point,ツルハのポイント制度!ツルハポイントカードと楽天ポイントの併用,shopping,7,3_tag_match,point-niju-sanjudori-kumiawase,ポイント二重取り・三重取りの組み合わせ早見表!おすすめルートを解説,shopping,popular_articles
tsuruha-point,ツルハのポイント制度!ツルハポイントカードと楽天ポイントの併用,shopping,8,3_tag_match,point-toushi-unyou-service-hikaku,ポイント投資・ポイント運用を主要サービスで比較,shopping,popular_articles
tsuruha-point,ツルハのポイント制度!ツルハポイントカードと楽天ポイントの併用,shopping,9,3_tag_match,rakuten-ana-mile-koukan,楽天ポイントをANAマイルに交換できる?交換ルートと注意点を解説,shopping,popular_articles
tsuruha-point,ツルハのポイント制度!ツルハポイントカードと楽天ポイントの併用,shopping,10,3_tag_match,rakuten-check-poikatsu,楽天チェックで来店ポイントを貯める方法!外出ついでに使う基本,shopping,popular_articles
ubereats-poikatsu,Uber Eatsでポイ活する方法!クーポン・支払い・手数料の見方,seikatsu,1,1_own_outbound_link,rakuten-point-tsukaikata,楽天ポイントの使い方とは?店舗・連携・交換まで完全ガイド,,popular_articles
ubereats-poikatsu,Uber Eatsでポイ活する方法!クーポン・支払い・手数料の見方,seikatsu,2,3_tag_match,rakuten-beauty-poikatsu,楽天ビューティとは?美容室・ネイル・エステの検索・予約ができるサービス,seikatsu,popular_articles
ubereats-poikatsu,Uber Eatsでポイ活する方法!クーポン・支払い・手数料の見方,seikatsu,3,3_tag_match,rakuten-car-shaken-poikatsu,楽天Car車検とは?見積もり比較・予約で楽天ポイントがもらえるサービス,seikatsu,popular_articles
ubereats-poikatsu,Uber Eatsでポイ活する方法!クーポン・支払い・手数料の見方,seikatsu,4,3_tag_match,rakuten-carwash-poikatsu,楽天Car洗車・コーティングとは?予約方法と楽天ポイントを解説,seikatsu,popular_articles
ubereats-poikatsu,Uber Eatsでポイ活する方法!クーポン・支払い・手数料の見方,seikatsu,5,3_tag_match,rakuten-denwa-poikatsu,楽天でんわとは?番号そのままで通話料を半額にできる電話アプリを解説,seikatsu,popular_articles
ubereats-poikatsu,Uber Eatsでポイ活する方法!クーポン・支払い・手数料の見方,seikatsu,6,3_tag_match,rakuten-hikari-poikatsu,楽天ひかりとは?楽天モバイルとセットで楽天市場ポイントが7倍になる光回線,seikatsu,popular_articles
ubereats-poikatsu,Uber Eatsでポイ活する方法!クーポン・支払い・手数料の見方,seikatsu,7,3_tag_match,rakuten-kakeibo-poikatsu,Rakuten家計簿とは?無料で使える家計簿アプリと楽天ポイントを解説,seikatsu,popular_articles
ubereats-poikatsu,Uber Eatsでポイ活する方法!クーポン・支払い・手数料の見方,seikatsu,8,3_tag_match,rakuten-mobile-poikatsu,楽天モバイルとは?データ使い放題と楽天ポイント最大+4倍を解説,seikatsu,popular_articles
ubereats-poikatsu,Uber Eatsでポイ活する方法!クーポン・支払い・手数料の見方,seikatsu,9,3_tag_match,rakuten-music-poikatsu,楽天ミュージックとは?広告なしで約1億曲聴き放題の音楽アプリを解説,seikatsu,popular_articles
ubereats-poikatsu,Uber Eatsでポイ活する方法!クーポン・支払い・手数料の見方,seikatsu,10,3_tag_match,rakuten-shashinkan-poikatsu,楽天写真館とは?写真プリントからフォトブックまで作れるサービスを解説,seikatsu,popular_articles
uniqlo-gu-point,ユニクロ・GUでポイントは貯まる?衣類購入でできる節約チェック,shopping,1,1_own_outbound_link,hapitas-poikatsu,ハピタスとは?ポイント還元率・交換方法・登録方法をわかりやすく解説,pointsite,popular_articles
uniqlo-gu-point,ユニクロ・GUでポイントは貯まる?衣類購入でできる節約チェック,shopping,2,1_own_outbound_link,moppy-hajimekata,モッピーでポイ活を始める方法!高還元案件を見る前の確認ポイント,pointsite,popular_articles
uniqlo-gu-point,ユニクロ・GUでポイントは貯まる?衣類購入でできる節約チェック,shopping,3,4_same_thumb_type,abc-mart-poikatsu,ABC-MARTでポイ活する方法!靴購入時のアプリ・決済チェック,shopping,popular_articles
uniqlo-gu-point,ユニクロ・GUでポイントは貯まる?衣類購入でできる節約チェック,shopping,4,4_same_thumb_type,bousai-goods-poikatsu,防災グッズ購入でポイ活する方法!備蓄を無駄なくそろえるコツ,shopping,popular_articles
uniqlo-gu-point,ユニクロ・GUでポイントは貯まる?衣類購入でできる節約チェック,shopping,5,4_same_thumb_type,cashless-setsuyaku,キャッシュレス決済で節約する方法!現金派から始めるポイ活入門,shopping,popular_articles
uniqlo-gu-point,ユニクロ・GUでポイントは貯まる?衣類購入でできる節約チェック,shopping,6,4_same_thumb_type,dpoint-kiso,dポイントの貯め方を初心者向けに解説!ドコモ以外の人でも使える?,shopping,popular_articles
uniqlo-gu-point,ユニクロ・GUでポイントは貯まる?衣類購入でできる節約チェック,shopping,7,4_same_thumb_type,hasuu-shiharai-point,端数支払いでポイントを使う方法!少額ポイントを無駄にしないコツ,shopping,popular_articles
uniqlo-gu-point,ユニクロ・GUでポイントは貯まる?衣類購入でできる節約チェック,shopping,8,4_same_thumb_type,hyakkaten-depart-poikatsu,百貨店のポイントを比較!高島屋・三越伊勢丹・大丸松坂屋など,shopping,popular_articles
uniqlo-gu-point,ユニクロ・GUでポイントは貯まる?衣類購入でできる節約チェック,shopping,9,4_same_thumb_type,kikangentei-point-tsukaimichi,期間限定ポイントのおすすめ使い道|失効前にすぐ使える交換先ガイド,shopping,popular_articles
uniqlo-gu-point,ユニクロ・GUでポイントは貯まる?衣類購入でできる節約チェック,shopping,10,4_same_thumb_type,nanaco-point-kiso,nanacoポイントの貯め方と使い方!セブン系で活用する基本,shopping,popular_articles
v-point-supermarket,Vポイントが貯まるスーパー一覧|使える店舗・地域スーパーも比較,shopping,1,1_own_outbound_link,vpoint-no-carrier,Vポイントと携帯キャリアの関係|ドコモ・au・ソフトバンクでも使える?,shopping,popular_articles
v-point-supermarket,Vポイントが貯まるスーパー一覧|使える店舗・地域スーパーも比較,shopping,2,1_own_outbound_link,vpoint-tamekata,Vポイントの貯め方とは?もらう方法・使い方を解説,,popular_articles
v-point-supermarket,Vポイントが貯まるスーパー一覧|使える店舗・地域スーパーも比較,shopping,3,1_own_outbound_link,rakuten-point-supermarket,楽天ポイントが貯まるスーパー一覧|使える店舗・地域スーパーも比較,shopping,popular_articles
v-point-supermarket,Vポイントが貯まるスーパー一覧|使える店舗・地域スーパーも比較,shopping,4,2_inbound_link,net-super-poikatsu,ネットスーパーのポイントを比較|Ponta・楽天・WAON POINTなど対応状況を解説,shopping,popular_articles
v-point-supermarket,Vポイントが貯まるスーパー一覧|使える店舗・地域スーパーも比較,shopping,5,3_tag_match,drugstore-point-hikaku,ドラッグストアのポイントを徹底比較|マツキヨ・ウエルシア・スギ薬局・ツルハなど,shopping,popular_articles
v-point-supermarket,Vポイントが貯まるスーパー一覧|使える店舗・地域スーパーも比較,shopping,6,3_tag_match,ec-current-poikatsu,ECカレントとは?家電通販の特徴とポイント制度を解説,shopping,popular_articles
v-point-supermarket,Vポイントが貯まるスーパー一覧|使える店舗・地域スーパーも比較,shopping,7,3_tag_match,kadenryohanten-point-hikaku,家電量販店のポイント比較|還元率・現金値引き・支払い方法を7社で比較,shopping,popular_articles
v-point-supermarket,Vポイントが貯まるスーパー一覧|使える店舗・地域スーパーも比較,shopping,8,3_tag_match,kikangentei-point-5shu-hikaku,期間限定ポイント5種を比較!失効前に使い切る方法,shopping,popular_articles
v-point-supermarket,Vポイントが貯まるスーパー一覧|使える店舗・地域スーパーも比較,shopping,9,3_tag_match,kikangentei-point-tsukaimichi,期間限定ポイントのおすすめ使い道|失効前にすぐ使える交換先ガイド,shopping,popular_articles
v-point-supermarket,Vポイントが貯まるスーパー一覧|使える店舗・地域スーパーも比較,shopping,10,3_tag_match,paypay-vpoint-koukan,PayPayポイント⇄Vポイント相互交換ガイド|レート・手順・注意点,shopping,popular_articles
visa-touch-poikatsu,Visaタッチ決済でポイ活する方法!対象店舗と支払い前の確認ポイント,shopping,1,2_inbound_link,apple-pay-poikatsu,Apple Payでポイ活する方法!ポイント還元とiD・QUICPay・タッチ決済の違い,creditcard,popular_articles
visa-touch-poikatsu,Visaタッチ決済でポイ活する方法!対象店舗と支払い前の確認ポイント,shopping,2,5_category_hub,drugstore-point-hikaku,ドラッグストアのポイントを徹底比較|マツキヨ・ウエルシア・スギ薬局・ツルハなど,shopping,popular_articles
visa-touch-poikatsu,Visaタッチ決済でポイ活する方法!対象店舗と支払い前の確認ポイント,shopping,3,5_category_hub,point-toushi-unyou-service-hikaku,ポイント投資・ポイント運用を主要サービスで比較,shopping,popular_articles
visa-touch-poikatsu,Visaタッチ決済でポイ活する方法!対象店舗と支払い前の確認ポイント,shopping,4,6_same_category,rakuten-ichiba-toha,楽天市場とは?特徴とポイントの貯め方をわかりやすく解説,shopping,popular_articles
visa-touch-poikatsu,Visaタッチ決済でポイ活する方法!対象店舗と支払い前の確認ポイント,shopping,5,6_same_category,kikangentei-point-5shu-hikaku,期間限定ポイント5種を比較!失効前に使い切る方法,shopping,popular_articles
visa-touch-poikatsu,Visaタッチ決済でポイ活する方法!対象店舗と支払い前の確認ポイント,shopping,6,6_same_category,paypay-point-kiso,PayPayポイントとは?貯め方・使い方・注意点を初心者向けに解説,shopping,popular_articles
visa-touch-poikatsu,Visaタッチ決済でポイ活する方法!対象店舗と支払い前の確認ポイント,shopping,7,6_same_category,point-yuukoukigen-kanri,ポイントの有効期限を管理する方法!失効を防ぐチェック習慣,shopping,popular_articles
visa-touch-poikatsu,Visaタッチ決済でポイ活する方法!対象店舗と支払い前の確認ポイント,shopping,8,6_same_category,rakuten-mobile-rakuten-point,楽天モバイルなら楽天ポイントにまとめるべき?楽天経済圏との相性を解説,shopping,popular_articles
visa-touch-poikatsu,Visaタッチ決済でポイ活する方法!対象店舗と支払い前の確認ポイント,shopping,9,6_same_category,au-uq-ponta,au・UQユーザーはPontaポイントにまとめるべき?相性の良いサービスを解説,shopping,popular_articles
visa-touch-poikatsu,Visaタッチ決済でポイ活する方法!対象店舗と支払い前の確認ポイント,shopping,10,6_same_category,matsukiyo-cocokara-point,マツキヨココカラのポイント制度!マツキヨココカラポイントとdポイントの関係,shopping,popular_articles
vpoint-kiso,Vポイントとは?旧Tポイントとの違いとポイ活での使い方,shopping,1,2_inbound_link,vpoint-no-carrier,Vポイントと携帯キャリアの関係|ドコモ・au・ソフトバンクでも使える?,shopping,popular_articles
vpoint-kiso,Vポイントとは?旧Tポイントとの違いとポイ活での使い方,shopping,2,2_inbound_link,vpoint-tamekata,Vポイントの貯め方とは?もらう方法・使い方を解説,,popular_articles
vpoint-kiso,Vポイントとは?旧Tポイントとの違いとポイ活での使い方,shopping,3,3_tag_match,drugstore-point-hikaku,ドラッグストアのポイントを徹底比較|マツキヨ・ウエルシア・スギ薬局・ツルハなど,shopping,popular_articles
vpoint-kiso,Vポイントとは?旧Tポイントとの違いとポイ活での使い方,shopping,4,3_tag_match,ec-current-poikatsu,ECカレントとは?家電通販の特徴とポイント制度を解説,shopping,popular_articles
vpoint-kiso,Vポイントとは?旧Tポイントとの違いとポイ活での使い方,shopping,5,3_tag_match,kadenryohanten-point-hikaku,家電量販店のポイント比較|還元率・現金値引き・支払い方法を7社で比較,shopping,popular_articles
vpoint-kiso,Vポイントとは?旧Tポイントとの違いとポイ活での使い方,shopping,6,3_tag_match,kikangentei-point-5shu-hikaku,期間限定ポイント5種を比較!失効前に使い切る方法,shopping,popular_articles
vpoint-kiso,Vポイントとは?旧Tポイントとの違いとポイ活での使い方,shopping,7,3_tag_match,kikangentei-point-tsukaimichi,期間限定ポイントのおすすめ使い道|失効前にすぐ使える交換先ガイド,shopping,popular_articles
vpoint-kiso,Vポイントとは?旧Tポイントとの違いとポイ活での使い方,shopping,8,3_tag_match,paypay-vpoint-koukan,PayPayポイント⇄Vポイント相互交換ガイド|レート・手順・注意点,shopping,popular_articles
vpoint-kiso,Vポイントとは?旧Tポイントとの違いとポイ活での使い方,shopping,9,3_tag_match,point-niju-sanjudori-kumiawase,ポイント二重取り・三重取りの組み合わせ早見表!おすすめルートを解説,shopping,popular_articles
vpoint-kiso,Vポイントとは?旧Tポイントとの違いとポイ活での使い方,shopping,10,3_tag_match,point-toushi-unyou-service-hikaku,ポイント投資・ポイント運用を主要サービスで比較,shopping,popular_articles
vpoint-no-carrier,Vポイントと携帯キャリアの関係|ドコモ・au・ソフトバンクでも使える?,shopping,1,1_own_outbound_link,mitsui-sumitomo-card-vpoint,三井住友カードでVポイントを貯める方法!対象店舗とタッチ決済の基本,creditcard,popular_articles
vpoint-no-carrier,Vポイントと携帯キャリアの関係|ドコモ・au・ソフトバンクでも使える?,shopping,2,1_own_outbound_link,rakuten-mobile-rakuten-point,楽天モバイルなら楽天ポイントにまとめるべき?楽天経済圏との相性を解説,shopping,popular_articles
vpoint-no-carrier,Vポイントと携帯キャリアの関係|ドコモ・au・ソフトバンクでも使える?,shopping,3,1_own_outbound_link,vpoint-rakuten-hikaku,Vポイントと楽天ポイントはどっちが使いやすい?生活圏別に比較,shopping,popular_articles
vpoint-no-carrier,Vポイントと携帯キャリアの関係|ドコモ・au・ソフトバンクでも使える?,shopping,4,1_own_outbound_link,yosekatsu,ポイ活の新常識!ポイントを分散せず効率よく貯める「寄せ活」の始め方,pointsite,popular_articles
vpoint-no-carrier,Vポイントと携帯キャリアの関係|ドコモ・au・ソフトバンクでも使える?,shopping,5,1_own_outbound_link,vpoint-kiso,Vポイントとは?旧Tポイントとの違いとポイ活での使い方,shopping,popular_articles
vpoint-no-carrier,Vポイントと携帯キャリアの関係|ドコモ・au・ソフトバンクでも使える?,shopping,6,1_own_outbound_link,vpoint-tasha-koukan,Vポイントを他社ポイントへ交換する方法!交換先の選び方と注意点,shopping,popular_articles
vpoint-no-carrier,Vポイントと携帯キャリアの関係|ドコモ・au・ソフトバンクでも使える?,shopping,7,2_inbound_link,v-point-supermarket,Vポイントが貯まるスーパー一覧|使える店舗・地域スーパーも比較,shopping,popular_articles
vpoint-no-carrier,Vポイントと携帯キャリアの関係|ドコモ・au・ソフトバンクでも使える?,shopping,8,3_tag_match,ana-jal-mile-hikaku,ANAマイルとJALマイルはどっち?貯めやすさ・使いやすさを比較,shopping,popular_articles
vpoint-no-carrier,Vポイントと携帯キャリアの関係|ドコモ・au・ソフトバンクでも使える?,shopping,9,3_tag_match,ana-mileageplus-hikaku,ANAマイルとMileagePlusはどっち?同じスターアライアンスで何が違う?,shopping,popular_articles
vpoint-no-carrier,Vポイントと携帯キャリアの関係|ドコモ・au・ソフトバンクでも使える?,shopping,10,3_tag_match,au-uq-ponta,au・UQユーザーはPontaポイントにまとめるべき?相性の良いサービスを解説,shopping,popular_articles
vpoint-rakuten-hikaku,Vポイントと楽天ポイントはどっちが使いやすい?生活圏別に比較,shopping,1,2_inbound_link,rakuten-mobile-rakuten-point,楽天モバイルなら楽天ポイントにまとめるべき?楽天経済圏との相性を解説,shopping,popular_articles
vpoint-rakuten-hikaku,Vポイントと楽天ポイントはどっちが使いやすい?生活圏別に比較,shopping,2,2_inbound_link,vpoint-no-carrier,Vポイントと携帯キャリアの関係|ドコモ・au・ソフトバンクでも使える?,shopping,popular_articles
vpoint-rakuten-hikaku,Vポイントと楽天ポイントはどっちが使いやすい?生活圏別に比較,shopping,3,3_tag_match,code-kessai-4sha-hikaku,コード決済4社を徹底比較|PayPay・d払い・楽天ペイ・au PAY,shopping,popular_articles
vpoint-rakuten-hikaku,Vポイントと楽天ポイントはどっちが使いやすい?生活圏別に比較,shopping,4,3_tag_match,drugstore-point-hikaku,ドラッグストアのポイントを徹底比較|マツキヨ・ウエルシア・スギ薬局・ツルハなど,shopping,popular_articles
vpoint-rakuten-hikaku,Vポイントと楽天ポイントはどっちが使いやすい?生活圏別に比較,shopping,5,3_tag_match,ec-current-poikatsu,ECカレントとは?家電通販の特徴とポイント制度を解説,shopping,popular_articles
vpoint-rakuten-hikaku,Vポイントと楽天ポイントはどっちが使いやすい?生活圏別に比較,shopping,6,3_tag_match,kadenryohanten-point-hikaku,家電量販店のポイント比較|還元率・現金値引き・支払い方法を7社で比較,shopping,popular_articles
vpoint-rakuten-hikaku,Vポイントと楽天ポイントはどっちが使いやすい?生活圏別に比較,shopping,7,3_tag_match,kikangentei-point-5shu-hikaku,期間限定ポイント5種を比較!失効前に使い切る方法,shopping,popular_articles
vpoint-rakuten-hikaku,Vポイントと楽天ポイントはどっちが使いやすい?生活圏別に比較,shopping,8,3_tag_match,kikangentei-point-tsukaimichi,期間限定ポイントのおすすめ使い道|失効前にすぐ使える交換先ガイド,shopping,popular_articles
vpoint-rakuten-hikaku,Vポイントと楽天ポイントはどっちが使いやすい?生活圏別に比較,shopping,9,3_tag_match,net-shopping-point-kiso,ネットショッピングでポイントを貯める方法!楽天・Yahoo・Amazonの基本,shopping,popular_articles
vpoint-rakuten-hikaku,Vポイントと楽天ポイントはどっちが使いやすい?生活圏別に比較,shopping,10,3_tag_match,paypay-vpoint-koukan,PayPayポイント⇄Vポイント相互交換ガイド|レート・手順・注意点,shopping,popular_articles
vpoint-tamaranai,Vポイントが貯まらない原因は?よくあるミスと確認ポイント,shopping,1,3_tag_match,drugstore-point-hikaku,ドラッグストアのポイントを徹底比較|マツキヨ・ウエルシア・スギ薬局・ツルハなど,shopping,popular_articles
vpoint-tamaranai,Vポイントが貯まらない原因は?よくあるミスと確認ポイント,shopping,2,3_tag_match,ec-current-poikatsu,ECカレントとは?家電通販の特徴とポイント制度を解説,shopping,popular_articles
vpoint-tamaranai,Vポイントが貯まらない原因は?よくあるミスと確認ポイント,shopping,3,3_tag_match,kadenryohanten-point-hikaku,家電量販店のポイント比較|還元率・現金値引き・支払い方法を7社で比較,shopping,popular_articles
vpoint-tamaranai,Vポイントが貯まらない原因は?よくあるミスと確認ポイント,shopping,4,3_tag_match,kikangentei-point-5shu-hikaku,期間限定ポイント5種を比較!失効前に使い切る方法,shopping,popular_articles
vpoint-tamaranai,Vポイントが貯まらない原因は?よくあるミスと確認ポイント,shopping,5,3_tag_match,kikangentei-point-tsukaimichi,期間限定ポイントのおすすめ使い道|失効前にすぐ使える交換先ガイド,shopping,popular_articles
vpoint-tamaranai,Vポイントが貯まらない原因は?よくあるミスと確認ポイント,shopping,6,3_tag_match,paypay-vpoint-koukan,PayPayポイント⇄Vポイント相互交換ガイド|レート・手順・注意点,shopping,popular_articles
vpoint-tamaranai,Vポイントが貯まらない原因は?よくあるミスと確認ポイント,shopping,7,3_tag_match,point-niju-sanjudori-kumiawase,ポイント二重取り・三重取りの組み合わせ早見表!おすすめルートを解説,shopping,popular_articles
vpoint-tamaranai,Vポイントが貯まらない原因は?よくあるミスと確認ポイント,shopping,8,3_tag_match,point-toushi-unyou-service-hikaku,ポイント投資・ポイント運用を主要サービスで比較,shopping,popular_articles
vpoint-tamaranai,Vポイントが貯まらない原因は?よくあるミスと確認ポイント,shopping,9,3_tag_match,v-point-supermarket,Vポイントが貯まるスーパー一覧|使える店舗・地域スーパーも比較,shopping,popular_articles
vpoint-tamaranai,Vポイントが貯まらない原因は?よくあるミスと確認ポイント,shopping,10,3_tag_match,vpoint-kiso,Vポイントとは?旧Tポイントとの違いとポイ活での使い方,shopping,popular_articles
vpoint-tamekata,Vポイントの貯め方とは?もらう方法・使い方を解説,,1,1_own_outbound_link,mitsui-sumitomo-card-vpoint,三井住友カードでVポイントを貯める方法!対象店舗とタッチ決済の基本,creditcard,popular_articles
vpoint-tamekata,Vポイントの貯め方とは?もらう方法・使い方を解説,,2,1_own_outbound_link,vpoint-kiso,Vポイントとは?旧Tポイントとの違いとポイ活での使い方,shopping,popular_articles
vpoint-tamekata,Vポイントの貯め方とは?もらう方法・使い方を解説,,3,1_own_outbound_link,vpoint-tameru-tsukau,Vポイントの貯め方と使い方!コンビニ・カード・アプリ活用術,shopping,popular_articles
vpoint-tamekata,Vポイントの貯め方とは?もらう方法・使い方を解説,,4,1_own_outbound_link,vpoint-tsukaikata,Vポイントの使い方とは?店舗・連携・交換まで完全ガイド,,popular_articles
vpoint-tamekata,Vポイントの貯め方とは?もらう方法・使い方を解説,,5,2_inbound_link,v-point-supermarket,Vポイントが貯まるスーパー一覧|使える店舗・地域スーパーも比較,shopping,popular_articles
vpoint-tameru-tsukau,Vポイントの貯め方と使い方!コンビニ・カード・アプリ活用術,shopping,1,2_inbound_link,vpoint-tamekata,Vポイントの貯め方とは?もらう方法・使い方を解説,,popular_articles
vpoint-tameru-tsukau,Vポイントの貯め方と使い方!コンビニ・カード・アプリ活用術,shopping,2,3_tag_match,drugstore-point-hikaku,ドラッグストアのポイントを徹底比較|マツキヨ・ウエルシア・スギ薬局・ツルハなど,shopping,popular_articles
vpoint-tameru-tsukau,Vポイントの貯め方と使い方!コンビニ・カード・アプリ活用術,shopping,3,3_tag_match,ec-current-poikatsu,ECカレントとは?家電通販の特徴とポイント制度を解説,shopping,popular_articles
vpoint-tameru-tsukau,Vポイントの貯め方と使い方!コンビニ・カード・アプリ活用術,shopping,4,3_tag_match,kadenryohanten-point-hikaku,家電量販店のポイント比較|還元率・現金値引き・支払い方法を7社で比較,shopping,popular_articles
vpoint-tameru-tsukau,Vポイントの貯め方と使い方!コンビニ・カード・アプリ活用術,shopping,5,3_tag_match,kikangentei-point-5shu-hikaku,期間限定ポイント5種を比較!失効前に使い切る方法,shopping,popular_articles
vpoint-tameru-tsukau,Vポイントの貯め方と使い方!コンビニ・カード・アプリ活用術,shopping,6,3_tag_match,kikangentei-point-tsukaimichi,期間限定ポイントのおすすめ使い道|失効前にすぐ使える交換先ガイド,shopping,popular_articles
vpoint-tameru-tsukau,Vポイントの貯め方と使い方!コンビニ・カード・アプリ活用術,shopping,7,3_tag_match,paypay-vpoint-koukan,PayPayポイント⇄Vポイント相互交換ガイド|レート・手順・注意点,shopping,popular_articles
vpoint-tameru-tsukau,Vポイントの貯め方と使い方!コンビニ・カード・アプリ活用術,shopping,8,3_tag_match,point-niju-sanjudori-kumiawase,ポイント二重取り・三重取りの組み合わせ早見表!おすすめルートを解説,shopping,popular_articles
vpoint-tameru-tsukau,Vポイントの貯め方と使い方!コンビニ・カード・アプリ活用術,shopping,9,3_tag_match,point-toushi-unyou-service-hikaku,ポイント投資・ポイント運用を主要サービスで比較,shopping,popular_articles
vpoint-tameru-tsukau,Vポイントの貯め方と使い方!コンビニ・カード・アプリ活用術,shopping,10,3_tag_match,v-point-supermarket,Vポイントが貯まるスーパー一覧|使える店舗・地域スーパーも比較,shopping,popular_articles
vpoint-tasha-koukan,Vポイントを他社ポイントへ交換する方法!交換先の選び方と注意点,shopping,1,2_inbound_link,ana-jal-mile-hikaku,ANAマイルとJALマイルはどっち?貯めやすさ・使いやすさを比較,shopping,popular_articles
vpoint-tasha-koukan,Vポイントを他社ポイントへ交換する方法!交換先の選び方と注意点,shopping,2,2_inbound_link,vpoint-no-carrier,Vポイントと携帯キャリアの関係|ドコモ・au・ソフトバンクでも使える?,shopping,popular_articles
vpoint-tasha-koukan,Vポイントを他社ポイントへ交換する方法!交換先の選び方と注意点,shopping,3,2_inbound_link,vpoint-tsukaikata,Vポイントの使い方とは?店舗・連携・交換まで完全ガイド,,popular_articles
vpoint-tasha-koukan,Vポイントを他社ポイントへ交換する方法!交換先の選び方と注意点,shopping,4,3_tag_match,drugstore-point-hikaku,ドラッグストアのポイントを徹底比較|マツキヨ・ウエルシア・スギ薬局・ツルハなど,shopping,popular_articles
vpoint-tasha-koukan,Vポイントを他社ポイントへ交換する方法!交換先の選び方と注意点,shopping,5,3_tag_match,ec-current-poikatsu,ECカレントとは?家電通販の特徴とポイント制度を解説,shopping,popular_articles
vpoint-tasha-koukan,Vポイントを他社ポイントへ交換する方法!交換先の選び方と注意点,shopping,6,3_tag_match,kadenryohanten-point-hikaku,家電量販店のポイント比較|還元率・現金値引き・支払い方法を7社で比較,shopping,popular_articles
vpoint-tasha-koukan,Vポイントを他社ポイントへ交換する方法!交換先の選び方と注意点,shopping,7,3_tag_match,kikangentei-point-5shu-hikaku,期間限定ポイント5種を比較!失効前に使い切る方法,shopping,popular_articles
vpoint-tasha-koukan,Vポイントを他社ポイントへ交換する方法!交換先の選び方と注意点,shopping,8,3_tag_match,kikangentei-point-tsukaimichi,期間限定ポイントのおすすめ使い道|失効前にすぐ使える交換先ガイド,shopping,popular_articles
vpoint-tasha-koukan,Vポイントを他社ポイントへ交換する方法!交換先の選び方と注意点,shopping,9,3_tag_match,paypay-vpoint-koukan,PayPayポイント⇄Vポイント相互交換ガイド|レート・手順・注意点,shopping,popular_articles
vpoint-tasha-koukan,Vポイントを他社ポイントへ交換する方法!交換先の選び方と注意点,shopping,10,3_tag_match,point-niju-sanjudori-kumiawase,ポイント二重取り・三重取りの組み合わせ早見表!おすすめルートを解説,shopping,popular_articles
vpoint-tsukaikata,Vポイントの使い方とは?店舗・連携・交換まで完全ガイド,,1,1_own_outbound_link,paypay-point-tsukaikata,PayPayポイントの使い方とは?店舗・連携・交換まで完全ガイド,,popular_articles
vpoint-tsukaikata,Vポイントの使い方とは?店舗・連携・交換まで完全ガイド,,2,1_own_outbound_link,vpoint-tasha-koukan,Vポイントを他社ポイントへ交換する方法!交換先の選び方と注意点,shopping,popular_articles
vpoint-tsukaikata,Vポイントの使い方とは?店舗・連携・交換まで完全ガイド,,3,2_inbound_link,paypay-vpoint-koukan,PayPayポイント⇄Vポイント相互交換ガイド|レート・手順・注意点,shopping,popular_articles
vpoint-tsukaikata,Vポイントの使い方とは?店舗・連携・交換まで完全ガイド,,4,2_inbound_link,vpoint-tamekata,Vポイントの貯め方とは?もらう方法・使い方を解説,,popular_articles
waon-point-chigai,WAON POINTと電子マネーWAONポイントの違いは?初心者向けに整理,shopping,1,3_tag_match,aeon-point-tameru,イオンでポイントを効率よく貯める方法!WAON POINTと支払い方法の選び方,shopping,popular_articles
waon-point-chigai,WAON POINTと電子マネーWAONポイントの違いは?初心者向けに整理,shopping,2,3_tag_match,waon-point-kiso,WAON POINTの貯め方を解説!イオンで得するポイ活の基本,shopping,popular_articles
waon-point-chigai,WAON POINTと電子マネーWAONポイントの違いは?初心者向けに整理,shopping,3,4_same_thumb_type,ana-jal-mile-hikaku,ANAマイルとJALマイルはどっち?貯めやすさ・使いやすさを比較,shopping,popular_articles
waon-point-chigai,WAON POINTと電子マネーWAONポイントの違いは?初心者向けに整理,shopping,4,4_same_thumb_type,ana-mile-tameru-kachi,ANAマイルを貯めるべき人・貯めない方がいい人を解説,shopping,popular_articles
waon-point-chigai,WAON POINTと電子マネーWAONポイントの違いは?初心者向けに整理,shopping,5,4_same_thumb_type,ana-mileageplus-hikaku,ANAマイルとMileagePlusはどっち?同じスターアライアンスで何が違う?,shopping,popular_articles
waon-point-chigai,WAON POINTと電子マネーWAONポイントの違いは?初心者向けに整理,shopping,6,4_same_thumb_type,au-uq-ponta,au・UQユーザーはPontaポイントにまとめるべき?相性の良いサービスを解説,shopping,popular_articles
waon-point-chigai,WAON POINTと電子マネーWAONポイントの違いは?初心者向けに整理,shopping,7,4_same_thumb_type,carshare-point-katsuyou,カーシェアでポイ活する方法とは?短時間利用の節約ポイントを解説,shopping,popular_articles
waon-point-chigai,WAON POINTと電子マネーWAONポイントの違いは?初心者向けに整理,shopping,8,4_same_thumb_type,cleaning-poikatsu,クリーニング代でポイントを貯める方法!宅配と店舗を比較するコツ,shopping,popular_articles
waon-point-chigai,WAON POINTと電子マネーWAONポイントの違いは?初心者向けに整理,shopping,9,4_same_thumb_type,code-kessai-4sha-hikaku,コード決済4社を徹底比較|PayPay・d払い・楽天ペイ・au PAY,shopping,popular_articles
waon-point-chigai,WAON POINTと電子マネーWAONポイントの違いは?初心者向けに整理,shopping,10,4_same_thumb_type,d-point-supermarket,dポイントが貯まるスーパー一覧|使える店舗・地域スーパーも比較,shopping,popular_articles
waon-point-kiso,WAON POINTの貯め方を解説!イオンで得するポイ活の基本,shopping,1,3_tag_match,aeon-point-tameru,イオンでポイントを効率よく貯める方法!WAON POINTと支払い方法の選び方,shopping,popular_articles
waon-point-kiso,WAON POINTの貯め方を解説!イオンで得するポイ活の基本,shopping,2,3_tag_match,waon-point-chigai,WAON POINTと電子マネーWAONポイントの違いは?初心者向けに整理,shopping,popular_articles
waon-point-kiso,WAON POINTの貯め方を解説!イオンで得するポイ活の基本,shopping,3,4_same_thumb_type,abc-mart-poikatsu,ABC-MARTでポイ活する方法!靴購入時のアプリ・決済チェック,shopping,popular_articles
waon-point-kiso,WAON POINTの貯め方を解説!イオンで得するポイ活の基本,shopping,4,4_same_thumb_type,bousai-goods-poikatsu,防災グッズ購入でポイ活する方法!備蓄を無駄なくそろえるコツ,shopping,popular_articles
waon-point-kiso,WAON POINTの貯め方を解説!イオンで得するポイ活の基本,shopping,5,4_same_thumb_type,cashless-setsuyaku,キャッシュレス決済で節約する方法!現金派から始めるポイ活入門,shopping,popular_articles
waon-point-kiso,WAON POINTの貯め方を解説!イオンで得するポイ活の基本,shopping,6,4_same_thumb_type,dpoint-kiso,dポイントの貯め方を初心者向けに解説!ドコモ以外の人でも使える?,shopping,popular_articles
waon-point-kiso,WAON POINTの貯め方を解説!イオンで得するポイ活の基本,shopping,7,4_same_thumb_type,hasuu-shiharai-point,端数支払いでポイントを使う方法!少額ポイントを無駄にしないコツ,shopping,popular_articles
waon-point-kiso,WAON POINTの貯め方を解説!イオンで得するポイ活の基本,shopping,8,4_same_thumb_type,hyakkaten-depart-poikatsu,百貨店のポイントを比較!高島屋・三越伊勢丹・大丸松坂屋など,shopping,popular_articles
waon-point-kiso,WAON POINTの貯め方を解説!イオンで得するポイ活の基本,shopping,9,4_same_thumb_type,kikangentei-point-tsukaimichi,期間限定ポイントのおすすめ使い道|失効前にすぐ使える交換先ガイド,shopping,popular_articles
waon-point-kiso,WAON POINTの貯め方を解説!イオンで得するポイ活の基本,shopping,10,4_same_thumb_type,nanaco-point-kiso,nanacoポイントの貯め方と使い方!セブン系で活用する基本,shopping,popular_articles
warau-poikatsu,ワラウとは?老舗ポイントサイトの貯め方・交換方法をわかりやすく解説,pointsite,1,2_inbound_link,pointsite-kyakka-genin,ポイントサイトで却下される原因は?承認条件の読み方を初心者向けに解説,pointsite,popular_articles
warau-poikatsu,ワラウとは?老舗ポイントサイトの貯め方・交換方法をわかりやすく解説,pointsite,2,4_same_thumb_type,amefri-poikatsu,アメフリとは?すきま時間で貯まるポイントサイトの特徴を解説,pointsite,popular_articles
warau-poikatsu,ワラウとは?老舗ポイントサイトの貯め方・交換方法をわかりやすく解説,pointsite,3,4_same_thumb_type,chobirich-poikatsu,ちょびリッチとは?評判・特徴からポイントの貯め方まで徹底解説,pointsite,popular_articles
warau-poikatsu,ワラウとは?老舗ポイントサイトの貯め方・交換方法をわかりやすく解説,pointsite,4,4_same_thumb_type,chobirich-tsukaikata,ちょびリッチの使い方!ポイントサイト初心者が見るべき案件と交換先,pointsite,popular_articles
warau-poikatsu,ワラウとは?老舗ポイントサイトの貯め方・交換方法をわかりやすく解説,pointsite,5,4_same_thumb_type,ecnavi-poikatsu,ECナビとは?多彩な方法でポイントが貯まるポイントサイトの特徴を解説,pointsite,popular_articles
warau-poikatsu,ワラウとは?老舗ポイントサイトの貯め方・交換方法をわかりやすく解説,pointsite,6,4_same_thumb_type,ecnavi-tsukaikata,ECナビでポイントを貯める方法!アンケートと買い物を組み合わせるコツ,pointsite,popular_articles
warau-poikatsu,ワラウとは?老舗ポイントサイトの貯め方・交換方法をわかりやすく解説,pointsite,7,4_same_thumb_type,hapitas-poikatsu,ハピタスとは?ポイント還元率・交換方法・登録方法をわかりやすく解説,pointsite,popular_articles
warau-poikatsu,ワラウとは?老舗ポイントサイトの貯め方・交換方法をわかりやすく解説,pointsite,8,4_same_thumb_type,moppy-hajimekata,モッピーでポイ活を始める方法!高還元案件を見る前の確認ポイント,pointsite,popular_articles
warau-poikatsu,ワラウとは?老舗ポイントサイトの貯め方・交換方法をわかりやすく解説,pointsite,9,4_same_thumb_type,muryou-kaiin-touroku-poikatsu,無料会員登録案件でポイ活する方法とは?登録前後の確認ポイントを解説,pointsite,popular_articles
warau-poikatsu,ワラウとは?老舗ポイントサイトの貯め方・交換方法をわかりやすく解説,pointsite,10,4_same_thumb_type,nifty-point-club-poikatsu,ニフティポイントクラブの活用術!ネット利用者向けのポイ活基本,pointsite,popular_articles
warau-tsukaikata,ワラウでできるポイ活とは?遊びながら貯める前に知りたい基本,pointsite,1,4_same_thumb_type,amefri-poikatsu,アメフリとは?すきま時間で貯まるポイントサイトの特徴を解説,pointsite,popular_articles
warau-tsukaikata,ワラウでできるポイ活とは?遊びながら貯める前に知りたい基本,pointsite,2,4_same_thumb_type,chobirich-poikatsu,ちょびリッチとは?評判・特徴からポイントの貯め方まで徹底解説,pointsite,popular_articles
warau-tsukaikata,ワラウでできるポイ活とは?遊びながら貯める前に知りたい基本,pointsite,3,4_same_thumb_type,chobirich-tsukaikata,ちょびリッチの使い方!ポイントサイト初心者が見るべき案件と交換先,pointsite,popular_articles
warau-tsukaikata,ワラウでできるポイ活とは?遊びながら貯める前に知りたい基本,pointsite,4,4_same_thumb_type,ecnavi-poikatsu,ECナビとは?多彩な方法でポイントが貯まるポイントサイトの特徴を解説,pointsite,popular_articles
warau-tsukaikata,ワラウでできるポイ活とは?遊びながら貯める前に知りたい基本,pointsite,5,4_same_thumb_type,ecnavi-tsukaikata,ECナビでポイントを貯める方法!アンケートと買い物を組み合わせるコツ,pointsite,popular_articles
warau-tsukaikata,ワラウでできるポイ活とは?遊びながら貯める前に知りたい基本,pointsite,6,4_same_thumb_type,hapitas-poikatsu,ハピタスとは?ポイント還元率・交換方法・登録方法をわかりやすく解説,pointsite,popular_articles
warau-tsukaikata,ワラウでできるポイ活とは?遊びながら貯める前に知りたい基本,pointsite,7,4_same_thumb_type,moppy-hajimekata,モッピーでポイ活を始める方法!高還元案件を見る前の確認ポイント,pointsite,popular_articles
warau-tsukaikata,ワラウでできるポイ活とは?遊びながら貯める前に知りたい基本,pointsite,8,4_same_thumb_type,muryou-kaiin-touroku-poikatsu,無料会員登録案件でポイ活する方法とは?登録前後の確認ポイントを解説,pointsite,popular_articles
warau-tsukaikata,ワラウでできるポイ活とは?遊びながら貯める前に知りたい基本,pointsite,9,4_same_thumb_type,nifty-point-club-poikatsu,ニフティポイントクラブの活用術!ネット利用者向けのポイ活基本,pointsite,popular_articles
warau-tsukaikata,ワラウでできるポイ活とは?遊びながら貯める前に知りたい基本,pointsite,10,4_same_thumb_type,point-museum-poikatsu,ポイントミュージアムとは?安全性・交換条件・特徴をわかりやすく解説,pointsite,popular_articles
welcia-point,ウエルシアのポイント制度!WAON POINT・Vポイントと「ウエル活」の仕組み,shopping,1,1_own_outbound_link,welkatsu-poikatsu,ウエル活とは?ドラッグストアでポイントを活用する基本と注意点,shopping,popular_articles
welcia-point,ウエルシアのポイント制度!WAON POINT・Vポイントと「ウエル活」の仕組み,shopping,2,1_own_outbound_link,drugstore-poikatsu,ドラッグストアでポイ活する方法!日用品・薬・コスメでポイントを貯める,shopping,popular_articles
welcia-point,ウエルシアのポイント制度!WAON POINT・Vポイントと「ウエル活」の仕組み,shopping,3,1_own_outbound_link,drugstore-point-hikaku,ドラッグストアのポイントを徹底比較|マツキヨ・ウエルシア・スギ薬局・ツルハなど,shopping,popular_articles
welcia-point,ウエルシアのポイント制度!WAON POINT・Vポイントと「ウエル活」の仕組み,shopping,4,3_tag_match,ec-current-poikatsu,ECカレントとは?家電通販の特徴とポイント制度を解説,shopping,popular_articles
welcia-point,ウエルシアのポイント制度!WAON POINT・Vポイントと「ウエル活」の仕組み,shopping,5,3_tag_match,kadenryohanten-point-hikaku,家電量販店のポイント比較|還元率・現金値引き・支払い方法を7社で比較,shopping,popular_articles
welcia-point,ウエルシアのポイント制度!WAON POINT・Vポイントと「ウエル活」の仕組み,shopping,6,3_tag_match,kikangentei-point-5shu-hikaku,期間限定ポイント5種を比較!失効前に使い切る方法,shopping,popular_articles
welcia-point,ウエルシアのポイント制度!WAON POINT・Vポイントと「ウエル活」の仕組み,shopping,7,3_tag_match,kikangentei-point-tsukaimichi,期間限定ポイントのおすすめ使い道|失効前にすぐ使える交換先ガイド,shopping,popular_articles
welcia-point,ウエルシアのポイント制度!WAON POINT・Vポイントと「ウエル活」の仕組み,shopping,8,3_tag_match,paypay-vpoint-koukan,PayPayポイント⇄Vポイント相互交換ガイド|レート・手順・注意点,shopping,popular_articles
welcia-point,ウエルシアのポイント制度!WAON POINT・Vポイントと「ウエル活」の仕組み,shopping,9,3_tag_match,point-niju-sanjudori-kumiawase,ポイント二重取り・三重取りの組み合わせ早見表!おすすめルートを解説,shopping,popular_articles
welcia-point,ウエルシアのポイント制度!WAON POINT・Vポイントと「ウエル活」の仕組み,shopping,10,3_tag_match,point-toushi-unyou-service-hikaku,ポイント投資・ポイント運用を主要サービスで比較,shopping,popular_articles
welkatsu-poikatsu,ウエル活とは?ドラッグストアでポイントを活用する基本と注意点,shopping,1,1_own_outbound_link,drugstore-poikatsu,ドラッグストアでポイ活する方法!日用品・薬・コスメでポイントを貯める,shopping,popular_articles
welkatsu-poikatsu,ウエル活とは?ドラッグストアでポイントを活用する基本と注意点,shopping,2,2_inbound_link,welcia-point,ウエルシアのポイント制度!WAON POINT・Vポイントと「ウエル活」の仕組み,shopping,popular_articles
welkatsu-poikatsu,ウエル活とは?ドラッグストアでポイントを活用する基本と注意点,shopping,3,4_same_thumb_type,aeon-point-tameru,イオンでポイントを効率よく貯める方法!WAON POINTと支払い方法の選び方,shopping,popular_articles
welkatsu-poikatsu,ウエル活とは?ドラッグストアでポイントを活用する基本と注意点,shopping,4,4_same_thumb_type,hahanohi-chichinohi-gift-point,母の日・父の日ギフトでポイントを貯める方法!早割と配送日の確認術,shopping,popular_articles
welkatsu-poikatsu,ウエル活とは?ドラッグストアでポイントを活用する基本と注意点,shopping,5,4_same_thumb_type,qoo10-poikatsu,Qoo10でポイ活する方法!メガ割前に準備したいチェックリスト,shopping,popular_articles
welkatsu-poikatsu,ウエル活とは?ドラッグストアでポイントを活用する基本と注意点,shopping,6,4_same_thumb_type,rakuten-ichiba-kaimawari,楽天市場でポイントを効率よく貯める方法!買い回り前に確認すること,shopping,popular_articles
welkatsu-poikatsu,ウエル活とは?ドラッグストアでポイントを活用する基本と注意点,shopping,7,5_category_hub,drugstore-point-hikaku,ドラッグストアのポイントを徹底比較|マツキヨ・ウエルシア・スギ薬局・ツルハなど,shopping,popular_articles
welkatsu-poikatsu,ウエル活とは?ドラッグストアでポイントを活用する基本と注意点,shopping,8,5_category_hub,point-toushi-unyou-service-hikaku,ポイント投資・ポイント運用を主要サービスで比較,shopping,popular_articles
welkatsu-poikatsu,ウエル活とは?ドラッグストアでポイントを活用する基本と注意点,shopping,9,6_same_category,rakuten-ichiba-toha,楽天市場とは?特徴とポイントの貯め方をわかりやすく解説,shopping,popular_articles
welkatsu-poikatsu,ウエル活とは?ドラッグストアでポイントを活用する基本と注意点,shopping,10,6_same_category,kikangentei-point-5shu-hikaku,期間限定ポイント5種を比較!失効前に使い切る方法,shopping,popular_articles
yachin-point-chuui,家賃支払いでポイントは貯まる?対応サービスと注意点を解説,shopping,1,4_same_thumb_type,amazon-gift-charge,Amazonギフト券チャージで損しない考え方!支払い方法と使い切りのコツ,shopping,popular_articles
yachin-point-chuui,家賃支払いでポイントは貯まる?対応サービスと注意点を解説,shopping,2,4_same_thumb_type,amazon-poikatsu,Amazonでポイ活はできる?ポイントを貯める方法と注意点を解説,shopping,popular_articles
yachin-point-chuui,家賃支払いでポイントは貯まる?対応サービスと注意点を解説,shopping,3,4_same_thumb_type,chuushajou-yoyaku-poikatsu,駐車場予約サービスでポイ活する方法!イベント前に確認したい条件,shopping,popular_articles
yachin-point-chuui,家賃支払いでポイントは貯まる?対応サービスと注意点を解説,shopping,4,4_same_thumb_type,dpoint-hanei-sarenai,dポイントが反映されない原因は?dポイントマーケットの確認方法も解説,shopping,popular_articles
yachin-point-chuui,家賃支払いでポイントは貯まる?対応サービスと注意点を解説,shopping,5,4_same_thumb_type,furusato-nozei-poikatsu,ふるさと納税でポイ活はできる?ポイント還元と注意点をわかりやすく解説,shopping,popular_articles
yachin-point-chuui,家賃支払いでポイントは貯まる?対応サービスと注意点を解説,shopping,6,4_same_thumb_type,game-kakin-point,ゲーム課金でポイントを貯める方法!Apple・Google残高利用時の注意,shopping,popular_articles
yachin-point-chuui,家賃支払いでポイントは貯まる?対応サービスと注意点を解説,shopping,7,4_same_thumb_type,halloween-yohin-poikatsu,ハロウィン用品でポイ活する方法!衣装・お菓子を買いすぎないコツ,shopping,popular_articles
yachin-point-chuui,家賃支払いでポイントは貯まる?対応サービスと注意点を解説,shopping,8,4_same_thumb_type,hikkoshi-seikatsuyohin-poikatsu,引越し後の生活用品で使えるポイ活術!支出が増える前に確認したい節約ポイント,shopping,popular_articles
yachin-point-chuui,家賃支払いでポイントは貯まる?対応サービスと注意点を解説,shopping,9,4_same_thumb_type,iryouhi-shohouyaku-point,医療費・処方薬でポイントは貯まる?支払い前に確認したい注意点,shopping,popular_articles
yachin-point-chuui,家賃支払いでポイントは貯まる?対応サービスと注意点を解説,shopping,10,4_same_thumb_type,koukyou-ryokin-poikatsu,電気・ガス・水道でポイントは貯まる?公共料金ポイ活の基本,shopping,popular_articles
yahoo-shopping-paypay,Yahoo!ショッピングでPayPayポイントを貯める方法!買い物前のチェックリスト,shopping,1,3_tag_match,code-kessai-4sha-hikaku,コード決済4社を徹底比較|PayPay・d払い・楽天ペイ・au PAY,shopping,popular_articles
yahoo-shopping-paypay,Yahoo!ショッピングでPayPayポイントを貯める方法!買い物前のチェックリスト,shopping,2,3_tag_match,kikangentei-point-5shu-hikaku,期間限定ポイント5種を比較!失効前に使い切る方法,shopping,popular_articles
yahoo-shopping-paypay,Yahoo!ショッピングでPayPayポイントを貯める方法!買い物前のチェックリスト,shopping,3,3_tag_match,kikangentei-point-tsukaimichi,期間限定ポイントのおすすめ使い道|失効前にすぐ使える交換先ガイド,shopping,popular_articles
yahoo-shopping-paypay,Yahoo!ショッピングでPayPayポイントを貯める方法!買い物前のチェックリスト,shopping,4,3_tag_match,lohaco-toha,LOHACOとは?特徴とポイントの貯め方をわかりやすく解説,shopping,popular_articles
yahoo-shopping-paypay,Yahoo!ショッピングでPayPayポイントを貯める方法!買い物前のチェックリスト,shopping,5,3_tag_match,paypay-point-kiso,PayPayポイントとは?貯め方・使い方・注意点を初心者向けに解説,shopping,popular_articles
yahoo-shopping-paypay,Yahoo!ショッピングでPayPayポイントを貯める方法!買い物前のチェックリスト,shopping,6,3_tag_match,paypay-point-tsukaimichi,PayPayポイントの使い道おすすめ!支払い・運用・貯蓄感覚で使う方法,shopping,popular_articles
yahoo-shopping-paypay,Yahoo!ショッピングでPayPayポイントを貯める方法!買い物前のチェックリスト,shopping,7,3_tag_match,paypay-point-tsukanai,PayPayポイントが付かない原因は?確認すべき条件と対策,shopping,popular_articles
yahoo-shopping-paypay,Yahoo!ショッピングでPayPayポイントを貯める方法!買い物前のチェックリスト,shopping,8,3_tag_match,paypay-vpoint-koukan,PayPayポイント⇄Vポイント相互交換ガイド|レート・手順・注意点,shopping,popular_articles
yahoo-shopping-paypay,Yahoo!ショッピングでPayPayポイントを貯める方法!買い物前のチェックリスト,shopping,9,3_tag_match,point-niju-sanjudori-kumiawase,ポイント二重取り・三重取りの組み合わせ早見表!おすすめルートを解説,shopping,popular_articles
yahoo-shopping-paypay,Yahoo!ショッピングでPayPayポイントを貯める方法!買い物前のチェックリスト,shopping,10,3_tag_match,point-toushi-unyou-service-hikaku,ポイント投資・ポイント運用を主要サービスで比較,shopping,popular_articles
yahoo-shopping-toha,Yahoo!ショッピングとは?特徴とポイントの貯め方をわかりやすく解説,shopping,1,2_inbound_link,net-shopping-point-kiso,ネットショッピングでポイントを貯める方法!楽天・Yahoo・Amazonの基本,shopping,popular_articles
yahoo-shopping-toha,Yahoo!ショッピングとは?特徴とポイントの貯め方をわかりやすく解説,shopping,2,2_inbound_link,paypay-point-tamekata,PayPayポイントの貯め方とは?もらう方法・使い方を解説,,popular_articles
yahoo-shopping-toha,Yahoo!ショッピングとは?特徴とポイントの貯め方をわかりやすく解説,shopping,3,2_inbound_link,softbank-ymobile-paypay-point,SoftBank・Y!mobileならPayPayポイント?相性の良いサービスを比較,shopping,popular_articles
yahoo-shopping-toha,Yahoo!ショッピングとは?特徴とポイントの貯め方をわかりやすく解説,shopping,4,3_tag_match,code-kessai-4sha-hikaku,コード決済4社を徹底比較|PayPay・d払い・楽天ペイ・au PAY,shopping,popular_articles
yahoo-shopping-toha,Yahoo!ショッピングとは?特徴とポイントの貯め方をわかりやすく解説,shopping,5,3_tag_match,kikangentei-point-5shu-hikaku,期間限定ポイント5種を比較!失効前に使い切る方法,shopping,popular_articles
yahoo-shopping-toha,Yahoo!ショッピングとは?特徴とポイントの貯め方をわかりやすく解説,shopping,6,3_tag_match,kikangentei-point-tsukaimichi,期間限定ポイントのおすすめ使い道|失効前にすぐ使える交換先ガイド,shopping,popular_articles
yahoo-shopping-toha,Yahoo!ショッピングとは?特徴とポイントの貯め方をわかりやすく解説,shopping,7,3_tag_match,lohaco-toha,LOHACOとは?特徴とポイントの貯め方をわかりやすく解説,shopping,popular_articles
yahoo-shopping-toha,Yahoo!ショッピングとは?特徴とポイントの貯め方をわかりやすく解説,shopping,8,3_tag_match,paypay-point-kiso,PayPayポイントとは?貯め方・使い方・注意点を初心者向けに解説,shopping,popular_articles
yahoo-shopping-toha,Yahoo!ショッピングとは?特徴とポイントの貯め方をわかりやすく解説,shopping,9,3_tag_match,paypay-point-tsukaimichi,PayPayポイントの使い道おすすめ!支払い・運用・貯蓄感覚で使う方法,shopping,popular_articles
yahoo-shopping-toha,Yahoo!ショッピングとは?特徴とポイントの貯め方をわかりやすく解説,shopping,10,3_tag_match,paypay-point-tsukanai,PayPayポイントが付かない原因は?確認すべき条件と対策,shopping,popular_articles
yahoo-travel-poikatsu,Yahoo!トラベルとは?PayPayポイントが貯まる・使える宿泊予約サービス,campaign,1,2_inbound_link,paypay-point-tamekata,PayPayポイントの貯め方とは?もらう方法・使い方を解説,,popular_articles
yahoo-travel-poikatsu,Yahoo!トラベルとは?PayPayポイントが貯まる・使える宿泊予約サービス,campaign,2,2_inbound_link,paypay-point-tsukaikata,PayPayポイントの使い方とは?店舗・連携・交換まで完全ガイド,,popular_articles
yahoo-travel-poikatsu,Yahoo!トラベルとは?PayPayポイントが貯まる・使える宿泊予約サービス,campaign,3,2_inbound_link,rakuten-travel-supersale-entry-coupon,楽天トラベルスーパーSALE攻略|エントリー条件とクーポン併用ルール,campaign,popular_articles
yahoo-travel-poikatsu,Yahoo!トラベルとは?PayPayポイントが貯まる・使える宿泊予約サービス,campaign,4,2_inbound_link,yahoo-travel-tsukaikata,Yahoo!トラベルでポイントを活用する方法!宿泊予約前の確認ポイント,campaign,popular_articles
yahoo-travel-poikatsu,Yahoo!トラベルとは?PayPayポイントが貯まる・使える宿泊予約サービス,campaign,5,2_inbound_link,yahoo-travel-ultrasale-poikatsu,Yahoo!トラベル「ウルトラセール」とは?最大3万円クーポン・PayPayポイント特典を解説,campaign,popular_articles
yahoo-travel-poikatsu,Yahoo!トラベルとは?PayPayポイントが貯まる・使える宿泊予約サービス,campaign,6,3_tag_match,kakuyasu-sim-norikae-poikatsu,格安SIM乗り換えでポイ活する方法!通信費を下げながら得する流れ,campaign,popular_articles
yahoo-travel-poikatsu,Yahoo!トラベルとは?PayPayポイントが貯まる・使える宿泊予約サービス,campaign,7,3_tag_match,paypay-campaign-katsuyo,PayPayでポイントを効率よく貯める方法!キャンペーン活用の基本,campaign,popular_articles
yahoo-travel-poikatsu,Yahoo!トラベルとは?PayPayポイントが貯まる・使える宿泊予約サービス,campaign,8,3_tag_match,paypay-jichitai-campaign-2026,【2026年10月〜】PayPay自治体キャンペーンまとめ!都城市・宮古島市の還元率・上限を解説,campaign,popular_articles
yahoo-travel-poikatsu,Yahoo!トラベルとは?PayPayポイントが貯まる・使える宿泊予約サービス,campaign,9,3_tag_match,sumaho-kessai-campaign-mikata,スマホ決済キャンペーンの見方!エントリー・上限・対象店舗を確認しよう,campaign,popular_articles
yahoo-travel-poikatsu,Yahoo!トラベルとは?PayPayポイントが貯まる・使える宿泊予約サービス,campaign,10,3_tag_match,travelist-poikatsu,トラベリストとは?発券方法・ポイント還元・手数料をわかりやすく解説,campaign,popular_articles
yahoo-travel-tsukaikata,Yahoo!トラベルでポイントを活用する方法!宿泊予約前の確認ポイント,campaign,1,1_own_outbound_link,yahoo-travel-poikatsu,Yahoo!トラベルとは?PayPayポイントが貯まる・使える宿泊予約サービス,campaign,popular_articles
yahoo-travel-tsukaikata,Yahoo!トラベルでポイントを活用する方法!宿泊予約前の確認ポイント,campaign,2,2_inbound_link,ryokou-yoyaku-point,旅行予約でポイントを貯める方法!ホテル・航空券・予約サイト活用術,shopping,popular_articles
yahoo-travel-tsukaikata,Yahoo!トラベルでポイントを活用する方法!宿泊予約前の確認ポイント,campaign,3,2_inbound_link,shukuhaku-yoyaku-point,宿泊予約サイトでポイントを取りこぼさない方法!予約前の比較ポイント,shopping,popular_articles
yahoo-travel-tsukaikata,Yahoo!トラベルでポイントを活用する方法!宿泊予約前の確認ポイント,campaign,4,2_inbound_link,yahoo-travel-ultrasale-poikatsu,Yahoo!トラベル「ウルトラセール」とは?最大3万円クーポン・PayPayポイント特典を解説,campaign,popular_articles
yahoo-travel-tsukaikata,Yahoo!トラベルでポイントを活用する方法!宿泊予約前の確認ポイント,campaign,5,3_tag_match,kakuyasu-sim-norikae-poikatsu,格安SIM乗り換えでポイ活する方法!通信費を下げながら得する流れ,campaign,popular_articles
yahoo-travel-tsukaikata,Yahoo!トラベルでポイントを活用する方法!宿泊予約前の確認ポイント,campaign,6,3_tag_match,paypay-campaign-katsuyo,PayPayでポイントを効率よく貯める方法!キャンペーン活用の基本,campaign,popular_articles
yahoo-travel-tsukaikata,Yahoo!トラベルでポイントを活用する方法!宿泊予約前の確認ポイント,campaign,7,3_tag_match,paypay-jichitai-campaign-2026,【2026年10月〜】PayPay自治体キャンペーンまとめ!都城市・宮古島市の還元率・上限を解説,campaign,popular_articles
yahoo-travel-tsukaikata,Yahoo!トラベルでポイントを活用する方法!宿泊予約前の確認ポイント,campaign,8,3_tag_match,sumaho-kessai-campaign-mikata,スマホ決済キャンペーンの見方!エントリー・上限・対象店舗を確認しよう,campaign,popular_articles
yahoo-travel-tsukaikata,Yahoo!トラベルでポイントを活用する方法!宿泊予約前の確認ポイント,campaign,9,3_tag_match,travelist-poikatsu,トラベリストとは?発券方法・ポイント還元・手数料をわかりやすく解説,campaign,popular_articles
yahoo-travel-tsukaikata,Yahoo!トラベルでポイントを活用する方法!宿泊予約前の確認ポイント,campaign,10,4_same_thumb_type,airtrip-tsukaikata,エアトリで旅行予約ポイ活!航空券購入前に見るべき費用とポイント,campaign,popular_articles
yahoo-travel-ultrasale-poikatsu,Yahoo!トラベル「ウルトラセール」とは?最大3万円クーポン・PayPayポイント特典を解説,campaign,1,1_own_outbound_link,yahoo-travel-poikatsu,Yahoo!トラベルとは?PayPayポイントが貯まる・使える宿泊予約サービス,campaign,popular_articles
yahoo-travel-ultrasale-poikatsu,Yahoo!トラベル「ウルトラセール」とは?最大3万円クーポン・PayPayポイント特典を解説,campaign,2,1_own_outbound_link,yahoo-travel-tsukaikata,Yahoo!トラベルでポイントを活用する方法!宿泊予約前の確認ポイント,campaign,popular_articles
yahoo-travel-ultrasale-poikatsu,Yahoo!トラベル「ウルトラセール」とは?最大3万円クーポン・PayPayポイント特典を解説,campaign,3,1_own_outbound_link,rakuten-travel-supersale-poikatsu,楽天トラベルスーパーセールで失敗しないポイ活!予約前チェックリスト,campaign,popular_articles
yahoo-travel-ultrasale-poikatsu,Yahoo!トラベル「ウルトラセール」とは?最大3万円クーポン・PayPayポイント特典を解説,campaign,4,1_own_outbound_link,paypay-point-kiso,PayPayポイントとは?貯め方・使い方・注意点を初心者向けに解説,shopping,popular_articles
yahoo-travel-ultrasale-poikatsu,Yahoo!トラベル「ウルトラセール」とは?最大3万円クーポン・PayPayポイント特典を解説,campaign,5,4_same_thumb_type,bonus-tsuki-poikatsu-keikaku,ボーナス月のポイ活計画!大きな買い物で損しない予算管理,campaign,popular_articles
yahoo-travel-ultrasale-poikatsu,Yahoo!トラベル「ウルトラセール」とは?最大3万円クーポン・PayPayポイント特典を解説,campaign,6,4_same_thumb_type,fukubukuro-hatsuuri-poikatsu,福袋・初売りでポイ活する方法!お得に見えて損しない選び方,campaign,popular_articles
yahoo-travel-ultrasale-poikatsu,Yahoo!トラベル「ウルトラセール」とは?最大3万円クーポン・PayPayポイント特典を解説,campaign,7,4_same_thumb_type,fuyujitaku-poikatsu,冬支度のポイ活術!暖房家電・防寒用品をお得に準備する方法,campaign,popular_articles
yahoo-travel-ultrasale-poikatsu,Yahoo!トラベル「ウルトラセール」とは?最大3万円クーポン・PayPayポイント特典を解説,campaign,8,4_same_thumb_type,ikkyu-poikatsu,一休.comでお得に予約する考え方!高級宿・レストラン利用時のポイント,campaign,popular_articles
yahoo-travel-ultrasale-poikatsu,Yahoo!トラベル「ウルトラセール」とは?最大3万円クーポン・PayPayポイント特典を解説,campaign,9,4_same_thumb_type,jcb-airmacau-campaign-2026,JCB×マカオ航空キャンペーン!日本発マカオ行き航空券が8%OFF【2026年9〜10月】,campaign,popular_articles
yahoo-travel-ultrasale-poikatsu,Yahoo!トラベル「ウルトラセール」とは?最大3万円クーポン・PayPayポイント特典を解説,campaign,10,4_same_thumb_type,kakuyasu-sim-norikae-poikatsu,格安SIM乗り換えでポイ活する方法!通信費を下げながら得する流れ,campaign,popular_articles
yodobashi-toha,ヨドバシ.comとは?特徴とポイントの貯め方をわかりやすく解説,shopping,1,4_same_thumb_type,amazon-tsuhan-toha,Amazonとは?特徴とポイントの貯め方をわかりやすく解説,shopping,popular_articles
yodobashi-toha,ヨドバシ.comとは?特徴とポイントの貯め方をわかりやすく解説,shopping,2,4_same_thumb_type,aupay-market-toha,au PAY マーケットとは?特徴とポイントの貯め方をわかりやすく解説,shopping,popular_articles
yodobashi-toha,ヨドバシ.comとは?特徴とポイントの貯め方をわかりやすく解説,shopping,3,4_same_thumb_type,biccamera-toha,ビックカメラ.comとは?特徴とポイントの貯め方をわかりやすく解説,shopping,popular_articles
yodobashi-toha,ヨドバシ.comとは?特徴とポイントの貯め方をわかりやすく解説,shopping,4,4_same_thumb_type,charge-route-point,チャージルートでポイントを増やす考え方!複雑にしすぎない決済設計,shopping,popular_articles
yodobashi-toha,ヨドバシ.comとは?特徴とポイントの貯め方をわかりやすく解説,shopping,5,4_same_thumb_type,daimaru-matsuzakaya-toha,大丸松坂屋オンラインストアとは?特徴とポイントの貯め方をわかりやすく解説,shopping,popular_articles
yodobashi-toha,ヨドバシ.comとは?特徴とポイントの貯め方をわかりやすく解説,shopping,6,4_same_thumb_type,docomo-select-toha,docomo selectとは?スマホアクセサリー購入とdポイントを解説,shopping,popular_articles
yodobashi-toha,ヨドバシ.comとは?特徴とポイントの貯め方をわかりやすく解説,shopping,7,4_same_thumb_type,dpoint-tsukaimichi,dポイントのおすすめの使い道!コンビニ・ドラッグストア・ネットで使う方法,shopping,popular_articles
yodobashi-toha,ヨドバシ.comとは?特徴とポイントの貯め方をわかりやすく解説,shopping,8,4_same_thumb_type,dshopping-toha,dショッピングとは?特徴とポイントの貯め方をわかりやすく解説,shopping,popular_articles
yodobashi-toha,ヨドバシ.comとは?特徴とポイントの貯め方をわかりやすく解説,shopping,9,4_same_thumb_type,ec-current-poikatsu,ECカレントとは?家電通販の特徴とポイント制度を解説,shopping,popular_articles
yodobashi-toha,ヨドバシ.comとは?特徴とポイントの貯め方をわかりやすく解説,shopping,10,4_same_thumb_type,hikkoshi-poikatsu,引っ越しでポイ活する方法!見積もり・家具購入・手続きの確認ポイント,shopping,popular_articles
yosekatsu,ポイ活の新常識!ポイントを分散せず効率よく貯める「寄せ活」の始め方,pointsite,1,2_inbound_link,au-uq-ponta,au・UQユーザーはPontaポイントにまとめるべき?相性の良いサービスを解説,shopping,popular_articles
yosekatsu,ポイ活の新常識!ポイントを分散せず効率よく貯める「寄せ活」の始め方,pointsite,2,2_inbound_link,docomo-ahamo-dpoint,ドコモ・ahamoユーザーはdポイントにまとめるべき?相性の良いサービスを解説,shopping,popular_articles
yosekatsu,ポイ活の新常識!ポイントを分散せず効率よく貯める「寄せ活」の始め方,pointsite,3,2_inbound_link,dpoint-ponta-hikaku,dポイントとPontaはどっちが得?貯め方・使える店・有効期限を比較,shopping,popular_articles
yosekatsu,ポイ活の新常識!ポイントを分散せず効率よく貯める「寄せ活」の始め方,pointsite,4,2_inbound_link,point-niju-sanjudori-kumiawase,ポイント二重取り・三重取りの組み合わせ早見表!おすすめルートを解説,shopping,popular_articles
yosekatsu,ポイ活の新常識!ポイントを分散せず効率よく貯める「寄せ活」の始め方,pointsite,5,2_inbound_link,rakuten-mobile-rakuten-point,楽天モバイルなら楽天ポイントにまとめるべき?楽天経済圏との相性を解説,shopping,popular_articles
yosekatsu,ポイ活の新常識!ポイントを分散せず効率よく貯める「寄せ活」の始め方,pointsite,6,2_inbound_link,rakuten-paypay-hikaku,楽天ポイントとPayPayポイントはどっち?通販・決済・カードで比較,shopping,popular_articles
yosekatsu,ポイ活の新常識!ポイントを分散せず効率よく貯める「寄せ活」の始め方,pointsite,7,2_inbound_link,softbank-ymobile-paypay-point,SoftBank・Y!mobileならPayPayポイント?相性の良いサービスを比較,shopping,popular_articles
yosekatsu,ポイ活の新常識!ポイントを分散せず効率よく貯める「寄せ活」の始め方,pointsite,8,2_inbound_link,vpoint-no-carrier,Vポイントと携帯キャリアの関係|ドコモ・au・ソフトバンクでも使える?,shopping,popular_articles
yosekatsu,ポイ活の新常識!ポイントを分散せず効率よく貯める「寄せ活」の始め方,pointsite,9,5_category_hub,poikatsu-kiso,ポイ活とは?初心者が最初に知っておきたい仕組みと始め方,pointsite,popular_articles
yosekatsu,ポイ活の新常識!ポイントを分散せず効率よく貯める「寄せ活」の始め方,pointsite,10,6_same_category,hapitas-poikatsu,ハピタスとは?ポイント還元率・交換方法・登録方法をわかりやすく解説,pointsite,popular_articles
zadankai-kaijouchousa-poikatsu,座談会・会場調査のポイ活とは?高単価案件に参加する前の注意点,survey,1,5_category_hub,ipsos-isay-poikatsu,Ipsos iSay(イプソス・アイセイ)とは?特徴・ポイントの貯め方を解説,survey,popular_articles
zadankai-kaijouchousa-poikatsu,座談会・会場調査のポイ活とは?高単価案件に参加する前の注意点,survey,2,5_category_hub,iresearch-poikatsu,アイリサーチとは?自社会場調査・ポイントの貯め方をわかりやすく解説,survey,popular_articles
zadankai-kaijouchousa-poikatsu,座談会・会場調査のポイ活とは?高単価案件に参加する前の注意点,survey,3,6_same_category,macromill-poikatsu,マクロミルとは?アンケート回答でポイントが貯まるモニターサービス,survey,popular_articles
zadankai-kaijouchousa-poikatsu,座談会・会場調査のポイ活とは?高単価案件に参加する前の注意点,survey,4,6_same_category,enquete-monitor-poikatsu,アンケートモニターでポイ活する方法!スキマ時間で稼ぐ前の基本,survey,popular_articles
zadankai-kaijouchousa-poikatsu,座談会・会場調査のポイ活とは?高単価案件に参加する前の注意点,survey,5,6_same_category,fancrew-poikatsu,ファンくるとは?覆面調査の仕組み・ポイント・安全性を解説,survey,popular_articles
zadankai-kaijouchousa-poikatsu,座談会・会場調査のポイ活とは?高単価案件に参加する前の注意点,survey,6,6_same_category,opinionworld-poikatsu,OpinionWorld(オピニオンワールド)とは?ポイント・交換先・安全性を公式情報で解説,survey,popular_articles
zadankai-kaijouchousa-poikatsu,座談会・会場調査のポイ活とは?高単価案件に参加する前の注意点,survey,7,6_same_category,cue-monitor-poikatsu,キューモニターでアンケートポイ活!初心者が知るべき使い方,survey,popular_articles
zadankai-kaijouchousa-poikatsu,座談会・会場調査のポイ活とは?高単価案件に参加する前の注意点,survey,8,6_same_category,fruitmail-poikatsu,フルーツメールとは?ゲーム・アンケートでポイントが貯まる懸賞サイト,survey,popular_articles
zadankai-kaijouchousa-poikatsu,座談会・会場調査のポイ活とは?高単価案件に参加する前の注意点,survey,9,6_same_category,infoq-poikatsu,infoQでポイ活する方法!アンケートと記事作成案件の見方,survey,popular_articles
zadankai-kaijouchousa-poikatsu,座談会・会場調査のポイ活とは?高単価案件に参加する前の注意点,survey,10,6_same_category,macromill-tsukaikata,マクロミルでアンケートポイ活を始める方法!回答前の注意点を解説,survey,popular_articles
zeikin-shiharai-point,税金支払いでポイントを貯める方法はある?手数料と還元率の考え方,creditcard,1,4_same_thumb_type,creca-tsumitate-point,クレカ積立でポイントは貯まる?投資前に知りたい基本と注意点,creditcard,popular_articles
zeikin-shiharai-point,税金支払いでポイントを貯める方法はある?手数料と還元率の考え方,creditcard,2,4_same_thumb_type,creditcard-hakkou-anken-poikatsu,クレジットカード発行案件のポイ活術!申し込み前に確認すべきこと,creditcard,popular_articles
zeikin-shiharai-point,税金支払いでポイントを貯める方法はある?手数料と還元率の考え方,creditcard,3,4_same_thumb_type,creditcard-tsukurisugi-chuui,クレジットカードを作りすぎると危険?ポイ活で注意したい信用情報の基本,creditcard,popular_articles
zeikin-shiharai-point,税金支払いでポイントを貯める方法はある?手数料と還元率の考え方,creditcard,4,5_category_hub,rakuten-card-poikatsu,楽天カードはポイ活に向いている?メリットと注意点を初心者向けに解説,creditcard,popular_articles
zeikin-shiharai-point,税金支払いでポイントを貯める方法はある?手数料と還元率の考え方,creditcard,5,5_category_hub,dcard-poikatsu,dカードはポイ活におすすめ?dポイントを貯めやすい人の特徴,creditcard,popular_articles
zeikin-shiharai-point,税金支払いでポイントを貯める方法はある?手数料と還元率の考え方,creditcard,6,6_same_category,mitsui-sumitomo-card-vpoint,三井住友カードでVポイントを貯める方法!対象店舗とタッチ決済の基本,creditcard,popular_articles
zeikin-shiharai-point,税金支払いでポイントを貯める方法はある?手数料と還元率の考え方,creditcard,7,6_same_category,credit-card-mile-hikaku,マイルが貯まるクレジットカード比較|ANA・JALの還元と移行条件,creditcard,popular_articles
zeikin-shiharai-point,税金支払いでポイントを貯める方法はある?手数料と還元率の考え方,creditcard,8,6_same_category,ana-amex-poikatsu,ANAアメックスが大幅刷新!ゴールド・プレミアムの新特典とマイル還元まとめ,creditcard,popular_articles
zeikin-shiharai-point,税金支払いでポイントを貯める方法はある?手数料と還元率の考え方,creditcard,9,6_same_category,credit-card-common-point-hikaku,共通ポイント別クレジットカード比較|d・楽天・Ponta・Vポイントで選ぶ,creditcard,popular_articles
zeikin-shiharai-point,税金支払いでポイントを貯める方法はある?手数料と還元率の考え方,creditcard,10,6_same_category,credit-card-point-hikaku,クレジットカードのポイントを徹底比較|還元率・年会費・使い道で選ぶ,creditcard,popular_articles
zozotown-poikatsu,ZOZOTOWNでポイ活する方法!服を買う前に確認したい支払いと送料,shopping,1,4_same_thumb_type,amazon-gift-charge,Amazonギフト券チャージで損しない考え方!支払い方法と使い切りのコツ,shopping,popular_articles
zozotown-poikatsu,ZOZOTOWNでポイ活する方法!服を買う前に確認したい支払いと送料,shopping,2,4_same_thumb_type,amazon-poikatsu,Amazonでポイ活はできる?ポイントを貯める方法と注意点を解説,shopping,popular_articles
zozotown-poikatsu,ZOZOTOWNでポイ活する方法!服を買う前に確認したい支払いと送料,shopping,3,4_same_thumb_type,chuushajou-yoyaku-poikatsu,駐車場予約サービスでポイ活する方法!イベント前に確認したい条件,shopping,popular_articles
zozotown-poikatsu,ZOZOTOWNでポイ活する方法!服を買う前に確認したい支払いと送料,shopping,4,4_same_thumb_type,dpoint-hanei-sarenai,dポイントが反映されない原因は?dポイントマーケットの確認方法も解説,shopping,popular_articles
zozotown-poikatsu,ZOZOTOWNでポイ活する方法!服を買う前に確認したい支払いと送料,shopping,5,4_same_thumb_type,furusato-nozei-poikatsu,ふるさと納税でポイ活はできる?ポイント還元と注意点をわかりやすく解説,shopping,popular_articles
zozotown-poikatsu,ZOZOTOWNでポイ活する方法!服を買う前に確認したい支払いと送料,shopping,6,4_same_thumb_type,game-kakin-point,ゲーム課金でポイントを貯める方法!Apple・Google残高利用時の注意,shopping,popular_articles
zozotown-poikatsu,ZOZOTOWNでポイ活する方法!服を買う前に確認したい支払いと送料,shopping,7,4_same_thumb_type,halloween-yohin-poikatsu,ハロウィン用品でポイ活する方法!衣装・お菓子を買いすぎないコツ,shopping,popular_articles
zozotown-poikatsu,ZOZOTOWNでポイ活する方法!服を買う前に確認したい支払いと送料,shopping,8,4_same_thumb_type,hikkoshi-seikatsuyohin-poikatsu,引越し後の生活用品で使えるポイ活術!支出が増える前に確認したい節約ポイント,shopping,popular_articles
zozotown-poikatsu,ZOZOTOWNでポイ活する方法!服を買う前に確認したい支払いと送料,shopping,9,4_same_thumb_type,iryouhi-shohouyaku-point,医療費・処方薬でポイントは貯まる?支払い前に確認したい注意点,shopping,popular_articles
zozotown-poikatsu,ZOZOTOWNでポイ活する方法!服を買う前に確認したい支払いと送料,shopping,10,4_same_thumb_type,koukyou-ryokin-poikatsu,電気・ガス・水道でポイントは貯まる?公共料金ポイ活の基本,shopping,popular_articles