source_slug,source_title,source_category,link_type,target_url,target_title_or_service,anchor_text,section_heading,relevance_score,affiliate_network,revenue_opportunity,issue,recommended_action
amazon-tsuhan-toha,Amazonとは?特徴とポイントの貯め方をわかりやすく解説,shopping,F,https://www.amazon.co.jp?&linkCode=ll2&tag=pointoden-22&linkId=02edfff6d39a89591780fd192c70b4db&ref_=as_li_ss_tl,Amazon(Amazonアソシエイト),Amazonの公式サイトを見る 公式サイトへ移動します,こんな方におすすめ,5,Amazonアソシエイト,,,
ana-furusato-mile,ANAのふるさと納税でマイルを貯める方法!旅行好き向けの基本,shopping,A,furusato-nozei-poikatsu,ふるさと納税でポイ活はできる?ポイント還元と注意点をわかりやすく解説,ふるさと納税でポイ活はできる?,4. 控除手続きの注意,5,,,,
ana-furusato-mile,ANAのふるさと納税でマイルを貯める方法!旅行好き向けの基本,shopping,A,../category/mile,マイル比較・選び方カテゴリページ,マイルの比較・選び方,よくある質問,4,,,,
ana-jal-mile-hikaku,ANAマイルとJALマイルはどっち?貯めやすさ・使いやすさを比較,shopping,A,../category/mile#rengou,マイル比較カテゴリページ(航空連合セクション),マイル比較ページの航空連合セクション,スターアライアンスとワンワールドの違い,4,,,,
ana-jal-mile-hikaku,ANAマイルとJALマイルはどっち?貯めやすさ・使いやすさを比較,shopping,A,../articles/point-yuukoukigen-kanri,ポイントの有効期限を管理する方法!失効を防ぐチェック習慣,ポイントの有効期限を管理する方法!失効を防ぐチェック習慣,ANAマイルとJALマイルの有効期限はほぼ同じ?,4,,,,
ana-jal-mile-hikaku,ANAマイルとJALマイルはどっち?貯めやすさ・使いやすさを比較,shopping,A,../articles/rakuten-ana-mile-koukan,楽天ポイントをANAマイルに交換できる?交換ルートと注意点を解説,楽天ポイントをANAマイルに交換できる?交換ルートと注意点を解説,共通ポイントから貯めるならANAとJALどっち?,4,,,,
ana-jal-mile-hikaku,ANAマイルとJALマイルはどっち?貯めやすさ・使いやすさを比較,shopping,A,../articles/ponta-mile-koukan,Pontaポイントをマイルや他社ポイントに交換する方法!使い道を広げるコツ,Pontaポイントをマイルや他社ポイントに交換する方法!使い道を広げるコツ,共通ポイントから貯めるならANAとJALどっち?,3,,,,
ana-jal-mile-hikaku,ANAマイルとJALマイルはどっち?貯めやすさ・使いやすさを比較,shopping,A,../articles/vpoint-tasha-koukan,Vポイントを他社ポイントへ交換する方法!交換先の選び方と注意点,Vポイントを他社ポイントへ交換する方法,共通ポイントから貯めるならANAとJALどっち?,3,,,,
ana-jal-mile-hikaku,ANAマイルとJALマイルはどっち?貯めやすさ・使いやすさを比較,shopping,A,../category/common-point,共通ポイント5種の比較カテゴリページ,共通ポイント5種の比較ページ,共通ポイントから貯めるならANAとJALどっち?,4,,,,
ana-jal-mile-hikaku,ANAマイルとJALマイルはどっち?貯めやすさ・使いやすさを比較,shopping,A,../articles/ana-mile-tameru-kachi,ANAマイルを貯めるべき人・貯めない方がいい人を解説,ANAマイルを貯めるべき人・貯めない方がいい人を詳しく見る →,ANAマイルが向いている人,5,,,,
ana-jal-mile-hikaku,ANAマイルとJALマイルはどっち?貯めやすさ・使いやすさを比較,shopping,A,../category/mile#ana,マイル比較カテゴリページ(ANAセクション),マイル比較ページのANAマイル詳細を見る →,ANAマイルが向いている人,4,,,,
ana-jal-mile-hikaku,ANAマイルとJALマイルはどっち?貯めやすさ・使いやすさを比較,shopping,A,../articles/ana-mileage-mall-poikatsu,ANAマイレージモールの使い方!通販前にマイルを貯める経由術,ANAマイレージモールの使い方を見る →,ANAマイルが向いている人,5,,,,
ana-jal-mile-hikaku,ANAマイルとJALマイルはどっち?貯めやすさ・使いやすさを比較,shopping,A,../articles/jal-mile-tameru-kachi,JALマイルを貯めるべき人・貯めない方がいい人を解説,JALマイルを貯めるべき人・貯めない方がいい人を詳しく見る →,JALマイルが向いている人,5,,,,
ana-jal-mile-hikaku,ANAマイルとJALマイルはどっち?貯めやすさ・使いやすさを比較,shopping,A,../category/mile#jal,マイル比較カテゴリページ(JALセクション),マイル比較ページのJALマイル詳細を見る →,JALマイルが向いている人,4,,,,
ana-jal-mile-hikaku,ANAマイルとJALマイルはどっち?貯めやすさ・使いやすさを比較,shopping,A,../articles/mile-koukan-merit,ポイントをマイルに交換するメリットは?旅行好き向けポイ活入門,ポイントをマイルに交換するメリットは?旅行好き向けポイ活入門 →,JALマイルが向いている人,4,,,,
ana-jal-mile-hikaku,ANAマイルとJALマイルはどっち?貯めやすさ・使いやすさを比較,shopping,A,../category/mile,マイル比較カテゴリページ,ANA・JAL・海外マイルを比較,ANA・JALマイルを無理に貯めなくてもよい人,4,,,,
ana-jal-mile-hikaku,ANAマイルとJALマイルはどっち?貯めやすさ・使いやすさを比較,shopping,A,../category/mile,マイル比較カテゴリページ,ANA・JAL・海外マイルを比較,まとめ,4,,,,
ana-mile-tameru-kachi,ANAマイルを貯めるべき人・貯めない方がいい人を解説,shopping,A,../articles/ana-mileage-mall-poikatsu,ANAマイレージモールの使い方!通販前にマイルを貯める経由術,ANAマイレージモール,飛行機に乗らずにANAマイルを貯める方法,5,,,,
ana-mile-tameru-kachi,ANAマイルを貯めるべき人・貯めない方がいい人を解説,shopping,A,../articles/rakuten-ana-mile-koukan,楽天ポイントをANAマイルに交換できる?交換ルートと注意点を解説,楽天ポイントからの交換,飛行機に乗らずにANAマイルを貯める方法,4,,,,
ana-mile-tameru-kachi,ANAマイルを貯めるべき人・貯めない方がいい人を解説,shopping,A,../category/mile#hikouki-nashi,マイル比較カテゴリページ(飛行機に乗らない方法セクション),マイル比較ページの「飛行機に乗らずにマイルを貯める方法」,飛行機に乗らずにANAマイルを貯める方法,4,,,,
ana-mile-tameru-kachi,ANAマイルを貯めるべき人・貯めない方がいい人を解説,shopping,A,../articles/ana-jal-mile-hikaku,ANAマイルとJALマイルはどっち?貯めやすさ・使いやすさを比較,ANAマイルとJALマイルはどっち?貯めやすさ・使いやすさを比較,貯めない方がいい場合の代替案,5,,,,
ana-mile-tameru-kachi,ANAマイルを貯めるべき人・貯めない方がいい人を解説,shopping,A,../articles/ana-mileageplus-hikaku,ANAマイルとMileagePlusはどっち?同じスターアライアンスで何が違う?,ANAマイルとMileagePlusはどっち?同じスターアライアンスで何が違う?,貯めない方がいい場合の代替案,4,,,,
ana-mile-tameru-kachi,ANAマイルを貯めるべき人・貯めない方がいい人を解説,shopping,A,../category/common-point,共通ポイント5種の比較カテゴリページ,共通ポイント5種の比較ページ,貯めない方がいい場合の代替案,3,,,,
ana-mile-tameru-kachi,ANAマイルを貯めるべき人・貯めない方がいい人を解説,shopping,A,../articles/ana-jal-mile-hikaku,ANAマイルとJALマイルはどっち?貯めやすさ・使いやすさを比較,ANAマイルとJALマイルの比較記事,よくある質問,4,,,,
ana-mile-tameru-kachi,ANAマイルを貯めるべき人・貯めない方がいい人を解説,shopping,A,../category/mile,マイル比較カテゴリページ,ANA・JAL・海外マイルを比較,まとめ,4,,,,
ana-mileage-mall-poikatsu,ANAマイレージモールの使い方!通販前にマイルを貯める経由術,shopping,A,mile-koukan-merit,ポイントをマイルに交換するメリットは?旅行好き向けポイ活入門,ポイントをマイルに交換するメリットは?旅行好き向けポイ活入門,5. 旅行目的で使うコツ,4,,,,
ana-mileageplus-hikaku,ANAマイルとMileagePlusはどっち?同じスターアライアンスで何が違う?,shopping,A,../articles/ana-jal-mile-hikaku,ANAマイルとJALマイルはどっち?貯めやすさ・使いやすさを比較,ANAマイルとJALマイルはどっち?,有効期限の違いが最大のポイント,5,,,,
ana-mileageplus-hikaku,ANAマイルとMileagePlusはどっち?同じスターアライアンスで何が違う?,shopping,A,../articles/mileageplus-nihon-zaijuu,MileagePlusは日本在住でも貯める価値がある?メリット・注意点を解説,MileagePlusは日本在住でも貯める価値がある?,どんな人にどちらが向くか,5,,,,
ana-mileageplus-hikaku,ANAマイルとMileagePlusはどっち?同じスターアライアンスで何が違う?,shopping,A,../articles/mileageplus-nihon-zaijuu,MileagePlusは日本在住でも貯める価値がある?メリット・注意点を解説,MileagePlusは日本在住でも貯める価値がある?,よくある質問,4,,,,
ana-mileageplus-hikaku,ANAマイルとMileagePlusはどっち?同じスターアライアンスで何が違う?,shopping,A,../category/mile,マイル比較カテゴリページ,ANA・JAL・海外マイルを比較,まとめ,4,,,,
au-uq-ponta,au・UQユーザーはPontaポイントにまとめるべき?相性の良いサービスを解説,shopping,A,../articles/aupay-ponta,au PAYでPontaポイントを貯める方法!スマホ決済との組み合わせを解説,au PAY,相性が良いサービス,5,,,,
au-uq-ponta,au・UQユーザーはPontaポイントにまとめるべき?相性の良いサービスを解説,shopping,A,../articles/lawson-ponta,ローソンでPontaポイントを貯める方法!買い物前に知っておきたい基本,ローソン,相性が良いサービス,5,,,,
au-uq-ponta,au・UQユーザーはPontaポイントにまとめるべき?相性の良いサービスを解説,shopping,A,../articles/aupay-furusato-poikatsu,au PAYふるさと納税のPontaポイントは貯まる?2025年10月の変更を解説,au PAY ふるさと納税,相性が良いサービス,4,,,,
au-uq-ponta,au・UQユーザーはPontaポイントにまとめるべき?相性の良いサービスを解説,shopping,A,docomo-ahamo-dpoint,ドコモ・ahamoユーザーはdポイントにまとめるべき?相性の良いサービスを解説,dポイントとの相性,他のポイントを選んだ方がよいケース,3,,,,
au-uq-ponta,au・UQユーザーはPontaポイントにまとめるべき?相性の良いサービスを解説,shopping,A,dpoint-ponta-hikaku,dポイントとPontaはどっちが得?貯め方・使える店・有効期限を比較,dポイントとPontaポイントはどっち?,他のポイントを選んだ方がよいケース,4,,,,
au-uq-ponta,au・UQユーザーはPontaポイントにまとめるべき?相性の良いサービスを解説,shopping,A,../articles/yosekatsu,ポイ活の新常識!ポイントを分散せず効率よく貯める「寄せ活」の始め方,ポイ活の新常識!ポイントを分散せず効率よく貯める「寄せ活」の始め方,編集部の判断|段階別に見るまとめる価値,3,,,,
au-uq-ponta,au・UQユーザーはPontaポイントにまとめるべき?相性の良いサービスを解説,shopping,A,../articles/ponta-kiso,Pontaポイントとは?貯め方・使い方・相性の良いサービスを解説,Pontaポイントとは?貯め方・使い方・相性の良いサービスを解説,編集部の判断|段階別に見るまとめる価値,5,,,,
au-uq-ponta,au・UQユーザーはPontaポイントにまとめるべき?相性の良いサービスを解説,shopping,A,dpoint-ponta-hikaku,dポイントとPontaはどっちが得?貯め方・使える店・有効期限を比較,dポイントとPontaポイントの比較記事,よくある質問,4,,,,
au-uq-ponta,au・UQユーザーはPontaポイントにまとめるべき?相性の良いサービスを解説,shopping,A,../category/common-point,共通ポイント5種の比較カテゴリページ,共通ポイント5種の比較ページ,よくある質問,4,,,,
aupay-market-toha,au PAY マーケットとは?特徴とポイントの貯め方をわかりやすく解説,shopping,F,https://px.a8.net/svt/ejp?a8mat=4B84X3+7EQ8KA+54O2+61JSH,au PAY マーケット(A8.net),au PAY マーケットの公式サイトを見る 公式サイトへ移動します,こんな方におすすめ,5,A8.net,,,
biccamera-toha,ビックカメラ.comとは?特徴とポイントの貯め方をわかりやすく解説,shopping,E,https://www.biccamera.com/,ビックカメラ.com(公式・非アフィリエイト),ビックカメラ.comの公式サイトを見る 公式サイトへ移動します,こんな方におすすめ,4,,MEDIUM,AFFILIATE_OPPORTUNITY_MEDIUM,公式直リンクのみでアフィリエイト化されていない。ビックカメラのアフィリエイトプログラムがあれば切り替えを検討
carshare-point-katsuyou,カーシェアでポイ活する方法とは?短時間利用の節約ポイントを解説,shopping,F,https://tr.affiliate-sp.docomo.ne.jp/cl/d0000004528/5239/665,dカーシェア(ドコモアフィリエイト),dカーシェアのサービス内容を見る 公式サイトへ移動します,2. ポイントが使える場面,3,ドコモアフィリエイト,,,記事は「カーシェア」全般がテーマのためdカーシェア以外の主要カーシェアサービスにも触れ比較を厚くすると訴求力が上がる
charge-route-point,チャージルートでポイントを増やす考え方!複雑にしすぎない決済設計,shopping,A,point-niju-sanjudori-kumiawase,ポイント二重取り・三重取りの組み合わせ早見表!おすすめルートを解説,ポイント二重取り・三重取りの組み合わせ早見表,よくある質問,4,,,,
cleaning-poikatsu,クリーニング代でポイントを貯める方法!宅配と店舗を比較するコツ,shopping,A,../category/shopping,ショッピングカテゴリページ,ショッピングの比較・選び方,よくある質問,3,,,,
code-kessai-4sha-hikaku,コード決済4社を徹底比較|PayPay・d払い・楽天ペイ・au PAY,shopping,A,../category/common-point,共通ポイント5種の比較カテゴリページ,共通ポイント5種の比較,3. 貯まるポイント・使えるポイント・有効期限を比較,4,,,,
code-kessai-4sha-hikaku,コード決済4社を徹底比較|PayPay・d払い・楽天ペイ・au PAY,shopping,A,../articles/sumaho-kessai-poikatsu,スマホ決済でポイ活する方法!PayPay・楽天ペイ・d払いの使い分け,スマホ決済でポイ活する方法,よくある質問,4,,,,
code-kessai-4sha-hikaku,コード決済4社を徹底比較|PayPay・d払い・楽天ペイ・au PAY,shopping,A,../articles/qr-kessai-poikatsu,QRコード決済でポイントを貯める方法!支払い前のチェックポイント,QRコード決済でポイントを貯める方法,よくある質問,4,,,,
d-point-supermarket,dポイントが貯まるスーパー一覧|使える店舗・地域スーパーも比較,shopping,A,../category/supermarket,スーパー比較カテゴリページ,スーパー比較ページ,(見出しなし),4,,,,
d-point-supermarket,dポイントが貯まるスーパー一覧|使える店舗・地域スーパーも比較,shopping,A,#ketsuron,(同一ページ内アンカー:結論),結論,(見出しなし),4,,,,
d-point-supermarket,dポイントが貯まるスーパー一覧|使える店舗・地域スーパーも比較,shopping,A,#kubun,(同一ページ内アンカー:dポイントカードとd払いは別),dポイントカードとd払いは別,(見出しなし),4,,,,
d-point-supermarket,dポイントが貯まるスーパー一覧|使える店舗・地域スーパーも比較,shopping,A,#hikaku,(同一ページ内アンカー:比較表),dポイントが貯まる・使えるスーパー比較表,(見出しなし),4,,,,
d-point-supermarket,dポイントが貯まるスーパー一覧|使える店舗・地域スーパーも比較,shopping,A,#chiiki,(同一ページ内アンカー:地域別),地域別に見るdポイント対応スーパー,(見出しなし),4,,,,
d-point-supermarket,dポイントが貯まるスーパー一覧|使える店舗・地域スーパーも比較,shopping,A,#erabanai,(同一ページ内アンカー:選ばない),dポイント対応だけでスーパーを選ばない,(見出しなし),4,,,,
d-point-supermarket,dポイントが貯まるスーパー一覧|使える店舗・地域スーパーも比較,shopping,A,#youtobetsu,(同一ページ内アンカー:利用状況別),利用状況別|スーパーでdポイントを貯める価値,(見出しなし),4,,,,
d-point-supermarket,dポイントが貯まるスーパー一覧|使える店舗・地域スーパーも比較,shopping,A,#simulation,(同一ページ内アンカー:シミュレーション),利用額別シミュレーション,(見出しなし),4,,,,
d-point-supermarket,dポイントが貯まるスーパー一覧|使える店舗・地域スーパーも比較,shopping,A,#dokuji,(同一ページ内アンカー:独自ポイント),独自ポイントとdポイント、どちらを貯める?,(見出しなし),4,,,,
d-point-supermarket,dポイントが貯まるスーパー一覧|使える店舗・地域スーパーも比較,shopping,A,#muku,(同一ページ内アンカー:向いている人),dポイントが向いている人,(見出しなし),4,,,,
d-point-supermarket,dポイントが貯まるスーパー一覧|使える店舗・地域スーパーも比較,shopping,A,#muitenai,(同一ページ内アンカー:無理に寄せなくてもいい人),無理に寄せなくてもいい人,(見出しなし),4,,,,
d-point-supermarket,dポイントが貯まるスーパー一覧|使える店舗・地域スーパーも比較,shopping,A,#faq,(同一ページ内アンカー:FAQ),よくある質問,(見出しなし),4,,,,
d-point-supermarket,dポイントが貯まるスーパー一覧|使える店舗・地域スーパーも比較,shopping,A,#matome,(同一ページ内アンカー:まとめ),まとめ,(見出しなし),4,,,,
d-point-supermarket,dポイントが貯まるスーパー一覧|使える店舗・地域スーパーも比較,shopping,A,../category/supermarket,スーパー比較カテゴリページ,スーパー比較ページ,dポイントが貯まる・使えるスーパー比較表,4,,,,
d-point-supermarket,dポイントが貯まるスーパー一覧|使える店舗・地域スーパーも比較,shopping,A,../category/supermarket,スーパー比較カテゴリページ,スーパー比較ページ,九州,3,,,,
d-point-supermarket,dポイントが貯まるスーパー一覧|使える店舗・地域スーパーも比較,shopping,A,../articles/docomo-ahamo-dpoint,ドコモ・ahamoユーザーはdポイントにまとめるべき?相性の良いサービスを解説,ドコモ・ahamoユーザーはdポイントにまとめるべき?,dポイントが向いている人,5,,,,
d-point-supermarket,dポイントが貯まるスーパー一覧|使える店舗・地域スーパーも比較,shopping,A,../articles/dpoint-kiso,dポイントの貯め方を初心者向けに解説!ドコモ以外の人でも使える?,dポイントの貯め方を初心者向けに解説,dポイントが向いている人,5,,,,
d-point-supermarket,dポイントが貯まるスーパー一覧|使える店舗・地域スーパーも比較,shopping,A,../articles/ponta-supermarket,Pontaが貯まるスーパー一覧|使える店舗・地域スーパーも比較,Pontaが貯まる・使えるスーパーを比較するページ,無理に寄せなくてもいい人,4,,,,
d-point-supermarket,dポイントが貯まるスーパー一覧|使える店舗・地域スーパーも比較,shopping,A,../category/supermarket,スーパー比較カテゴリページ,スーパー比較ページ,まとめ,4,,,,
d-point-supermarket,dポイントが貯まるスーパー一覧|使える店舗・地域スーパーも比較,shopping,A,../category/common-point,共通ポイント5種の比較カテゴリページ,共通ポイント5種を比較するページ,まとめ,4,,,,
daimaru-matsuzakaya-toha,大丸松坂屋オンラインストアとは?特徴とポイントの貯め方をわかりやすく解説,shopping,F,https://ck.jp.ap.valuecommerce.com/servlet/referral?sid=3776575&pid=892689186&vc_url=https%3A%2F%2Fwww.daimaru-matsuzakaya.jp,大丸松坂屋オンラインストア(ValueCommerce),大丸松坂屋オンラインストアの公式サイトを見る 公式サイトへ移動します,こんな方におすすめ,5,ValueCommerce,,,
denryoku-norikae-point,電力会社乗り換えでポイントを貯める方法!料金比較と特典の見方,shopping,A,docomo-denki-poikatsu,ドコモでんきとは?電気代でdポイントが貯まる仕組みを解説,ドコモでんき,2. ポイント特典の確認,5,,,,
denryoku-norikae-point,電力会社乗り換えでポイントを貯める方法!料金比較と特典の見方,shopping,A,koukyou-ryokin-poikatsu,電気・ガス・水道でポイントは貯まる?公共料金ポイ活の基本,電気・ガス・水道でポイントは貯まる?公共料金ポイ活の基本,5. 家計全体で判断するコツ,4,,,,
docomo-ahamo-dpoint,ドコモ・ahamoユーザーはdポイントにまとめるべき?相性の良いサービスを解説,shopping,A,../articles/dpoint-tsukaikata,dポイントの使い方とは?店舗・連携・交換まで完全ガイド,d払い,相性が良いサービス,4,,,,アンカーテキスト「d払い」がリンク先記事タイトル(dポイントの使い方)とやや不一致。「dポイントの使い方を見る」等リンク先内容が明確な文言に統一を推奨
docomo-ahamo-dpoint,ドコモ・ahamoユーザーはdポイントにまとめるべき?相性の良いサービスを解説,shopping,A,../articles/dcard-poikatsu,dカードはポイ活におすすめ?dポイントを貯めやすい人の特徴,dカード,相性が良いサービス,5,,,,
docomo-ahamo-dpoint,ドコモ・ahamoユーザーはdポイントにまとめるべき?相性の良いサービスを解説,shopping,A,../articles/ahamo-hikari-poikatsu,ahamo光とは?料金・dポイント特典・工事費無料の条件を解説,ahamo光,相性が良いサービス,4,,,,
docomo-ahamo-dpoint,ドコモ・ahamoユーザーはdポイントにまとめるべき?相性の良いサービスを解説,shopping,A,../articles/docomo-denki-poikatsu,ドコモでんきとは?電気代でdポイントが貯まる仕組みを解説,ドコモでんき,相性が良いサービス,4,,,,
docomo-ahamo-dpoint,ドコモ・ahamoユーザーはdポイントにまとめるべき?相性の良いサービスを解説,shopping,A,../articles/dpoint-tsukaikata,dポイントの使い方とは?店舗・連携・交換まで完全ガイド,dポイントの使い方,相性が良いサービス,4,,,,
docomo-ahamo-dpoint,ドコモ・ahamoユーザーはdポイントにまとめるべき?相性の良いサービスを解説,shopping,A,rakuten-mobile-rakuten-point,楽天モバイルなら楽天ポイントにまとめるべき?楽天経済圏との相性を解説,楽天ポイントとの相性,他のポイントを選んだ方がよいケース,3,,,,
docomo-ahamo-dpoint,ドコモ・ahamoユーザーはdポイントにまとめるべき?相性の良いサービスを解説,shopping,A,au-uq-ponta,au・UQユーザーはPontaポイントにまとめるべき?相性の良いサービスを解説,Pontaポイント,他のポイントを選んだ方がよいケース,3,,,,
docomo-ahamo-dpoint,ドコモ・ahamoユーザーはdポイントにまとめるべき?相性の良いサービスを解説,shopping,A,../articles/yosekatsu,ポイ活の新常識!ポイントを分散せず効率よく貯める「寄せ活」の始め方,ポイ活の新常識!ポイントを分散せず効率よく貯める「寄せ活」の始め方,編集部の判断|こんな人ならまとめる価値が高い,3,,,,
docomo-ahamo-dpoint,ドコモ・ahamoユーザーはdポイントにまとめるべき?相性の良いサービスを解説,shopping,A,dpoint-ponta-hikaku,dポイントとPontaはどっちが得?貯め方・使える店・有効期限を比較,dポイントとPontaポイントの比較記事,よくある質問,4,,,,
docomo-ahamo-dpoint,ドコモ・ahamoユーザーはdポイントにまとめるべき?相性の良いサービスを解説,shopping,A,../category/common-point,共通ポイント5種の比較カテゴリページ,共通ポイント5種の比較ページ,よくある質問,4,,,,
docomo-select-toha,docomo selectとは?スマホアクセサリー購入とdポイントを解説,shopping,F,https://tr.affiliate-sp.docomo.ne.jp/cl/d0000001231/5239/428,docomo select(ドコモアフィリエイト),docomo selectの詳細を見る 公式サイトへ移動します,こんな方におすすめ,5,ドコモアフィリエイト,,,
doramori-point,ドラッグストアモリのポイントを解説|ポイントデー・使い方・キャッシュレス時の条件,shopping,A,drugstore-point-hikaku,ドラッグストアのポイントを徹底比較|マツキヨ・ウエルシア・スギ薬局・ツルハなど,ドラッグストアのポイント徹底比較,よくある質問,5,,,,
dpoint-ponta-hikaku,dポイントとPontaはどっちが得?貯め方・使える店・有効期限を比較,shopping,A,kikangentei-point-5shu-hikaku,期間限定ポイント5種を比較!失効前に使い切る方法,期間限定ポイント5種を比較,最新の有効期限制度(2025年12月改定),4,,,,
dpoint-ponta-hikaku,dポイントとPontaはどっちが得?貯め方・使える店・有効期限を比較,shopping,A,docomo-ahamo-dpoint,ドコモ・ahamoユーザーはdポイントにまとめるべき?相性の良いサービスを解説,詳しく見る →,ケース別|どっちが得?,4,,,VAGUE_ANCHOR,アンカー「詳しく見る →」を「ドコモ・ahamoユーザー向けの相性を詳しく見る」等、リンク先が分かる文言に変更
dpoint-ponta-hikaku,dポイントとPontaはどっちが得?貯め方・使える店・有効期限を比較,shopping,A,au-uq-ponta,au・UQユーザーはPontaポイントにまとめるべき?相性の良いサービスを解説,詳しく見る →,ケース別|どっちが得?,4,,,VAGUE_ANCHOR,アンカー「詳しく見る →」を「au・UQユーザー向けの相性を詳しく見る」等、リンク先が分かる文言に変更
dpoint-ponta-hikaku,dポイントとPontaはどっちが得?貯め方・使える店・有効期限を比較,shopping,A,point-toushi-unyou-service-hikaku,ポイント投資・ポイント運用を主要サービスで比較,詳しく見る →,ケース別|どっちが得?,3,,,VAGUE_ANCHOR,アンカー「詳しく見る →」を「ポイント投資サービスを詳しく見る」等、リンク先が分かる文言に変更
dpoint-ponta-hikaku,dポイントとPontaはどっちが得?貯め方・使える店・有効期限を比較,shopping,A,point-tamaru-ginkou-hikaku,ポイントが貯まる銀行を比較!d・楽天・V・Ponta・PayPay系の選び方,ポイントが貯まる銀行を比較,ケース別|どっちが得?,4,,,,
dpoint-ponta-hikaku,dポイントとPontaはどっちが得?貯め方・使える店・有効期限を比較,shopping,A,yosekatsu,ポイ活の新常識!ポイントを分散せず効率よく貯める「寄せ活」の始め方,ポイ活の新常識!ポイントを分散せず効率よく貯める「寄せ活」の始め方,ポイントをまとめるときの注意,4,,,,
dpoint-ponta-hikaku,dポイントとPontaはどっちが得?貯め方・使える店・有効期限を比較,shopping,A,../category/common-point,共通ポイント5種の比較カテゴリページ,共通ポイント5種の比較ページ,よくある質問,4,,,,
drugstore-poikatsu,ドラッグストアでポイ活する方法!日用品・薬・コスメでポイントを貯める,shopping,A,drugstore-point-hikaku,ドラッグストアのポイントを徹底比較|マツキヨ・ウエルシア・スギ薬局・ツルハなど,ドラッグストアのポイント徹底比較,(見出しなし),5,,,,
drugstore-poikatsu,ドラッグストアでポイ活する方法!日用品・薬・コスメでポイントを貯める,shopping,A,matsukiyo-cocokara-point,マツキヨココカラのポイント制度!マツキヨココカラポイントとdポイントの関係,マツキヨココカラのポイント制度,2. 共通ポイントの使い分け,4,,,,
drugstore-poikatsu,ドラッグストアでポイ活する方法!日用品・薬・コスメでポイントを貯める,shopping,A,matsukiyo-cocokara-poikatsu,マツキヨココカラでポイ活する方法!アプリ・クーポン・決済の基本,マツキヨココカラでポイ活する方法,2. 共通ポイントの使い分け,4,,,,
drugstore-point-hikaku,ドラッグストアのポイントを徹底比較|マツキヨ・ウエルシア・スギ薬局・ツルハなど,shopping,A,#hikaku,(同一ページ内アンカー),主要14社を一覧比較,(見出しなし),4,,,,
drugstore-point-hikaku,ドラッグストアのポイントを徹底比較|マツキヨ・ウエルシア・スギ薬局・ツルハなど,shopping,A,#kyoutsu,(同一ページ内アンカー),共通ポイントとの関係を整理,(見出しなし),4,,,,
drugstore-point-hikaku,ドラッグストアのポイントを徹底比較|マツキヨ・ウエルシア・スギ薬局・ツルハなど,shopping,A,#pointup,(同一ページ内アンカー),ポイントアップ制度,(見出しなし),4,,,,
drugstore-point-hikaku,ドラッグストアのポイントを徹底比較|マツキヨ・ウエルシア・スギ薬局・ツルハなど,shopping,A,#taishougai,(同一ページ内アンカー),対象外になりやすい商品,(見出しなし),4,,,,
drugstore-point-hikaku,ドラッグストアのポイントを徹底比較|マツキヨ・ウエルシア・スギ薬局・ツルハなど,shopping,A,#simulation,(同一ページ内アンカー),月間利用額シミュレーション,(見出しなし),4,,,,
drugstore-point-hikaku,ドラッグストアのポイントを徹底比較|マツキヨ・ウエルシア・スギ薬局・ツルハなど,shopping,A,#osusume,(同一ページ内アンカー),利用状況別のおすすめ,(見出しなし),4,,,,
drugstore-point-hikaku,ドラッグストアのポイントを徹底比較|マツキヨ・ウエルシア・スギ薬局・ツルハなど,shopping,A,#faq,(同一ページ内アンカー),よくある質問,(見出しなし),4,,,,
drugstore-point-hikaku,ドラッグストアのポイントを徹底比較|マツキヨ・ウエルシア・スギ薬局・ツルハなど,shopping,A,#matome,(同一ページ内アンカー),まとめ,(見出しなし),4,,,,
drugstore-point-hikaku,ドラッグストアのポイントを徹底比較|マツキヨ・ウエルシア・スギ薬局・ツルハなど,shopping,A,../category/common-point,共通ポイント5種の比較カテゴリページ,共通ポイント5種を比較するページ,共通ポイントとの関係を整理,4,,,,
drugstore-point-hikaku,ドラッグストアのポイントを徹底比較|マツキヨ・ウエルシア・スギ薬局・ツルハなど,shopping,A,matsukiyo-cocokara-point,マツキヨココカラのポイント制度!マツキヨココカラポイントとdポイントの関係,マツキヨココカラの記事,ポイントアップ制度,5,,,,
drugstore-point-hikaku,ドラッグストアのポイントを徹底比較|マツキヨ・ウエルシア・スギ薬局・ツルハなど,shopping,A,doramori-point,ドラッグストアモリのポイントを解説|ポイントデー・使い方・キャッシュレス時の条件,ドラッグストアモリの記事,ポイントアップ制度,5,,,,
drugstore-point-hikaku,ドラッグストアのポイントを徹底比較|マツキヨ・ウエルシア・スギ薬局・ツルハなど,shopping,A,seims-point,ドラッグセイムスのポイントを解説|セイムスポイントカードと楽天ポイントの関係,ドラッグセイムスの記事,ポイントアップ制度,5,,,,
drugstore-point-hikaku,ドラッグストアのポイントを徹底比較|マツキヨ・ウエルシア・スギ薬局・ツルハなど,shopping,A,../articles/matsukiyo-cocokara-point,マツキヨココカラのポイント制度!マツキヨココカラポイントとdポイントの関係,マツキヨココカラ,まとめ,4,,,,
drugstore-point-hikaku,ドラッグストアのポイントを徹底比較|マツキヨ・ウエルシア・スギ薬局・ツルハなど,shopping,A,../articles/welcia-point,ウエルシアのポイント制度!WAON POINT・Vポイントと「ウエル活」の仕組み,ウエルシア,まとめ,5,,,,
drugstore-point-hikaku,ドラッグストアのポイントを徹底比較|マツキヨ・ウエルシア・スギ薬局・ツルハなど,shopping,A,../articles/sugi-point,スギ薬局のポイント制度!スギポイントの貯め方と使い方,スギ薬局,まとめ,5,,,,
drugstore-point-hikaku,ドラッグストアのポイントを徹底比較|マツキヨ・ウエルシア・スギ薬局・ツルハなど,shopping,A,../articles/tsuruha-point,ツルハのポイント制度!ツルハポイントカードと楽天ポイントの併用,ツルハ,まとめ,5,,,,
drugstore-point-hikaku,ドラッグストアのポイントを徹底比較|マツキヨ・ウエルシア・スギ薬局・ツルハなど,shopping,A,../articles/doramori-point,ドラッグストアモリのポイントを解説|ポイントデー・使い方・キャッシュレス時の条件,ドラッグストアモリ,まとめ,4,,,,
drugstore-point-hikaku,ドラッグストアのポイントを徹底比較|マツキヨ・ウエルシア・スギ薬局・ツルハなど,shopping,A,../articles/seims-point,ドラッグセイムスのポイントを解説|セイムスポイントカードと楽天ポイントの関係,ドラッグセイムス,まとめ,4,,,,
drugstore-point-hikaku,ドラッグストアのポイントを徹底比較|マツキヨ・ウエルシア・スギ薬局・ツルハなど,shopping,A,../category/drugstore,ドラッグストアカテゴリページ,← ドラッグストアの比較・選び方に戻る,まとめ,4,,,,
dshopping-toha,dショッピングとは?特徴とポイントの貯め方をわかりやすく解説,shopping,F,https://tr.affiliate-sp.docomo.ne.jp/cl/d0000001451/5239/15,dショッピング(ドコモアフィリエイト),dショッピングの公式サイトを見る 公式サイトへ移動します,こんな方におすすめ,5,ドコモアフィリエイト,,,
ec-current-poikatsu,ECカレントとは?家電通販の特徴とポイント制度を解説,shopping,F,https://ad2.trafficgate.net/t/r/61/6540/318897_398564,ECカレント(TrafficGate),ECカレントで商品を見る 公式サイトへ移動します,こんな方におすすめ,5,TrafficGate,,,
furusato-nozei-poikatsu,ふるさと納税でポイ活はできる?ポイント還元と注意点をわかりやすく解説,shopping,A,aupay-furusato-poikatsu,au PAYふるさと納税のPontaポイントは貯まる?2025年10月の変更を解説,au PAY ふるさと納税,4. 対象サイトの選び方,4,,,,
furusato-nozei-poikatsu,ふるさと納税でポイ活はできる?ポイント還元と注意点をわかりやすく解説,shopping,A,ana-furusato-mile,ANAのふるさと納税でマイルを貯める方法!旅行好き向けの基本,ANAのふるさと納税でマイルを貯める方法,よくある質問,4,,,,
furusato-portal-erabikata,ふるさと納税ポータルの選び方!ポイント重視で比較する時の注意点,shopping,A,aupay-furusato-poikatsu,au PAYふるさと納税のPontaポイントは貯まる?2025年10月の変更を解説,au PAY ふるさと納税,1. ポータルサイトごとの特徴,4,,,,
furusato-portal-erabikata,ふるさと納税ポータルの選び方!ポイント重視で比較する時の注意点,shopping,A,furusato-nozei-poikatsu,ふるさと納税でポイ活はできる?ポイント還元と注意点をわかりやすく解説,ふるさと納税でポイ活はできる?ポイント還元と注意点をわかりやすく解説,4. 控除上限額の確認,5,,,,
furusato-portal-erabikata,ふるさと納税ポータルの選び方!ポイント重視で比較する時の注意点,shopping,F,https://px.a8.net/svt/ejp?a8mat=4B84X3+FBBFQ2+54OC+5ZMCH,au PAY ふるさと納税(A8.net),au PAY ふるさと納税の返礼品・利用条件を確認する 公式サイトへ移動します,1. ポータルサイトごとの特徴,3,A8.net,,MONETIZATION_MISMATCH,タイトルは「ポータルの選び方」という比較テーマだが、CTAはau PAYふるさと納税1社のみに誘導している。楽天ふるさと納税・さとふる等の他ポータルも本文で正式に比較対象として扱うか、CTAの訴求範囲を該当セクションに限定することを推奨
gaishoku-point-tameru,外食でポイントを貯める方法!予約サイト・決済・アプリ活用の基本,shopping,F,https://px.a8.net/svt/ejp?a8mat=4B84X3+CGBG2I+4EI4+BZVU9,Retty(A8.net),Rettyのサービス内容を見る 公式サイトへ移動します,2. 予約サイトの活用,4,A8.net,,,
gas-norikae-poikatsu,ガス会社乗り換えでポイ活する方法!セット割とポイントの確認術,shopping,A,koukyou-ryokin-poikatsu,電気・ガス・水道でポイントは貯まる?公共料金ポイ活の基本,電気・ガス・水道でポイントは貯まる?公共料金ポイ活の基本,2. セット割の確認,4,,,,
gas-norikae-poikatsu,ガス会社乗り換えでポイ活する方法!セット割とポイントの確認術,shopping,A,denryoku-norikae-point,電力会社乗り換えでポイントを貯める方法!料金比較と特典の見方,電力会社乗り換えでポイントを貯める方法!料金比較と特典の見方,2. セット割の確認,5,,,,
hahanohi-chichinohi-gift-point,母の日・父の日ギフトでポイントを貯める方法!早割と配送日の確認術,shopping,A,jtb-shopping-toha,JTBショッピングとは?お取り寄せ・お土産・ギフトの特徴を解説,JTBショッピング,1. ギフト購入で貯まるポイント,4,,,,
hikkoshi-poikatsu,引っ越しでポイ活する方法!見積もり・家具購入・手続きの確認ポイント,shopping,A,hikkoshi-seikatsuyohin-poikatsu,引越し後の生活用品で使えるポイ活術!支出が増える前に確認したい節約ポイント,引越し後の生活用品で使えるポイ活術,よくある質問,5,,,,
hikkoshi-seikatsuyohin-poikatsu,引越し後の生活用品で使えるポイ活術!支出が増える前に確認したい節約ポイント,shopping,A,hikkoshi-poikatsu,引っ越しでポイ活する方法!見積もり・家具購入・手続きの確認ポイント,引っ越しでポイ活する方法,(見出しなし),5,,,,
hikkoshi-seikatsuyohin-poikatsu,引越し後の生活用品で使えるポイ活術!支出が増える前に確認したい節約ポイント,shopping,A,kadenryohanten-point,家電量販店のポイントを賢く使う方法!現金値引きとの違いを解説,家電量販店のポイントを賢く使う方法,2. 事前に確認したいポイント還元日,4,,,,
hikkoshi-seikatsuyohin-poikatsu,引越し後の生活用品で使えるポイ活術!支出が増える前に確認したい節約ポイント,shopping,A,net-super-poikatsu,ネットスーパーのポイントを比較|Ponta・楽天・WAON POINTなど対応状況を解説,ネットスーパーのポイントを比較,3. クーポンと支払い方法の組み合わせ,4,,,,
hikkoshi-seikatsuyohin-poikatsu,引越し後の生活用品で使えるポイ活術!支出が増える前に確認したい節約ポイント,shopping,A,drugstore-poikatsu,ドラッグストアでポイ活する方法!日用品・薬・コスメでポイントを貯める,ドラッグストアでポイ活する方法,よくある質問,4,,,,
hikkoshi-seikatsuyohin-poikatsu,引越し後の生活用品で使えるポイ活術!支出が増える前に確認したい節約ポイント,shopping,A,cleaning-poikatsu,クリーニング代でポイントを貯める方法!宅配と店舗を比較するコツ,クリーニング代でポイントを貯める方法,よくある質問,4,,,,
hikkoshi-seikatsuyohin-poikatsu,引越し後の生活用品で使えるポイ活術!支出が増える前に確認したい節約ポイント,shopping,F,https://px.a8.net/svt/ejp?a8mat=4B8455+31JSUY+CHG+67C4H,アイリスプラザ(A8.net),アイリスプラザで生活用品を確認する 公式サイトへ移動します,1. 引越し後に支出が増えやすい理由,5,A8.net,,,
hon-denshi-shoseki-poikatsu,本・電子書籍のポイ活方法|楽天ブックス・Kobo・hontoの還元率を比較,shopping,A,rakuten-point-tamekata,楽天ポイントの貯め方とは?もらう方法・使い方を解説,楽天ポイントの貯め方,1. 主要ストアのポイント還元 早見表,4,,,,
hon-denshi-shoseki-poikatsu,本・電子書籍のポイ活方法|楽天ブックス・Kobo・hontoの還元率を比較,shopping,A,dmmbooks-toha,DMMブックスとは?特徴とポイントの貯め方をわかりやすく解説,DMMブックスとは,1. 主要ストアのポイント還元 早見表,4,,,,
hon-denshi-shoseki-poikatsu,本・電子書籍のポイ活方法|楽天ブックス・Kobo・hontoの還元率を比較,shopping,A,point-koukan-toha,ポイント交換とは?他社ポイント・ギフト券・マイルへの交換方法,ポイント交換とは?他社ポイント・ギフト券・マイルへの交換方法,2. hontoポイントは独自ポイント,4,,,,
hon-denshi-shoseki-poikatsu,本・電子書籍のポイ活方法|楽天ブックス・Kobo・hontoの還元率を比較,shopping,A,point-koukan-toha,ポイント交換とは?他社ポイント・ギフト券・マイルへの交換方法,ポイント交換とは?,よくある質問,3,,,,
hon-denshi-shoseki-poikatsu,本・電子書籍のポイ活方法|楽天ブックス・Kobo・hontoの還元率を比較,shopping,A,poikatsu-kiso,ポイ活とは?初心者が最初に知っておきたい仕組みと始め方,ポイ活とは?初心者が最初に知っておきたい仕組みと始め方,よくある質問,3,,,,
hon-denshi-shoseki-poikatsu,本・電子書籍のポイ活方法|楽天ブックス・Kobo・hontoの還元率を比較,shopping,F,https://px.a8.net/svt/ejp?a8mat=4B84X3+EVU5ZU+6HW+3SZUAP,DMMブックス(A8.net),DMMブックスのサービス内容を見る 公式サイトへ移動します,1. 主要ストアのポイント還元 早見表,3,A8.net,,MONETIZATION_MISMATCH,タイトル・descriptionは楽天ブックス・Kobo・hontoの還元率比較を掲げているが、CTAは比較対象に明示的に含まれないDMMブックスに誘導している。DMMブックスを比較の4番目のストアとして本文で正式に扱うか、楽天ブックス/Kobo/hontoのアフィリエイトを探して差し替えることを推奨
hyakkaten-depart-poikatsu,百貨店のポイントを比較!高島屋・三越伊勢丹・大丸松坂屋など,shopping,A,takashimaya-online-toha,高島屋オンラインストアとは?特徴とポイントの貯め方をわかりやすく解説,高島屋オンラインストアとは?特徴とポイントの貯め方をわかりやすく解説,高島屋のポイント,5,,,,
hyakkaten-depart-poikatsu,百貨店のポイントを比較!高島屋・三越伊勢丹・大丸松坂屋など,shopping,A,daimaru-matsuzakaya-toha,大丸松坂屋オンラインストアとは?特徴とポイントの貯め方をわかりやすく解説,大丸松坂屋オンラインストアとは?特徴とポイントの貯め方をわかりやすく解説,大丸・松坂屋のポイント,5,,,,
hyakkaten-depart-poikatsu,百貨店のポイントを比較!高島屋・三越伊勢丹・大丸松坂屋など,shopping,A,keio-net-shopping-toha,京王ネットショッピングとは?特徴とポイントの貯め方をわかりやすく解説,京王ネットショッピング,大丸・松坂屋のポイント,4,,,,
hyakkaten-depart-poikatsu,百貨店のポイントを比較!高島屋・三越伊勢丹・大丸松坂屋など,shopping,A,rakuten-point-tamekata,楽天ポイントの貯め方とは?もらう方法・使い方を解説,楽天ポイントの貯め方,百貨店独自ポイントと共通ポイントはどちらがお得?,4,,,,
hyakkaten-depart-poikatsu,百貨店のポイントを比較!高島屋・三越伊勢丹・大丸松坂屋など,shopping,A,dpoint-tsukaimichi,dポイントのおすすめの使い道!コンビニ・ドラッグストア・ネットで使う方法,dポイントのおすすめの使い道!コンビニ・ドラッグストア・ネットで使う方法,百貨店独自ポイントと共通ポイントはどちらがお得?,4,,,,
hyakkaten-depart-poikatsu,百貨店のポイントを比較!高島屋・三越伊勢丹・大丸松坂屋など,shopping,A,creditcard-erabikata,ポイ活向けクレジットカードの選び方!初心者が見るべき5つのポイント,ポイ活向けクレジットカードの選び方!初心者が見るべき5つのポイント,百貨店系カードを使うメリット,5,,,,
irisplaza-toha,アイリスプラザとは?特徴とポイントの貯め方をわかりやすく解説,shopping,F,https://px.a8.net/svt/ejp?a8mat=4B8455+31JSUY+CHG+67C4H,アイリスプラザ(A8.net),アイリスプラザの公式サイトを見る 公式サイトへ移動します,こんな方におすすめ,5,A8.net,,,
itoyokado-poikatsu,イトーヨーカドーでポイ活する方法!アプリ・nanaco・セールの使い分け,shopping,A,itoyokado-netsuper-onigo-poikatsu,イトーヨーカドーネットスーパー by ONIGOとは?特徴・料金・初回クーポンを解説,イトーヨーカドーネットスーパー by ONIGO,よくある質問,4,,,,
jal-mile-tameru-kachi,JALマイルを貯めるべき人・貯めない方がいい人を解説,shopping,A,../articles/ponta-mile-koukan,Pontaポイントをマイルや他社ポイントに交換する方法!使い道を広げるコツ,Pontaポイントからの交換,飛行機に乗らずにJALマイルを貯める方法,5,,,,
jal-mile-tameru-kachi,JALマイルを貯めるべき人・貯めない方がいい人を解説,shopping,A,../category/mile#hikouki-nashi,../category/mile#hikouki-nashi,マイル比較ページの「飛行機に乗らずにマイルを貯める方法」,飛行機に乗らずにJALマイルを貯める方法,4,,,,
jal-mile-tameru-kachi,JALマイルを貯めるべき人・貯めない方がいい人を解説,shopping,A,../articles/ana-jal-mile-hikaku,ANAマイルとJALマイルはどっち?貯めやすさ・使いやすさを比較,ANAマイルとJALマイルはどっち?貯めやすさ・使いやすさを比較,貯めない方がいい場合の代替案,5,,,,
jal-mile-tameru-kachi,JALマイルを貯めるべき人・貯めない方がいい人を解説,shopping,A,../category/mile,../category/mile,マイル比較ページ,貯めない方がいい場合の代替案,4,,,,
jal-mile-tameru-kachi,JALマイルを貯めるべき人・貯めない方がいい人を解説,shopping,A,../category/common-point,../category/common-point,共通ポイント5種の比較ページ,貯めない方がいい場合の代替案,4,,,,
jal-mile-tameru-kachi,JALマイルを貯めるべき人・貯めない方がいい人を解説,shopping,A,../articles/ana-jal-mile-hikaku,ANAマイルとJALマイルはどっち?貯めやすさ・使いやすさを比較,ANAマイルとJALマイルの比較記事,よくある質問,5,,,,
jal-mile-tameru-kachi,JALマイルを貯めるべき人・貯めない方がいい人を解説,shopping,A,../category/mile,../category/mile,ANA・JAL・海外マイルを比較,まとめ,4,,,,
jal-mileage-mall-poikatsu,JALマイレージモールでマイルを貯める方法!ネット通販前の基本,shopping,A,../category/mile,../category/mile,マイル比較ページ,5. JALカード利用との組み合わせ,4,,,,
jisshitsu-kakaku-keisan,実質価格とは?計算方法・ポイント還元と値引きの違いを具体例で解説,shopping,A,#ketsuron,(ページ内目次リンク) 結論|実質価格とは?,結論|実質価格とは?,,5,,,,
jisshitsu-kakaku-keisan,実質価格とは?計算方法・ポイント還元と値引きの違いを具体例で解説,shopping,A,#shiki,(ページ内目次リンク) 実質価格の基本計算式,実質価格の基本計算式,,5,,,,
jisshitsu-kakaku-keisan,実質価格とは?計算方法・ポイント還元と値引きの違いを具体例で解説,shopping,A,#nebiki-point,(ページ内目次リンク) 10%値引きと10%ポイント還元の違い,10%値引きと10%ポイント還元の違い,,5,,,,
jisshitsu-kakaku-keisan,実質価格とは?計算方法・ポイント還元と値引きの違いを具体例で解説,shopping,A,#point-keisan,(ページ内目次リンク) ポイント還元を含めた計算方法,ポイント還元を含めた計算方法,,5,,,,
jisshitsu-kakaku-keisan,実質価格とは?計算方法・ポイント還元と値引きの違いを具体例で解説,shopping,A,#coupon-point,(ページ内目次リンク) クーポン+ポイントの場合,クーポン+ポイントの場合,,5,,,,
jisshitsu-kakaku-keisan,実質価格とは?計算方法・ポイント還元と値引きの違いを具体例で解説,shopping,A,#jougen,(ページ内目次リンク) 還元上限がある場合,還元上限がある場合,,5,,,,
jisshitsu-kakaku-keisan,実質価格とは?計算方法・ポイント還元と値引きの違いを具体例で解説,shopping,A,#souryou,(ページ内目次リンク) 送料・手数料を含める場合,送料・手数料を含める場合,,5,,,,
jisshitsu-kakaku-keisan,実質価格とは?計算方法・ポイント還元と値引きの違いを具体例で解説,shopping,A,#kikangentei,(ページ内目次リンク) 期間限定ポイントはどう計算する?,期間限定ポイントはどう計算する?,,5,,,,
jisshitsu-kakaku-keisan,実質価格とは?計算方法・ポイント還元と値引きの違いを具体例で解説,shopping,A,#hikaku,(ページ内目次リンク) 3店舗の実質価格を比較する,3店舗の実質価格を比較する,,5,,,,
jisshitsu-kakaku-keisan,実質価格とは?計算方法・ポイント還元と値引きの違いを具体例で解説,shopping,A,#chuiten,(ページ内目次リンク) 計算するときの注意点,計算するときの注意点,,5,,,,
jisshitsu-kakaku-keisan,実質価格とは?計算方法・ポイント還元と値引きの違いを具体例で解説,shopping,A,#tool,(ページ内目次リンク) 簡単に計算する方法,簡単に計算する方法,,5,,,,
jisshitsu-kakaku-keisan,実質価格とは?計算方法・ポイント還元と値引きの違いを具体例で解説,shopping,A,#faq,(ページ内目次リンク) よくある質問,よくある質問,,5,,,,
jisshitsu-kakaku-keisan,実質価格とは?計算方法・ポイント還元と値引きの違いを具体例で解説,shopping,A,#matome,(ページ内目次リンク) まとめ,まとめ,,5,,,,
jisshitsu-kakaku-keisan,実質価格とは?計算方法・ポイント還元と値引きの違いを具体例で解説,shopping,A,souryou-son-poikatsu,送料で損しないポイ活術!送料無料ラインとまとめ買いの考え方,送料で損しないポイ活術,送料・手数料を含める場合,5,,,,
jisshitsu-kakaku-keisan,実質価格とは?計算方法・ポイント還元と値引きの違いを具体例で解説,shopping,A,kikangentei-point-5shu-hikaku,期間限定ポイント5種を比較!失効前に使い切る方法,期間限定ポイント5種を比較,期間限定ポイントはどう計算する?,5,,,,
jisshitsu-kakaku-keisan,実質価格とは?計算方法・ポイント還元と値引きの違いを具体例で解説,shopping,A,point-kangenritsu-mikata,ポイント還元率の見方を解説!本当にお得か判断する計算方法,ポイント還元率の見方を解説,よくある質問,5,,,,
jisshitsu-kakaku-keisan,実質価格とは?計算方法・ポイント還元と値引きの違いを具体例で解説,shopping,A,point-kangen-genkin-nebiki-hikaku,ポイント還元と現金値引きはどっちが得?迷った時の比較方法,ポイント還元と現金値引きの比較,よくある質問,5,,,,
joshin-web-toha,Joshin webショップとは?特徴とポイントの貯め方をわかりやすく解説,shopping,E,https://joshinweb.jp/,Joshin webショップの公式サイトを見る 公式サイトへ移動します,Joshin webショップの公式サイトを見る 公式サイトへ移動します,こんな方におすすめ,5,,,,
jtb-shopping-toha,JTBショッピングとは?お取り寄せ・お土産・ギフトの特徴を解説,shopping,F,https://px.a8.net/svt/ejp?a8mat=4B84X3+7IAU6Y+3YCQ+60H7L,JTBショッピングの公式サイトを見る 公式サイトへ移動します,JTBショッピングの公式サイトを見る 公式サイトへ移動します,こんな方におすすめ,5,A8.net,,,
kadenryohanten-point-hikaku,家電量販店のポイント比較|還元率・現金値引き・支払い方法を7社で比較,shopping,A,#ketsuron,(ページ内目次リンク) 先に結論,先に結論,先に結論,5,,,,
kadenryohanten-point-hikaku,家電量販店のポイント比較|還元率・現金値引き・支払い方法を7社で比較,shopping,A,#hikaku,(ページ内目次リンク) 家電量販店7社を一覧比較,家電量販店7社を一覧比較,先に結論,5,,,,
kadenryohanten-point-hikaku,家電量販店のポイント比較|還元率・現金値引き・支払い方法を7社で比較,shopping,A,#shiharai,(ページ内目次リンク) 支払い方法によるポイントの違い,支払い方法によるポイントの違い,先に結論,5,,,,
kadenryohanten-point-hikaku,家電量販店のポイント比較|還元率・現金値引き・支払い方法を7社で比較,shopping,A,#kyoutsu,(ページ内目次リンク) 共通ポイントとの関係を整理,共通ポイントとの関係を整理,先に結論,5,,,,
kadenryohanten-point-hikaku,家電量販店のポイント比較|還元率・現金値引き・支払い方法を7社で比較,shopping,A,#type,(ページ内目次リンク) ポイント還元型と現金値引き型,ポイント還元型と現金値引き型,先に結論,5,,,,
kadenryohanten-point-hikaku,家電量販店のポイント比較|還元率・現金値引き・支払い方法を7社で比較,shopping,A,#kzdenki,(ページ内目次リンク) ケーズデンキは「現金値引き型」という別の価値,ケーズデンキは「現金値引き型」という別の価値,先に結論,5,,,,
kadenryohanten-point-hikaku,家電量販店のポイント比較|還元率・現金値引き・支払い方法を7社で比較,shopping,A,#simulation,(ページ内目次リンク) 10万円購入シミュレーション,10万円購入シミュレーション,先に結論,5,,,,
kadenryohanten-point-hikaku,家電量販店のポイント比較|還元率・現金値引き・支払い方法を7社で比較,shopping,A,#jisshitsu,(ページ内目次リンク) ポイント還元10%は現金値引き10%と同じではない理由,ポイント還元10%は現金値引き10%と同じではない理由,先に結論,5,,,,
kadenryohanten-point-hikaku,家電量販店のポイント比較|還元率・現金値引き・支払い方法を7社で比較,shopping,A,#hoshou,(ページ内目次リンク) 保証で比較,保証で比較,先に結論,5,,,,
kadenryohanten-point-hikaku,家電量販店のポイント比較|還元率・現金値引き・支払い方法を7社で比較,shopping,A,#haiso,(ページ内目次リンク) 配送・設置・リサイクルで比較,配送・設置・リサイクルで比較,先に結論,5,,,,
kadenryohanten-point-hikaku,家電量販店のポイント比較|還元率・現金値引き・支払い方法を7社で比較,shopping,A,#osusume,(ページ内目次リンク) 利用状況別のおすすめ,利用状況別のおすすめ,先に結論,5,,,,
kadenryohanten-point-hikaku,家電量販店のポイント比較|還元率・現金値引き・支払い方法を7社で比較,shopping,A,#faq,(ページ内目次リンク) よくある質問,よくある質問,先に結論,5,,,,
kadenryohanten-point-hikaku,家電量販店のポイント比較|還元率・現金値引き・支払い方法を7社で比較,shopping,A,#matome,(ページ内目次リンク) まとめ,まとめ,先に結論,5,,,,
kadenryohanten-point-hikaku,家電量販店のポイント比較|還元率・現金値引き・支払い方法を7社で比較,shopping,A,../category/common-point,../category/common-point,共通ポイント5種を比較するページ,共通ポイントとの関係を整理,4,,,,
kadenryohanten-point-hikaku,家電量販店のポイント比較|還元率・現金値引き・支払い方法を7社で比較,shopping,A,jisshitsu-kakaku-keisan,実質価格とは?計算方法・ポイント還元と値引きの違いを具体例で解説,ポイント・値引き・送料まで含めた実質価格の計算方法,ポイント還元10%は現金値引き10%と同じではない理由,5,,,,
kadenryohanten-point-hikaku,家電量販店のポイント比較|還元率・現金値引き・支払い方法を7社で比較,shopping,A,kadenryohanten-point,家電量販店のポイントを賢く使う方法!現金値引きとの違いを解説,家電量販店のポイントを賢く使う方法!現金値引きとの違いを解説,まとめ,5,,,,
kadenryohanten-point-hikaku,家電量販店のポイント比較|還元率・現金値引き・支払い方法を7社で比較,shopping,A,../category/electronics-store,../category/electronics-store,← 家電量販店の比較・選び方に戻る,まとめ,4,,,,
kadenryohanten-point,家電量販店のポイントを賢く使う方法!現金値引きとの違いを解説,shopping,A,kadenryohanten-point-hikaku,家電量販店のポイント比較|還元率・現金値引き・支払い方法を7社で比較,家電量販店のポイントを徹底比較,保証期間中の修理対応について,5,,,,
keio-net-shopping-toha,京王ネットショッピングとは?特徴とポイントの貯め方をわかりやすく解説,shopping,F,https://ck.jp.ap.valuecommerce.com/servlet/referral?sid=3776575&pid=892689212,京王ネットショッピングの公式サイトを見る 公式サイトへ移動します,京王ネットショッピングの公式サイトを見る 公式サイトへ移動します,こんな方におすすめ,5,ValueCommerce,,,
keitai-ryokin-setsuyaku,携帯料金をポイ活で節約する方法!ポイント払いとキャンペーンの活用,shopping,F,https://px.a8.net/svt/ejp?a8mat=4B84X3+CI3QVU+5W58+5YZ75,楽天モバイルの料金・サービス内容を確認する 公式サイトへ移動します,楽天モバイルの料金・サービス内容を確認する 公式サイトへ移動します,3. 通信会社ごとの特徴,3,A8.net,,MONETIZATION_MISMATCH,本文は複数の通信会社の特徴を横並びで解説しているのに、CTAは楽天モバイル1社のみに誘導している。楽天モバイルを本文比較表に正式な比較対象として追加するか、他社の提携があれば分散設置し、それが難しい場合はCTA文言を「携帯料金見直しの一例として楽天モバイルを確認する」等に変更して読者の期待とのズレを減らすことを推奨。
kikangentei-point-5shu-hikaku,期間限定ポイント5種を比較!失効前に使い切る方法,shopping,A,#ichiran,(ページ内目次リンク) 5種類の期間限定ポイントを一覧比較,5種類の期間限定ポイントを一覧比較,,5,,,,
kikangentei-point-5shu-hikaku,期間限定ポイント5種を比較!失効前に使い切る方法,shopping,A,#kigen-basho,(ページ内目次リンク) 有効期限・使える場所を比較,有効期限・使える場所を比較,,5,,,,
kikangentei-point-5shu-hikaku,期間限定ポイント5種を比較!失効前に使い切る方法,shopping,A,#chigai,(ページ内目次リンク) 通常ポイントとの違い,通常ポイントとの違い,,5,,,,
kikangentei-point-5shu-hikaku,期間限定ポイント5種を比較!失効前に使い切る方法,shopping,A,#tsukaikiru,(ページ内目次リンク) 失効しそうなときの使い切り方,失効しそうなときの使い切り方,,5,,,,
kikangentei-point-5shu-hikaku,期間限定ポイント5種を比較!失効前に使い切る方法,shopping,A,#kanri,(ページ内目次リンク) 失効させないための管理方法,失効させないための管理方法,,5,,,,
kikangentei-point-5shu-hikaku,期間限定ポイント5種を比較!失効前に使い切る方法,shopping,A,#faq,(ページ内目次リンク) よくある質問,よくある質問,,5,,,,
kikangentei-point-5shu-hikaku,期間限定ポイント5種を比較!失効前に使い切る方法,shopping,A,#matome,(ページ内目次リンク) まとめ,まとめ,,5,,,,
kikangentei-point-5shu-hikaku,期間限定ポイント5種を比較!失効前に使い切る方法,shopping,A,point-yuukoukigen-kanri,ポイントの有効期限を管理する方法!失効を防ぐチェック習慣,ポイントの有効期限を管理する方法,失効させないための管理方法,5,,,,
kikangentei-point-5shu-hikaku,期間限定ポイント5種を比較!失効前に使い切る方法,shopping,A,kikangentei-point-tsukaimichi,期間限定ポイントのおすすめ使い道|失効前にすぐ使える交換先ガイド,期間限定ポイントのおすすめ使い道,失効させないための管理方法,5,,,,
kikangentei-point-5shu-hikaku,期間限定ポイント5種を比較!失効前に使い切る方法,shopping,A,../category/common-point,../category/common-point,共通ポイント5種を比較,よくある質問,4,,,,
kikangentei-point-tsukaimichi,期間限定ポイントのおすすめ使い道|失効前にすぐ使える交換先ガイド,shopping,A,#rule,(ページ内目次リンク) 使う前に知っておきたい2つのルール,使う前に知っておきたい2つのルール,,5,,,,
kikangentei-point-tsukaimichi,期間限定ポイントのおすすめ使い道|失効前にすぐ使える交換先ガイド,shopping,A,#service,(ページ内目次リンク) サービス別・おすすめの使い道,サービス別・おすすめの使い道,,5,,,,
kikangentei-point-tsukaimichi,期間限定ポイントのおすすめ使い道|失効前にすぐ使える交換先ガイド,shopping,A,#chuui,(ページ内目次リンク) 使えない場所・注意したいこと,使えない場所・注意したいこと,,5,,,,
kikangentei-point-tsukaimichi,期間限定ポイントのおすすめ使い道|失効前にすぐ使える交換先ガイド,shopping,A,#kotsu,(ページ内目次リンク) 端数ポイントを使い切るコツ,端数ポイントを使い切るコツ,,5,,,,
kikangentei-point-tsukaimichi,期間限定ポイントのおすすめ使い道|失効前にすぐ使える交換先ガイド,shopping,A,#faq,(ページ内目次リンク) よくある質問,よくある質問,,5,,,,
kikangentei-point-tsukaimichi,期間限定ポイントのおすすめ使い道|失効前にすぐ使える交換先ガイド,shopping,A,#matome,(ページ内目次リンク) まとめ,まとめ,,5,,,,
kikangentei-point-tsukaimichi,期間限定ポイントのおすすめ使い道|失効前にすぐ使える交換先ガイド,shopping,A,kikangentei-point-5shu-hikaku,期間限定ポイント5種を比較!失効前に使い切る方法,期間限定ポイント5種を比較!失効前に使い切る方法,使う前に知っておきたい2つのルール,5,,,,
kikangentei-point-tsukaimichi,期間限定ポイントのおすすめ使い道|失効前にすぐ使える交換先ガイド,shopping,A,point-tsukaimichi,ポイ活で貯めたポイントの使い道は?節約につながる使い方を解説,ポイ活で貯めたポイントの使い道,端数ポイントを使い切るコツ,5,,,,
kikangentei-point-tsukaimichi,期間限定ポイントのおすすめ使い道|失効前にすぐ使える交換先ガイド,shopping,A,point-yuukoukigen-kanri,ポイントの有効期限を管理する方法!失効を防ぐチェック習慣,ポイントの有効期限を管理する方法,端数ポイントを使い切るコツ,5,,,,
kikangentei-point-tsukaimichi,期間限定ポイントのおすすめ使い道|失効前にすぐ使える交換先ガイド,shopping,A,kikangentei-point-5shu-hikaku,期間限定ポイント5種を比較!失効前に使い切る方法,期間限定ポイント5種を比較,よくある質問,5,,,,
koukyou-ryokin-poikatsu,電気・ガス・水道でポイントは貯まる?公共料金ポイ活の基本,shopping,A,docomo-denki-poikatsu,ドコモでんきとは?電気代でdポイントが貯まる仕組みを解説,ドコモでんきとは?電気代でdポイントが貯まる仕組みを解説,電力会社選びとポイ活,4,,,,
lohaco-toha,LOHACOとは?特徴とポイントの貯め方をわかりやすく解説,shopping,E,https://lohaco.yahoo.co.jp/,LOHACOの公式サイトを見る 公式サイトへ移動します,LOHACOの公式サイトを見る 公式サイトへ移動します,こんな方におすすめ,5,,,,
matsukiyo-cocokara-online-toha,マツキヨココカラオンラインストアとは?送料無料条件・支払い方法・当日配送を解説,shopping,A,matsukiyo-cocokara-poikatsu,マツキヨココカラでポイ活する方法!アプリ・クーポン・決済の基本,マツキヨココカラでポイ活する方法,,5,,,,
matsukiyo-cocokara-online-toha,マツキヨココカラオンラインストアとは?送料無料条件・支払い方法・当日配送を解説,shopping,A,matsukiyo-cocokara-point,マツキヨココカラのポイント制度!マツキヨココカラポイントとdポイントの関係,マツキヨココカラのポイント制度,,5,,,,
matsukiyo-cocokara-online-toha,マツキヨココカラオンラインストアとは?送料無料条件・支払い方法・当日配送を解説,shopping,F,https://px.a8.net/svt/ejp?a8mat=4B84X3+EDZ5UI+5QFO+5Z6WX,マツキヨココカラオンラインストアを見る 公式サイトへ移動します,マツキヨココカラオンラインストアを見る 公式サイトへ移動します,こんな方におすすめ,5,A8.net,,,
matsukiyo-cocokara-poikatsu,マツキヨココカラでポイ活する方法!アプリ・クーポン・決済の基本,shopping,A,matsukiyo-cocokara-point,マツキヨココカラのポイント制度!マツキヨココカラポイントとdポイントの関係,マツキヨココカラのポイント制度,,5,,,,
matsukiyo-cocokara-poikatsu,マツキヨココカラでポイ活する方法!アプリ・クーポン・決済の基本,shopping,A,matsukiyo-cocokara-point,マツキヨココカラのポイント制度!マツキヨココカラポイントとdポイントの関係,マツキヨココカラのポイント制度,4. 支払い方法の選び方,5,,,,
matsukiyo-cocokara-poikatsu,マツキヨココカラでポイ活する方法!アプリ・クーポン・決済の基本,shopping,A,matsukiyo-cocokara-online-toha,マツキヨココカラオンラインストアとは?送料無料条件・支払い方法・当日配送を解説,マツキヨココカラオンラインストアとは,よくある質問,5,,,,
matsukiyo-cocokara-poikatsu,マツキヨココカラでポイ活する方法!アプリ・クーポン・決済の基本,shopping,A,drugstore-point-hikaku,ドラッグストアのポイントを徹底比較|マツキヨ・ウエルシア・スギ薬局・ツルハなど,ドラッグストアのポイント徹底比較,よくある質問,5,,,,
matsukiyo-cocokara-poikatsu,マツキヨココカラでポイ活する方法!アプリ・クーポン・決済の基本,shopping,F,https://px.a8.net/svt/ejp?a8mat=4B84X3+EDZ5UI+5QFO+5Z6WX,マツキヨココカラオンラインストアを見る 公式サイトへ移動します,マツキヨココカラオンラインストアを見る 公式サイトへ移動します,1. マツキヨココカラの特徴,5,A8.net,,,
matsukiyo-cocokara-poikatsu,マツキヨココカラでポイ活する方法!アプリ・クーポン・決済の基本,shopping,F,https://px.a8.net/svt/ejp?a8mat=4B84X3+EDZ5UI+5QFO+5Z6WX,今すぐマツキヨココカラオンラインストアを見てみる 公式サイトへ移動します,今すぐマツキヨココカラオンラインストアを見てみる 公式サイトへ移動します,よくある質問,5,A8.net,,,
matsukiyo-cocokara-point,マツキヨココカラのポイント制度!マツキヨココカラポイントとdポイントの関係,shopping,A,../category/common-point,../category/common-point,共通ポイント比較ページ,3. dポイントとの併用,4,,,,
matsukiyo-cocokara-point,マツキヨココカラのポイント制度!マツキヨココカラポイントとdポイントの関係,shopping,A,matsukiyo-cocokara-poikatsu,マツキヨココカラでポイ活する方法!アプリ・クーポン・決済の基本,マツキヨココカラでポイ活する方法,よくある質問,5,,,,
matsukiyo-cocokara-point,マツキヨココカラのポイント制度!マツキヨココカラポイントとdポイントの関係,shopping,A,drugstore-point-hikaku,ドラッグストアのポイントを徹底比較|マツキヨ・ウエルシア・スギ薬局・ツルハなど,ドラッグストアのポイント徹底比較,よくある質問,5,,,,
matsukiyo-cocokara-point,マツキヨココカラのポイント制度!マツキヨココカラポイントとdポイントの関係,shopping,A,matsukiyo-cocokara-online-toha,マツキヨココカラオンラインストアとは?送料無料条件・支払い方法・当日配送を解説,マツキヨココカラオンラインストアとは,よくある質問,5,,,,
matsukiyo-cocokara-point,マツキヨココカラのポイント制度!マツキヨココカラポイントとdポイントの関係,shopping,F,https://px.a8.net/svt/ejp?a8mat=4B84X3+EDZ5UI+5QFO+5Z6WX,マツキヨココカラオンラインストアを確認する 公式サイトへ移動します,マツキヨココカラオンラインストアを確認する 公式サイトへ移動します,よくある質問,4,A8.net,,,
mileageplus-nihon-zaijuu,MileagePlusは日本在住でも貯める価値がある?メリット・注意点を解説,shopping,A,../articles/ana-mileageplus-hikaku,ANAマイルとMileagePlusはどっち?同じスターアライアンスで何が違う?,ANAマイルとMileagePlusはどっち?同じスターアライアンスで何が違う?,ANAマイルとの違い,5,,,,
mileageplus-nihon-zaijuu,MileagePlusは日本在住でも貯める価値がある?メリット・注意点を解説,shopping,A,../category/mile,../category/mile,ANA・JAL・海外マイルを比較,まとめ,4,,,,
mileageplus-nihon-zaijuu,MileagePlusは日本在住でも貯める価値がある?メリット・注意点を解説,shopping,A,../articles/ana-mileageplus-hikaku,ANAマイルとMileagePlusはどっち?同じスターアライアンスで何が違う?,ANAマイルとMileagePlusはどっち?,よくある質問,5,,,,
net-shopping-point-kiso,ネットショッピングでポイントを貯める方法!楽天・Yahoo・Amazonの基本,shopping,A,yahoo-shopping-toha,Yahoo!ショッピングとは?特徴とポイントの貯め方をわかりやすく解説,Yahoo!ショッピングとは?,2. モールごとの特徴,5,,,,
net-shopping-point-kiso,ネットショッピングでポイントを貯める方法!楽天・Yahoo・Amazonの基本,shopping,A,amazon-tsuhan-toha,Amazonとは?特徴とポイントの貯め方をわかりやすく解説,Amazonとは?,2. モールごとの特徴,5,,,,
net-shopping-point-kiso,ネットショッピングでポイントを貯める方法!楽天・Yahoo・Amazonの基本,shopping,A,aupay-market-toha,au PAY マーケットとは?特徴とポイントの貯め方をわかりやすく解説,au PAY マーケットとは?,2. モールごとの特徴,5,,,,
net-super-poikatsu,ネットスーパーのポイントを比較|Ponta・楽天・WAON POINTなど対応状況を解説,shopping,A,ponta-supermarket,Pontaが貯まるスーパー一覧|使える店舗・地域スーパーも比較,Pontaが貯まるスーパー一覧,よくある質問,5,,,,
net-super-poikatsu,ネットスーパーのポイントを比較|Ponta・楽天・WAON POINTなど対応状況を解説,shopping,A,rakuten-point-supermarket,楽天ポイントが貯まるスーパー一覧|使える店舗・地域スーパーも比較,楽天ポイントが貯まるスーパー一覧,よくある質問,5,,,,
net-super-poikatsu,ネットスーパーのポイントを比較|Ponta・楽天・WAON POINTなど対応状況を解説,shopping,A,d-point-supermarket,dポイントが貯まるスーパー一覧|使える店舗・地域スーパーも比較,dポイントが貯まるスーパー一覧,よくある質問,5,,,,
net-super-poikatsu,ネットスーパーのポイントを比較|Ponta・楽天・WAON POINTなど対応状況を解説,shopping,A,v-point-supermarket,Vポイントが貯まるスーパー一覧|使える店舗・地域スーパーも比較,Vポイントが貯まるスーパー一覧,よくある質問,5,,,,
net-super-poikatsu,ネットスーパーのポイントを比較|Ponta・楽天・WAON POINTなど対応状況を解説,shopping,F,https://px.a8.net/svt/ejp?a8mat=4BAGHK+448Z6I+4Z4W+BXB8X,IYNS by ONIGOのサービス内容を見る 公式サイトへ移動します,IYNS by ONIGOのサービス内容を見る 公式サイトへ移動します,1. ネットスーパーのメリット,3,A8.net,,MONETIZATION_MISMATCH,本文はPonta/楽天/dポイント/Vポイントが貯まる・使えるネットスーパーの比較が中心だが、CTAは比較表に含まれていない「IYNS by ONIGO」のみに誘導している。IYNS by ONIGOを本文の比較対象に正式に加えるか、各ポイント系ネットスーパー個別記事側にCTAを分離配置することを推奨。
nissen-toha,ニッセンとは?特徴とポイントの貯め方をわかりやすく解説,shopping,E,https://www.nissen.co.jp/,ニッセンの公式サイトを見る 公式サイトへ移動します,ニッセンの公式サイトを見る 公式サイトへ移動します,こんな方におすすめ,5,,,,
ocn-online-shop-toha,OCNオンラインショップとは?特徴とお得な買い方をわかりやすく解説,shopping,F,https://px.a8.net/svt/ejp?a8mat=4B84X3+86PLZU+S1Q+61RI9,OCNオンラインショップの公式サイトを見る 公式サイトへ移動します,OCNオンラインショップの公式サイトを見る 公式サイトへ移動します,こんな方におすすめ,5,A8.net,,,
paypay-vpoint-koukan,PayPayポイント⇄Vポイント相互交換ガイド|レート・手順・注意点,shopping,A,../category/common-point,../category/common-point,共通ポイント5種の比較,4. 相互交換はどんな人がお得?おすすめの活用方法,4,,,,
paypay-vpoint-koukan,PayPayポイント⇄Vポイント相互交換ガイド|レート・手順・注意点,shopping,A,../articles/point-yuukoukigen-kanri,ポイントの有効期限を管理する方法!失効を防ぐチェック習慣,ポイントの有効期限を管理する方法,5. 交換前に確認したい上限・有効期限・注意点,5,,,,
paypay-vpoint-koukan,PayPayポイント⇄Vポイント相互交換ガイド|レート・手順・注意点,shopping,A,../articles/paypay-point-tsukaikata,PayPayポイントの使い方とは?店舗・連携・交換まで完全ガイド,PayPayポイントの使い方,よくある質問,4,,,,
paypay-vpoint-koukan,PayPayポイント⇄Vポイント相互交換ガイド|レート・手順・注意点,shopping,A,../articles/vpoint-tsukaikata,Vポイントの使い方とは?店舗・連携・交換まで完全ガイド,Vポイントの使い方,よくある質問,4,,,,
point-niju-sanjudori-kumiawase,ポイント二重取り・三重取りの組み合わせ早見表!おすすめルートを解説,shopping,A,#kihon,(ページ内目次リンク) 二重取り・三重取りとは?基本の仕組み,二重取り・三重取りとは?基本の仕組み,,5,,,,
point-niju-sanjudori-kumiawase,ポイント二重取り・三重取りの組み合わせ早見表!おすすめルートを解説,shopping,A,#kumiawase,(ページ内目次リンク) カード+コード決済+共通ポイントの組み合わせ,カード+コード決済+共通ポイントの組み合わせ,,5,,,,
point-niju-sanjudori-kumiawase,ポイント二重取り・三重取りの組み合わせ早見表!おすすめルートを解説,shopping,A,#brand-betsu,(ページ内目次リンク) ポイント別おすすめルート早見表,ポイント別おすすめルート早見表,,5,,,,
point-niju-sanjudori-kumiawase,ポイント二重取り・三重取りの組み合わせ早見表!おすすめルートを解説,shopping,A,#dekinai,(ページ内目次リンク) 三重取りできないケース・対象外の条件,三重取りできないケース・対象外の条件,,5,,,,
point-niju-sanjudori-kumiawase,ポイント二重取り・三重取りの組み合わせ早見表!おすすめルートを解説,shopping,A,#shokushinsha,(ページ内目次リンク) 初心者向けおすすめパターン,初心者向けおすすめパターン,,5,,,,
point-niju-sanjudori-kumiawase,ポイント二重取り・三重取りの組み合わせ早見表!おすすめルートを解説,shopping,A,#faq,(ページ内目次リンク) よくある質問,よくある質問,,5,,,,
point-niju-sanjudori-kumiawase,ポイント二重取り・三重取りの組み合わせ早見表!おすすめルートを解説,shopping,A,#matome,(ページ内目次リンク) まとめ,まとめ,,5,,,,
point-niju-sanjudori-kumiawase,ポイント二重取り・三重取りの組み合わせ早見表!おすすめルートを解説,shopping,A,sumaho-kessai-creditcard-hikaku,スマホ決済とクレジットカードはどっちがお得?ポイント二重取りの基本,スマホ決済とクレジットカードの二重取りの基本,二重取り・三重取りとは?基本の仕組み,4,,,,
point-niju-sanjudori-kumiawase,ポイント二重取り・三重取りの組み合わせ早見表!おすすめルートを解説,shopping,A,charge-route-point,チャージルートでポイントを増やす考え方!複雑にしすぎない決済設計,チャージルートでポイントを増やす考え方,二重取り・三重取りとは?基本の仕組み,5,,,,
point-niju-sanjudori-kumiawase,ポイント二重取り・三重取りの組み合わせ早見表!おすすめルートを解説,shopping,A,#dekinai,(ページ内目次リンク) 三重取りできないケース,三重取りできないケース,クレジットカード+コード決済+共通ポイントの組み合わせ,5,,,,
point-niju-sanjudori-kumiawase,ポイント二重取り・三重取りの組み合わせ早見表!おすすめルートを解説,shopping,A,rakuten-card-poikatsu,楽天カードはポイ活に向いている?メリットと注意点を初心者向けに解説,楽天カード,楽天・d・PayPay・Ponta・Vポイント別 おすすめルート早見表,4,,,,
point-niju-sanjudori-kumiawase,ポイント二重取り・三重取りの組み合わせ早見表!おすすめルートを解説,shopping,A,rakuten-ichiba-toha,楽天市場とは?特徴とポイントの貯め方をわかりやすく解説,楽天市場,楽天・d・PayPay・Ponta・Vポイント別 おすすめルート早見表,5,,,,
point-niju-sanjudori-kumiawase,ポイント二重取り・三重取りの組み合わせ早見表!おすすめルートを解説,shopping,A,dcard-poikatsu,dカードはポイ活におすすめ?dポイントを貯めやすい人の特徴,dカード,楽天・d・PayPay・Ponta・Vポイント別 おすすめルート早見表,4,,,,
point-niju-sanjudori-kumiawase,ポイント二重取り・三重取りの組み合わせ早見表!おすすめルートを解説,shopping,A,mitsui-sumitomo-card-vpoint,三井住友カードでVポイントを貯める方法!対象店舗とタッチ決済の基本,三井住友カード/Olive,楽天・d・PayPay・Ponta・Vポイント別 おすすめルート早見表,4,,,,
point-niju-sanjudori-kumiawase,ポイント二重取り・三重取りの組み合わせ早見表!おすすめルートを解説,shopping,A,../category/common-point,../category/common-point,共通ポイント5種を比較,よくある質問,4,,,,
point-niju-sanjudori-kumiawase,ポイント二重取り・三重取りの組み合わせ早見表!おすすめルートを解説,shopping,A,yosekatsu,ポイ活の新常識!ポイントを分散せず効率よく貯める「寄せ活」の始め方,ポイ活の新常識!ポイントを分散せず効率よく貯める「寄せ活」の始め方,よくある質問,4,,,,
point-toushi-toha,ポイント投資とは?貯めたポイントで投資体験を始める方法,shopping,A,point-toushi-unyou-service-hikaku,ポイント投資・ポイント運用を主要サービスで比較,ポイント投資・ポイント運用を主要サービスで比較,よくある質問,5,,,,
point-toushi-unyou-service-hikaku,ポイント投資・ポイント運用を主要サービスで比較,shopping,A,point-toushi-toha,ポイント投資とは?貯めたポイントで投資体験を始める方法,ポイント投資とは,ポイント投資とポイント運用の違いとは?,5,,,,
point-toushi-unyou-service-hikaku,ポイント投資・ポイント運用を主要サービスで比較,shopping,A,point-unyou-toha,ポイント運用とは?投資との違いと初心者が知るべき注意点,ポイント運用とは,ポイント投資とポイント運用の違いとは?,5,,,,
point-toushi-unyou-service-hikaku,ポイント投資・ポイント運用を主要サービスで比較,shopping,G,https://www.tcs-asp.net/alink?AC=C142999&LC=MXSEC1&SQ=0&isq=25,https://www.tcs-asp.net/alink?AC=C142999&LC=MXSEC1&SQ=0&isq=25,▶ 詳細,主要サービスを一覧比較,4,,,VAGUE_ANCHOR,リンク先がASPトラッキングドメイン(www.tcs-asp.net)であり、公式サービスドメインへの直接リンクやCTA(cta-simple)コンポーネントとしての統一管理を推奨。 アンカーテキスト「▶ 詳細」は比較表内の位置からマネックス証券を指すと推測されるが曖昧なため、「マネックス証券の詳細を見る」等サービス名を含む文言に変更推奨。
point-toushi-unyou-service-hikaku,ポイント投資・ポイント運用を主要サービスで比較,shopping,G,https://ad2.trafficgate.net/t/r/907/738/318897_398564,https://ad2.trafficgate.net/t/r/907/738/318897_398564,▶ 詳細,主要サービスを一覧比較,4,,,VAGUE_ANCHOR,リンク先がASPトラッキングドメイン(ad2.trafficgate.net)であり、公式サービスドメインへの直接リンクやCTA(cta-simple)コンポーネントとしての統一管理を推奨。 アンカーテキスト「▶ 詳細」は比較表内の位置から楽天証券を指すと推測されるが曖昧なため、「楽天証券の詳細を見る」等サービス名を含む文言に変更推奨。
point-toushi-unyou-service-hikaku,ポイント投資・ポイント運用を主要サービスで比較,shopping,E,https://www.paypay-sec.co.jp/,https://www.paypay-sec.co.jp/,▶ 詳細,主要サービスを一覧比較,5,,,VAGUE_ANCHOR,アンカーテキスト「▶ 詳細」はPayPay証券の公式サイトを指すと推測されるが曖昧なため、「PayPay証券の公式サイトで詳細を見る」等に変更推奨。
point-toushi-unyou-service-hikaku,ポイント投資・ポイント運用を主要サービスで比較,shopping,E,https://www.sbisec.co.jp/visitor/,https://www.sbisec.co.jp/visitor/,▶ 詳細,主要サービスを一覧比較,5,,,VAGUE_ANCHOR,アンカーテキスト「▶ 詳細」はSBI証券の公式サイトを指すと推測されるが曖昧なため、「SBI証券の公式サイトで詳細を見る」等に変更推奨。
point-toushi-unyou-service-hikaku,ポイント投資・ポイント運用を主要サービスで比較,shopping,A,monex-shouken-toha,マネックス証券とは?特徴とポイントの貯め方をわかりやすく解説,マネックス証券とは,dポイントを貯めている方,4,,,,
point-toushi-unyou-service-hikaku,ポイント投資・ポイント運用を主要サービスで比較,shopping,A,rakuten-shouken-toha,楽天証券とは?特徴とポイントの貯め方をわかりやすく解説,楽天証券とは,楽天ポイントを貯めている方,4,,,,
point-toushi-unyou-service-hikaku,ポイント投資・ポイント運用を主要サービスで比較,shopping,A,paypaysec-shouken-toha,PayPay証券とは?特徴とポイントの貯め方をわかりやすく解説,PayPay証券とは,PayPayポイントを貯めている方,4,,,,
point-toushi-unyou-service-hikaku,ポイント投資・ポイント運用を主要サービスで比較,shopping,A,sbisec-shouken-toha,SBI証券とは?特徴とポイントの貯め方をわかりやすく解説,SBI証券とは,Ponta・Vポイントを貯めている方,4,,,,
point-toushi-unyou-service-hikaku,ポイント投資・ポイント運用を主要サービスで比較,shopping,A,../category/common-point,../category/common-point,共通ポイント5種を比較,Ponta・Vポイントを貯めている方,4,,,,
point-unyou-toha,ポイント運用とは?投資との違いと初心者が知るべき注意点,shopping,A,point-toushi-unyou-service-hikaku,ポイント投資・ポイント運用を主要サービスで比較,ポイント投資・ポイント運用を主要サービスで比較,よくある質問,5,,,,
point-yuukoukigen-kanri,ポイントの有効期限を管理する方法!失効を防ぐチェック習慣,shopping,A,kikangentei-point-5shu-hikaku,期間限定ポイント5種を比較!失効前に使い切る方法,期間限定ポイント5種を比較,よくある質問,5,,,,
ponta-supermarket,Pontaが貯まるスーパー一覧|使える店舗・地域スーパーも比較,shopping,A,../category/supermarket,../category/supermarket,スーパー比較ページ,,4,,,,
ponta-supermarket,Pontaが貯まるスーパー一覧|使える店舗・地域スーパーも比較,shopping,A,#ketsuron,(ページ内目次リンク) 結論,結論,,5,,,,
ponta-supermarket,Pontaが貯まるスーパー一覧|使える店舗・地域スーパーも比較,shopping,A,#hikaku,(ページ内目次リンク) Pontaが貯まる・使えるスーパー比較表,Pontaが貯まる・使えるスーパー比較表,,5,,,,
ponta-supermarket,Pontaが貯まるスーパー一覧|使える店舗・地域スーパーも比較,shopping,A,#chiiki,(ページ内目次リンク) 地域別に見るPonta対応スーパー,地域別に見るPonta対応スーパー,,5,,,,
ponta-supermarket,Pontaが貯まるスーパー一覧|使える店舗・地域スーパーも比較,shopping,A,#erabanai,(ページ内目次リンク) Ponta対応だけでスーパーを選ばない,Ponta対応だけでスーパーを選ばない,,5,,,,
ponta-supermarket,Pontaが貯まるスーパー一覧|使える店舗・地域スーパーも比較,shopping,A,#youtobetsu,(ページ内目次リンク) 利用状況別|スーパーでPontaを貯める価値,利用状況別|スーパーでPontaを貯める価値,,5,,,,
ponta-supermarket,Pontaが貯まるスーパー一覧|使える店舗・地域スーパーも比較,shopping,A,#simulation,(ページ内目次リンク) 利用額別シミュレーション,利用額別シミュレーション,,5,,,,
ponta-supermarket,Pontaが貯まるスーパー一覧|使える店舗・地域スーパーも比較,shopping,A,#dokuji,(ページ内目次リンク) 独自ポイントとPonta、どちらを貯める?,独自ポイントとPonta、どちらを貯める?,,5,,,,
ponta-supermarket,Pontaが貯まるスーパー一覧|使える店舗・地域スーパーも比較,shopping,A,#muku,(ページ内目次リンク) Pontaが向いている人,Pontaが向いている人,,5,,,,
ponta-supermarket,Pontaが貯まるスーパー一覧|使える店舗・地域スーパーも比較,shopping,A,#muitenai,(ページ内目次リンク) 無理に寄せなくてもいい人,無理に寄せなくてもいい人,,5,,,,
ponta-supermarket,Pontaが貯まるスーパー一覧|使える店舗・地域スーパーも比較,shopping,A,#faq,(ページ内目次リンク) よくある質問,よくある質問,,5,,,,
ponta-supermarket,Pontaが貯まるスーパー一覧|使える店舗・地域スーパーも比較,shopping,A,#matome,(ページ内目次リンク) まとめ,まとめ,,5,,,,
ponta-supermarket,Pontaが貯まるスーパー一覧|使える店舗・地域スーパーも比較,shopping,A,../category/supermarket,../category/supermarket,スーパー比較ページ,Pontaが貯まる・使えるスーパー比較表,4,,,,
ponta-supermarket,Pontaが貯まるスーパー一覧|使える店舗・地域スーパーも比較,shopping,A,../category/supermarket,../category/supermarket,スーパー比較ページ,九州,4,,,,
ponta-supermarket,Pontaが貯まるスーパー一覧|使える店舗・地域スーパーも比較,shopping,A,../articles/au-uq-ponta,au・UQユーザーはPontaポイントにまとめるべき?相性の良いサービスを解説,au・UQユーザーはPontaポイントにまとめるべき?,Pontaが向いている人,5,,,,
ponta-supermarket,Pontaが貯まるスーパー一覧|使える店舗・地域スーパーも比較,shopping,A,../category/supermarket,../category/supermarket,スーパー比較ページ,まとめ,4,,,,
ponta-supermarket,Pontaが貯まるスーパー一覧|使える店舗・地域スーパーも比較,shopping,A,../category/common-point,../category/common-point,共通ポイント5種を比較するページ,まとめ,4,,,,
qr-kessai-poikatsu,QRコード決済でポイントを貯める方法!支払い前のチェックポイント,shopping,A,code-kessai-4sha-hikaku,コード決済4社を徹底比較|PayPay・d払い・楽天ペイ・au PAY,コード決済4社を徹底比較,よくある質問,5,,,,
rakuten-ichiba-toha,楽天市場とは?特徴とポイントの貯め方をわかりやすく解説,shopping,E,https://www.rakuten.co.jp/,楽天市場(公式サイト),楽天市場の公式サイトを見る 公式サイトへ移動します,こんな方におすすめ,5,,MEDIUM,,現状は非アフィリエイトの公式直リンク。被リンク196件の主要ハブ記事のため楽天のアフィリエイトプログラムがあれば提携リンクへの切替を検討
rakuten-mobile-rakuten-point,楽天モバイルなら楽天ポイントにまとめるべき?楽天経済圏との相性を解説,shopping,A,../articles/rakuten-mobile-poikatsu,楽天モバイルとは?データ使い放題と楽天ポイント最大+4倍を解説,楽天モバイル,相性が良いサービス,5,,,,
rakuten-mobile-rakuten-point,楽天モバイルなら楽天ポイントにまとめるべき?楽天経済圏との相性を解説,shopping,A,../articles/rakuten-card-poikatsu,楽天カードはポイ活に向いている?メリットと注意点を初心者向けに解説,楽天カード,相性が良いサービス,5,,,,
rakuten-mobile-rakuten-point,楽天モバイルなら楽天ポイントにまとめるべき?楽天経済圏との相性を解説,shopping,A,../articles/rakuten-pay-tameru,楽天ペイで楽天ポイントを貯める方法!街のお買い物で使うコツ,楽天ペイ,相性が良いサービス,5,,,,
rakuten-mobile-rakuten-point,楽天モバイルなら楽天ポイントにまとめるべき?楽天経済圏との相性を解説,shopping,A,../articles/rakuten-ichiba-toha,楽天市場とは?特徴とポイントの貯め方をわかりやすく解説,楽天市場,相性が良いサービス,5,,,,
rakuten-mobile-rakuten-point,楽天モバイルなら楽天ポイントにまとめるべき?楽天経済圏との相性を解説,shopping,A,../articles/rakuten-ana-mile-koukan,楽天ポイントをANAマイルに交換できる?交換ルートと注意点を解説,ANAマイルへの交換,メリット,4,,,,
rakuten-mobile-rakuten-point,楽天モバイルなら楽天ポイントにまとめるべき?楽天経済圏との相性を解説,shopping,A,softbank-ymobile-paypay-point,SoftBank・Y!mobileならPayPayポイント?相性の良いサービスを比較,PayPayポイントとの相性,他のポイントを選んだ方がよいケース,4,,,,
rakuten-mobile-rakuten-point,楽天モバイルなら楽天ポイントにまとめるべき?楽天経済圏との相性を解説,shopping,A,rakuten-paypay-hikaku,楽天ポイントとPayPayポイントはどっち?通販・決済・カードで比較,楽天ポイントとPayPayポイントはどっち?,他のポイントを選んだ方がよいケース,5,,,,
rakuten-mobile-rakuten-point,楽天モバイルなら楽天ポイントにまとめるべき?楽天経済圏との相性を解説,shopping,A,../articles/vpoint-rakuten-hikaku,Vポイントと楽天ポイントはどっちが使いやすい?生活圏別に比較,Vポイントと楽天ポイントはどっちが使いやすい?生活圏別に比較,編集部の判断|段階別に見るまとめる価値,4,,,,
rakuten-mobile-rakuten-point,楽天モバイルなら楽天ポイントにまとめるべき?楽天経済圏との相性を解説,shopping,A,../articles/yosekatsu,ポイ活の新常識!ポイントを分散せず効率よく貯める「寄せ活」の始め方,ポイ活の新常識!ポイントを分散せず効率よく貯める「寄せ活」の始め方,編集部の判断|段階別に見るまとめる価値,4,,,,
rakuten-mobile-rakuten-point,楽天モバイルなら楽天ポイントにまとめるべき?楽天経済圏との相性を解説,shopping,A,../articles/rakuten-poikatsu-kiso,楽天ポイントの貯め方を初心者向けに解説!楽天経済圏の基本,楽天ポイントの貯め方を初心者向けに解説!楽天経済圏の基本,編集部の判断|段階別に見るまとめる価値,5,,,,
rakuten-mobile-rakuten-point,楽天モバイルなら楽天ポイントにまとめるべき?楽天経済圏との相性を解説,shopping,A,rakuten-paypay-hikaku,楽天ポイントとPayPayポイントはどっち?通販・決済・カードで比較,楽天ポイントとPayPayポイントの比較記事,よくある質問,4,,,,同一リンク先が2回登場するがFAQでの再掲は自然
rakuten-mobile-rakuten-point,楽天モバイルなら楽天ポイントにまとめるべき?楽天経済圏との相性を解説,shopping,G,../category/common-point,共通ポイント5種の比較ページ(カテゴリ),共通ポイント5種の比較ページ,よくある質問,4,,,,
rakuten-paypay-hikaku,楽天ポイントとPayPayポイントはどっち?通販・決済・カードで比較,shopping,A,../articles/rakuten-yahoo-hikaku,楽天市場とYahoo!ショッピングはどっちがお得?ポイ活視点で比較,楽天市場とYahoo!ショッピングはどっちがお得?ポイ活視点で比較,楽天市場 vs Yahoo!ショッピング,5,,,,
rakuten-paypay-hikaku,楽天ポイントとPayPayポイントはどっち?通販・決済・カードで比較,shopping,A,rakuten-mobile-rakuten-point,楽天モバイルなら楽天ポイントにまとめるべき?楽天経済圏との相性を解説,楽天モバイルなら楽天ポイントにまとめるべき?,どんな人に楽天ポイントが向くか,5,,,,
rakuten-paypay-hikaku,楽天ポイントとPayPayポイントはどっち?通販・決済・カードで比較,shopping,A,softbank-ymobile-paypay-point,SoftBank・Y!mobileならPayPayポイント?相性の良いサービスを比較,SoftBank・Y!mobileならPayPayポイント?,どんな人にPayPayポイントが向くか,5,,,,
rakuten-paypay-hikaku,楽天ポイントとPayPayポイントはどっち?通販・決済・カードで比較,shopping,A,../articles/yosekatsu,ポイ活の新常識!ポイントを分散せず効率よく貯める「寄せ活」の始め方,ポイ活の新常識!ポイントを分散せず効率よく貯める「寄せ活」の始め方,ポイントをまとめるときの注意,4,,,,
rakuten-paypay-hikaku,楽天ポイントとPayPayポイントはどっち?通販・決済・カードで比較,shopping,A,../articles/rakuten-yahoo-hikaku,楽天市場とYahoo!ショッピングはどっちがお得?ポイ活視点で比較,楽天市場とYahoo!ショッピングの比較記事,よくある質問,4,,,,
rakuten-paypay-hikaku,楽天ポイントとPayPayポイントはどっち?通販・決済・カードで比較,shopping,G,../category/common-point,共通ポイント5種の比較ページ(カテゴリ),共通ポイント5種の比較ページ,よくある質問,4,,,,
rakuten-point-supermarket,楽天ポイントが貯まるスーパー一覧|使える店舗・地域スーパーも比較,shopping,G,../category/supermarket,スーパー比較ページ(カテゴリ),スーパー比較ページ,(導入部),4,,,,
rakuten-point-supermarket,楽天ポイントが貯まるスーパー一覧|使える店舗・地域スーパーも比較,shopping,A,#ketsuron,(ページ内目次リンク:結論),結論,(目次),3,,,,
rakuten-point-supermarket,楽天ポイントが貯まるスーパー一覧|使える店舗・地域スーパーも比較,shopping,A,#kubun,(ページ内目次リンク:ポイント区分),楽天ポイントカードと決済ポイントの違い,(目次),3,,,,
rakuten-point-supermarket,楽天ポイントが貯まるスーパー一覧|使える店舗・地域スーパーも比較,shopping,A,#hikaku,(ページ内目次リンク:比較表),楽天ポイントが貯まる・使えるスーパー比較表,(目次),3,,,,
rakuten-point-supermarket,楽天ポイントが貯まるスーパー一覧|使える店舗・地域スーパーも比較,shopping,A,#chiiki,(ページ内目次リンク:地域別),地域別に見る楽天ポイント対応スーパー,(目次),3,,,,
rakuten-point-supermarket,楽天ポイントが貯まるスーパー一覧|使える店舗・地域スーパーも比較,shopping,A,#erabanai,(ページ内目次リンク:選び方注意),楽天ポイント対応だけでスーパーを選ばない,(目次),3,,,,
rakuten-point-supermarket,楽天ポイントが貯まるスーパー一覧|使える店舗・地域スーパーも比較,shopping,A,#youtobetsu,(ページ内目次リンク:利用状況別),利用状況別|スーパーで楽天ポイントを貯める価値,(目次),3,,,,
rakuten-point-supermarket,楽天ポイントが貯まるスーパー一覧|使える店舗・地域スーパーも比較,shopping,A,#simulation,(ページ内目次リンク:シミュレーション),利用額別シミュレーション,(目次),3,,,,
rakuten-point-supermarket,楽天ポイントが貯まるスーパー一覧|使える店舗・地域スーパーも比較,shopping,A,#dokuji,(ページ内目次リンク:独自ポイント比較),独自ポイントと楽天ポイント、どちらを貯める?,(目次),3,,,,
rakuten-point-supermarket,楽天ポイントが貯まるスーパー一覧|使える店舗・地域スーパーも比較,shopping,A,#muku,(ページ内目次リンク:向いている人),楽天ポイントが向いている人,(目次),3,,,,
rakuten-point-supermarket,楽天ポイントが貯まるスーパー一覧|使える店舗・地域スーパーも比較,shopping,A,#muitenai,(ページ内目次リンク:向いていない人),無理に寄せなくてもいい人,(目次),3,,,,
rakuten-point-supermarket,楽天ポイントが貯まるスーパー一覧|使える店舗・地域スーパーも比較,shopping,A,#faq,(ページ内目次リンク:FAQ),よくある質問,(目次),3,,,,
rakuten-point-supermarket,楽天ポイントが貯まるスーパー一覧|使える店舗・地域スーパーも比較,shopping,A,#matome,(ページ内目次リンク:まとめ),まとめ,(目次),3,,,,
rakuten-point-supermarket,楽天ポイントが貯まるスーパー一覧|使える店舗・地域スーパーも比較,shopping,G,../category/supermarket,スーパー比較ページ(カテゴリ),スーパー比較ページ,楽天ポイントが貯まる・使えるスーパー比較表,4,,,,
rakuten-point-supermarket,楽天ポイントが貯まるスーパー一覧|使える店舗・地域スーパーも比較,shopping,G,../category/supermarket,スーパー比較ページ(カテゴリ),スーパー比較ページ,沖縄,3,,,,
rakuten-point-supermarket,楽天ポイントが貯まるスーパー一覧|使える店舗・地域スーパーも比較,shopping,A,../articles/rakuten-poikatsu-kiso,楽天ポイントの貯め方を初心者向けに解説!楽天経済圏の基本,楽天ポイントの貯め方を初心者向けに解説,楽天ポイントが向いている人,5,,,,
rakuten-point-supermarket,楽天ポイントが貯まるスーパー一覧|使える店舗・地域スーパーも比較,shopping,A,../articles/rakuten-mobile-rakuten-point,楽天モバイルなら楽天ポイントにまとめるべき?楽天経済圏との相性を解説,楽天モバイルなら楽天ポイントにまとめるべき?,楽天ポイントが向いている人,4,,,,
rakuten-point-supermarket,楽天ポイントが貯まるスーパー一覧|使える店舗・地域スーパーも比較,shopping,A,../articles/ponta-supermarket,Pontaが貯まるスーパー一覧|使える店舗・地域スーパーも比較,Pontaが貯まる・使えるスーパーを比較するページ,無理に寄せなくてもいい人,4,,,,
rakuten-point-supermarket,楽天ポイントが貯まるスーパー一覧|使える店舗・地域スーパーも比較,shopping,G,../category/supermarket,スーパー比較ページ(カテゴリ),スーパー比較ページ,まとめ,4,,,,同一カテゴリへのリンクが計4回と多いため一部を削減・多様化してもよい
rakuten-point-supermarket,楽天ポイントが貯まるスーパー一覧|使える店舗・地域スーパーも比較,shopping,G,../category/common-point,共通ポイント5種を比較するページ(カテゴリ),共通ポイント5種を比較するページ,まとめ,4,,,,
recruit-ponta,リクルートサービスでPontaポイントを貯める方法!予約・買い物で活用,shopping,F,https://px.a8.net/svt/ejp?a8mat=4B84X3+F3KSUY+14CS+6GZCH,じゃらんnet,じゃらんnetで宿泊プランを確認する 公式サイトへ移動します,2. じゃらんで貯める方法,5,A8.net,,,
rentacar-yoyaku-poikatsu,レンタカー予約でポイ活する方法!旅行前に確認したい支払いと補償,shopping,A,gasoline-point-tameru,ガソリン代でポイントを貯める方法!車利用者向けポイ活の基本,ガソリン代でポイントを貯める方法,5. ガソリン代まで含めて考えるコツ,4,,,,
ryokou-yoyaku-point,旅行予約でポイントを貯める方法!ホテル・航空券・予約サイト活用術,shopping,A,yahoo-travel-tsukaikata,Yahoo!トラベルでポイントを活用する方法!宿泊予約前の確認ポイント,Yahoo!トラベル,2. 楽天トラベル・じゃらんの違い,4,,,,
ryokou-yoyaku-point,旅行予約でポイントを貯める方法!ホテル・航空券・予約サイト活用術,shopping,A,jalan-tsukaikata,じゃらんでポイ活する方法!宿泊・遊び体験予約でポイントを貯めるコツ,じゃらんでポイ活する方法!宿泊・遊び体験予約でポイントを貯めるコツ,2. 楽天トラベル・じゃらんの違い,5,,,,
seims-point,ドラッグセイムスのポイントを解説|セイムスポイントカードと楽天ポイントの関係,shopping,A,drugstore-point-hikaku,ドラッグストアのポイントを徹底比較|マツキヨ・ウエルシア・スギ薬局・ツルハなど,ドラッグストアのポイント徹底比較,よくある質問,5,,,,
sevennet-shopping-poikatsu,セブンネットショッピングとは?セブン‐イレブン受け取りで送料無料になる通販サイト,shopping,F,https://ck.jp.ap.valuecommerce.com/servlet/referral?sid=3776575&pid=892684845,セブンネットショッピング,セブンネットショッピングの詳細を見る 公式サイトへ移動します,こんな方におすすめ,5,ValueCommerce,,,
sevennet-shopping-poikatsu,セブンネットショッピングとは?セブン‐イレブン受け取りで送料無料になる通販サイト,shopping,F,https://ck.jp.ap.valuecommerce.com/servlet/referral?sid=3776575&pid=892684845,セブンネットショッピング,今すぐセブンネットショッピングを見てみる 公式サイトへ移動します,よくある質問,5,ValueCommerce,,,
shinseikatsu-poikatsu-checklist,新生活のポイ活チェックリスト!家具・家電・日用品をお得にそろえる方法,shopping,F,https://px.a8.net/svt/ejp?a8mat=4B8455+31JSUY+CHG+67C4H,アイリスプラザ,アイリスプラザで家具・家電・日用品を確認する 公式サイトへ移動します,3. 家具・日用品の買い方,5,A8.net,,,
shukuhaku-yoyaku-point,宿泊予約サイトでポイントを取りこぼさない方法!予約前の比較ポイント,shopping,A,yahoo-travel-tsukaikata,Yahoo!トラベルでポイントを活用する方法!宿泊予約前の確認ポイント,Yahoo!トラベル,1. 予約サイトごとのポイントの違い,5,,,,
shukuhaku-yoyaku-point,宿泊予約サイトでポイントを取りこぼさない方法!予約前の比較ポイント,shopping,A,jalan-tsukaikata,じゃらんでポイ活する方法!宿泊・遊び体験予約でポイントを貯めるコツ,じゃらん,1. 予約サイトごとのポイントの違い,5,,,,
shukuhaku-yoyaku-point,宿泊予約サイトでポイントを取りこぼさない方法!予約前の比較ポイント,shopping,A,airtrip-tsukaikata,エアトリで旅行予約ポイ活!航空券購入前に見るべき費用とポイント,エアトリ,1. 予約サイトごとのポイントの違い,5,,,,
shukuhaku-yoyaku-point,宿泊予約サイトでポイントを取りこぼさない方法!予約前の比較ポイント,shopping,A,rakuten-travel-supersale-poikatsu,楽天トラベルスーパーセールで失敗しないポイ活!予約前チェックリスト,楽天トラベルスーパーセールで失敗しないポイ活,よくある質問,4,,,,
softbank-ymobile-paypay-point,SoftBank・Y!mobileならPayPayポイント?相性の良いサービスを比較,shopping,A,../articles/paypay-point-tsukaikata,PayPayポイントの使い方とは?店舗・連携・交換まで完全ガイド,PayPay決済,相性が良いサービス,5,,,,
softbank-ymobile-paypay-point,SoftBank・Y!mobileならPayPayポイント?相性の良いサービスを比較,shopping,A,../articles/yahoo-shopping-toha,Yahoo!ショッピングとは?特徴とポイントの貯め方をわかりやすく解説,Yahoo!ショッピング,相性が良いサービス,5,,,,
softbank-ymobile-paypay-point,SoftBank・Y!mobileならPayPayポイント?相性の良いサービスを比較,shopping,A,../articles/paypay-campaign-katsuyo,PayPayでポイントを効率よく貯める方法!キャンペーン活用の基本,PayPayのキャンペーン,相性が良いサービス,5,,,,
softbank-ymobile-paypay-point,SoftBank・Y!mobileならPayPayポイント?相性の良いサービスを比較,shopping,A,rakuten-mobile-rakuten-point,楽天モバイルなら楽天ポイントにまとめるべき?楽天経済圏との相性を解説,楽天ポイントとの相性,他のポイントを選んだ方がよいケース,4,,,,
softbank-ymobile-paypay-point,SoftBank・Y!mobileならPayPayポイント?相性の良いサービスを比較,shopping,A,rakuten-paypay-hikaku,楽天ポイントとPayPayポイントはどっち?通販・決済・カードで比較,楽天ポイントとPayPayポイントはどっち?,他のポイントを選んだ方がよいケース,5,,,,
softbank-ymobile-paypay-point,SoftBank・Y!mobileならPayPayポイント?相性の良いサービスを比較,shopping,A,../articles/yosekatsu,ポイ活の新常識!ポイントを分散せず効率よく貯める「寄せ活」の始め方,ポイ活の新常識!ポイントを分散せず効率よく貯める「寄せ活」の始め方,編集部の判断|こんな人ならまとめる価値が高い,4,,,,
softbank-ymobile-paypay-point,SoftBank・Y!mobileならPayPayポイント?相性の良いサービスを比較,shopping,A,../articles/paypay-point-kiso,PayPayポイントとは?貯め方・使い方・注意点を初心者向けに解説,PayPayポイントとは?貯め方・使い方・注意点を初心者向けに解説,編集部の判断|こんな人ならまとめる価値が高い,5,,,,
softbank-ymobile-paypay-point,SoftBank・Y!mobileならPayPayポイント?相性の良いサービスを比較,shopping,A,rakuten-paypay-hikaku,楽天ポイントとPayPayポイントはどっち?通販・決済・カードで比較,楽天ポイントとPayPayポイントの比較記事,よくある質問,4,,,,
softbank-ymobile-paypay-point,SoftBank・Y!mobileならPayPayポイント?相性の良いサービスを比較,shopping,G,../category/common-point,共通ポイント5種の比較ページ(カテゴリ),共通ポイント5種の比較ページ,よくある質問,4,,,,
starbucks-poikatsu,スタバのポイント「Star」はどう貯まる?貯め方・交換先・有効期限を解説,shopping,A,dpoint-tsukaimichi,dポイントのおすすめの使い道!コンビニ・ドラッグストア・ネットで使う方法,dポイントのおすすめの使い道!コンビニ・ドラッグストア・ネットで使う方法,スタバでdポイント・楽天ポイントなどは貯まる?,4,,,,
starbucks-poikatsu,スタバのポイント「Star」はどう貯まる?貯め方・交換先・有効期限を解説,shopping,A,rakuten-point-tamekata,楽天ポイントの貯め方とは?もらう方法・使い方を解説,楽天ポイントの貯め方|ポイントをもらう方法と使い方,スタバでdポイント・楽天ポイントなどは貯まる?,4,,,,
starbucks-poikatsu,スタバのポイント「Star」はどう貯まる?貯め方・交換先・有効期限を解説,shopping,A,hasuu-shiharai-point,端数支払いでポイントを使う方法!少額ポイントを無駄にしないコツ,端数支払いでポイントを使う方法!少額ポイントを無駄にしないコツ,利用前に知っておきたい注意点,3,,,,
starbucks-poikatsu,スタバのポイント「Star」はどう貯まる?貯め方・交換先・有効期限を解説,shopping,A,paypay-point-kiso,PayPayポイントとは?貯め方・使い方・注意点を初心者向けに解説,PayPayポイントとは?貯め方・使い方・注意点を初心者向けに解説,利用前に知っておきたい注意点,4,,,,
subscription-point-tameru,サブスク料金でポイントを貯める方法!動画・音楽・クラウドサービスの支払い術,shopping,A,rakuten-music-poikatsu,楽天ミュージックとは?広告なしで約1億曲聴き放題の音楽アプリを解説,楽天ミュージック,2. カード払いで貯める方法,5,,,,
subscription-point-tameru,サブスク料金でポイントを貯める方法!動画・音楽・クラウドサービスの支払い術,shopping,F,https://tr.affiliate-sp.docomo.ne.jp/cl/d0000000236/5239/2,Lemino,Leminoのサービス内容を見る 公式サイトへ移動します,2. カード払いで貯める方法,4,ドコモアフィリエイト,,,
sugi-point,スギ薬局のポイント制度!スギポイントの貯め方と使い方,shopping,A,drugstore-point-hikaku,ドラッグストアのポイントを徹底比較|マツキヨ・ウエルシア・スギ薬局・ツルハなど,ドラッグストアのポイント徹底比較,よくある質問,5,,,,
sumaho-kessai-poikatsu,スマホ決済でポイ活する方法!PayPay・楽天ペイ・d払いの使い分け,shopping,A,code-kessai-4sha-hikaku,コード決済4社を徹底比較|PayPay・d払い・楽天ペイ・au PAY,コード決済4社を徹底比較,まとめ:自分に合った1つから始める,5,,,,
takashimaya-online-toha,高島屋オンラインストアとは?特徴とポイントの貯め方をわかりやすく解説,shopping,E,https://www.takashimaya.co.jp/shopping/,高島屋オンラインストア(公式サイト),高島屋オンラインストアの公式サイトを見る 公式サイトへ移動します,こんな方におすすめ,5,,MEDIUM,,現状は非アフィリエイトの公式直リンク。提携プログラムの有無を確認しアフィリエイト化を検討
tsuruha-point,ツルハのポイント制度!ツルハポイントカードと楽天ポイントの併用,shopping,A,drugstore-point-hikaku,ドラッグストアのポイントを徹底比較|マツキヨ・ウエルシア・スギ薬局・ツルハなど,ドラッグストアのポイント徹底比較,よくある質問,5,,,,
uniqlo-gu-point,ユニクロ・GUでポイントは貯まる?衣類購入でできる節約チェック,shopping,A,hapitas-poikatsu,ハピタスとは?ポイント還元率・交換方法・登録方法をわかりやすく解説,ハピタスとは?1pt=1円の明確なレートで貯まるポイントサイトの特徴を解説,ポイントサイト経由の活用,4,,,,
uniqlo-gu-point,ユニクロ・GUでポイントは貯まる?衣類購入でできる節約チェック,shopping,A,moppy-hajimekata,モッピーでポイ活を始める方法!高還元案件を見る前の確認ポイント,モッピーでポイ活を始める方法!高還元案件を見る前の確認ポイント,ポイントサイト経由の活用,4,,MEDIUM,,ハピタス・モッピーの案件記事(アフィリエイトCTA)へのリンクや自記事へのCTA追加を検討
v-point-supermarket,Vポイントが貯まるスーパー一覧|使える店舗・地域スーパーも比較,shopping,G,../category/supermarket,スーパー比較ページ(カテゴリ),スーパー比較ページ,(導入部),4,,,,
v-point-supermarket,Vポイントが貯まるスーパー一覧|使える店舗・地域スーパーも比較,shopping,A,#ketsuron,(ページ内目次リンク:結論),結論,(目次),3,,,,
v-point-supermarket,Vポイントが貯まるスーパー一覧|使える店舗・地域スーパーも比較,shopping,A,#kubun,(ページ内目次リンク:ポイント区分),Vポイント加盟店とカード決済ポイントは別,(目次),3,,,,
v-point-supermarket,Vポイントが貯まるスーパー一覧|使える店舗・地域スーパーも比較,shopping,A,#mobile,(ページ内目次リンク:モバイルVカード),モバイルVカード限定のスーパーに注意,(目次),3,,,,
v-point-supermarket,Vポイントが貯まるスーパー一覧|使える店舗・地域スーパーも比較,shopping,A,#hikaku,(ページ内目次リンク:比較表),Vポイントが貯まる・使えるスーパー比較表,(目次),3,,,,
v-point-supermarket,Vポイントが貯まるスーパー一覧|使える店舗・地域スーパーも比較,shopping,A,#chiiki,(ページ内目次リンク:地域別),地域別に見るVポイント対応スーパー,(目次),3,,,,
v-point-supermarket,Vポイントが貯まるスーパー一覧|使える店舗・地域スーパーも比較,shopping,A,#erabanai,(ページ内目次リンク:選び方注意),Vポイント対応だけでスーパーを選ばない,(目次),3,,,,
v-point-supermarket,Vポイントが貯まるスーパー一覧|使える店舗・地域スーパーも比較,shopping,A,#youtobetsu,(ページ内目次リンク:利用状況別),利用状況別|スーパーでVポイントを貯める価値,(目次),3,,,,
v-point-supermarket,Vポイントが貯まるスーパー一覧|使える店舗・地域スーパーも比較,shopping,A,#simulation,(ページ内目次リンク:シミュレーション),利用額別シミュレーション,(目次),3,,,,
v-point-supermarket,Vポイントが貯まるスーパー一覧|使える店舗・地域スーパーも比較,shopping,A,#dokuji,(ページ内目次リンク:独自ポイント比較),独自ポイントとVポイント、どちらを貯める?,(目次),3,,,,
v-point-supermarket,Vポイントが貯まるスーパー一覧|使える店舗・地域スーパーも比較,shopping,A,#muku,(ページ内目次リンク:向いている人),Vポイントが向いている人,(目次),3,,,,
v-point-supermarket,Vポイントが貯まるスーパー一覧|使える店舗・地域スーパーも比較,shopping,A,#muitenai,(ページ内目次リンク:向いていない人),無理に寄せなくてもいい人,(目次),3,,,,
v-point-supermarket,Vポイントが貯まるスーパー一覧|使える店舗・地域スーパーも比較,shopping,A,#faq,(ページ内目次リンク:FAQ),よくある質問,(目次),3,,,,
v-point-supermarket,Vポイントが貯まるスーパー一覧|使える店舗・地域スーパーも比較,shopping,A,#matome,(ページ内目次リンク:まとめ),まとめ,(目次),3,,,,
v-point-supermarket,Vポイントが貯まるスーパー一覧|使える店舗・地域スーパーも比較,shopping,G,../category/supermarket,スーパー比較ページ(カテゴリ),スーパー比較ページ,Vポイントが貯まる・使えるスーパー比較表,4,,,,
v-point-supermarket,Vポイントが貯まるスーパー一覧|使える店舗・地域スーパーも比較,shopping,G,../category/supermarket,スーパー比較ページ(カテゴリ),スーパー比較ページ,沖縄,3,,,,
v-point-supermarket,Vポイントが貯まるスーパー一覧|使える店舗・地域スーパーも比較,shopping,A,../articles/vpoint-no-carrier,Vポイントと携帯キャリアの関係|ドコモ・au・ソフトバンクでも使える?,Vポイントはキャリアに縛られたくない人向け?,Vポイントが向いている人,4,,,,
v-point-supermarket,Vポイントが貯まるスーパー一覧|使える店舗・地域スーパーも比較,shopping,A,../articles/vpoint-tamekata,Vポイントの貯め方とは?もらう方法・使い方を解説,Vポイントの貯め方とは?,Vポイントが向いている人,5,,,,
v-point-supermarket,Vポイントが貯まるスーパー一覧|使える店舗・地域スーパーも比較,shopping,A,../articles/rakuten-point-supermarket,楽天ポイントが貯まるスーパー一覧|使える店舗・地域スーパーも比較,楽天ポイントが貯まる・使えるスーパーを比較するページ,無理に寄せなくてもいい人,4,,,,
v-point-supermarket,Vポイントが貯まるスーパー一覧|使える店舗・地域スーパーも比較,shopping,G,../category/supermarket,スーパー比較ページ(カテゴリ),スーパー比較ページ,まとめ,4,,,,同一カテゴリへのリンクが計4回と多いため一部を削減・多様化してもよい
v-point-supermarket,Vポイントが貯まるスーパー一覧|使える店舗・地域スーパーも比較,shopping,G,../category/common-point,共通ポイント5種を比較するページ(カテゴリ),共通ポイント5種を比較するページ,まとめ,4,,,,
vpoint-no-carrier,Vポイントと携帯キャリアの関係|ドコモ・au・ソフトバンクでも使える?,shopping,A,../articles/mitsui-sumitomo-card-vpoint,三井住友カードでVポイントを貯める方法!対象店舗とタッチ決済の基本,三井住友カード,相性が良いサービス,5,,MEDIUM,,三井住友カードへの誘導があるがカード申込CTAがない。既存の三井住友カード案件記事があればCTA追加を検討
vpoint-no-carrier,Vポイントと携帯キャリアの関係|ドコモ・au・ソフトバンクでも使える?,shopping,A,rakuten-mobile-rakuten-point,楽天モバイルなら楽天ポイントにまとめるべき?楽天経済圏との相性を解説,楽天ポイントとの相性,他のポイントを選んだ方がよいケース,4,,,,
vpoint-no-carrier,Vポイントと携帯キャリアの関係|ドコモ・au・ソフトバンクでも使える?,shopping,A,../articles/vpoint-rakuten-hikaku,Vポイントと楽天ポイントはどっちが使いやすい?生活圏別に比較,Vポイントと楽天ポイントはどっちが使いやすい?生活圏別に比較,他のポイントを選んだ方がよいケース,4,,,,
vpoint-no-carrier,Vポイントと携帯キャリアの関係|ドコモ・au・ソフトバンクでも使える?,shopping,A,../articles/yosekatsu,ポイ活の新常識!ポイントを分散せず効率よく貯める「寄せ活」の始め方,ポイ活の新常識!ポイントを分散せず効率よく貯める「寄せ活」の始め方,編集部の判断|こんな人ならまとめる価値が高い,4,,,,
vpoint-no-carrier,Vポイントと携帯キャリアの関係|ドコモ・au・ソフトバンクでも使える?,shopping,A,../articles/vpoint-kiso,Vポイントとは?旧Tポイントとの違いとポイ活での使い方,Vポイントとは?旧Tポイントとの違いとポイ活での使い方,編集部の判断|こんな人ならまとめる価値が高い,5,,,,
vpoint-no-carrier,Vポイントと携帯キャリアの関係|ドコモ・au・ソフトバンクでも使える?,shopping,A,../articles/vpoint-tasha-koukan,Vポイントを他社ポイントへ交換する方法!交換先の選び方と注意点,Vポイントを他社ポイントへ交換する方法,編集部の判断|こんな人ならまとめる価値が高い,4,,,,
vpoint-no-carrier,Vポイントと携帯キャリアの関係|ドコモ・au・ソフトバンクでも使える?,shopping,A,../articles/vpoint-rakuten-hikaku,Vポイントと楽天ポイントはどっちが使いやすい?生活圏別に比較,楽天ポイントとVポイントの比較記事,よくある質問,4,,,,
vpoint-no-carrier,Vポイントと携帯キャリアの関係|ドコモ・au・ソフトバンクでも使える?,shopping,G,../category/common-point,共通ポイント5種の比較ページ(カテゴリ),共通ポイント5種の比較ページ,よくある質問,4,,,,
welcia-point,ウエルシアのポイント制度!WAON POINT・Vポイントと「ウエル活」の仕組み,shopping,A,welkatsu-poikatsu,ウエル活とは?ドラッグストアでポイントを活用する基本と注意点,ウエル活とは?ドラッグストアでポイントを活用する基本と注意点,3. 「ウエル活」の現在の条件,5,,,,
welcia-point,ウエルシアのポイント制度!WAON POINT・Vポイントと「ウエル活」の仕組み,shopping,A,drugstore-poikatsu,ドラッグストアでポイ活する方法!日用品・薬・コスメでポイントを貯める,ドラッグストアでポイ活する方法!日用品・薬・コスメでポイントを貯める,5. 月間利用額シミュレーション,4,,,,
welcia-point,ウエルシアのポイント制度!WAON POINT・Vポイントと「ウエル活」の仕組み,shopping,A,drugstore-point-hikaku,ドラッグストアのポイントを徹底比較|マツキヨ・ウエルシア・スギ薬局・ツルハなど,ドラッグストアのポイント徹底比較,よくある質問,5,,,,
welkatsu-poikatsu,ウエル活とは?ドラッグストアでポイントを活用する基本と注意点,shopping,A,drugstore-poikatsu,ドラッグストアでポイ活する方法!日用品・薬・コスメでポイントを貯める,ドラッグストアでポイ活する方法!日用品・薬・コスメでポイントを貯める,5. 日用品費を下げるコツ,4,,,,welcia-pointへの相互リンクがあるとより良い
yahoo-shopping-toha,Yahoo!ショッピングとは?特徴とポイントの貯め方をわかりやすく解説,shopping,F,https://ck.jp.ap.valuecommerce.com/servlet/referral?sid=3776575&pid=892684862,Yahoo!ショッピング,Yahoo!ショッピングの詳細を見る 公式サイトへ移動します,こんな方におすすめ,5,ValueCommerce,,,
yahoo-shopping-toha,Yahoo!ショッピングとは?特徴とポイントの貯め方をわかりやすく解説,shopping,F,https://ck.jp.ap.valuecommerce.com/servlet/referral?sid=3776575&pid=892684862,Yahoo!ショッピング,今すぐYahoo!ショッピングを見てみる 公式サイトへ移動します,よくある質問,5,ValueCommerce,,,
yodobashi-toha,ヨドバシ.comとは?特徴とポイントの貯め方をわかりやすく解説,shopping,E,https://www.yodobashi.com/,ヨドバシ.com(公式サイト),ヨドバシ.comの公式サイトを見る 公式サイトへ移動します,こんな方におすすめ,5,,MEDIUM,,現状は非アフィリエイトの公式直リンク。被リンク173件の主要ハブ記事のため提携プログラムの有無を確認しアフィリエイト化を検討
amefri-poikatsu,アメフリとは?すきま時間で貯まるポイントサイトの特徴を解説,pointsite,F,https://px.a8.net/svt/ejp?a8mat=4B8115+354EHM+4F8I+639IP,アメフリ,アメフリの無料登録はこちら 公式サイトへ移動します,利用前に確認しておきたいこと,5,A8.net,NONE,,
amefri-poikatsu,アメフリとは?すきま時間で貯まるポイントサイトの特徴を解説,pointsite,F,https://px.a8.net/svt/ejp?a8mat=4B8115+354EHM+4F8I+639IP,アメフリ,今すぐアメフリに登録する 公式サイトへ移動します,よくある質問,5,A8.net,NONE,,
chobirich-poikatsu,ちょびリッチとは?評判・特徴からポイントの貯め方まで徹底解説,pointsite,F,https://px.a8.net/svt/ejp?a8mat=4B8096+169TI2+389A+6BU5U,ちょびリッチ,ちょびリッチの無料登録はこちら 公式サイトへ移動します,登録前に確認しておきたいこと,5,A8.net,NONE,,
chobirich-poikatsu,ちょびリッチとは?評判・特徴からポイントの貯め方まで徹底解説,pointsite,F,https://px.a8.net/svt/ejp?a8mat=4B8096+169TI2+389A+6BU5U,ちょびリッチ,今すぐちょびリッチに登録する 公式サイトへ移動します,よくある質問,5,A8.net,NONE,,
chobirich-tsukaikata,ちょびリッチの使い方!ポイントサイト初心者が見るべき案件と交換先,pointsite,F,https://px.a8.net/svt/ejp?a8mat=4B8096+169TI2+389A+6BU5U,ちょびリッチ,ちょびリッチの無料登録はこちら 公式サイトへ移動します,5. 他サイトと比べる時のポイント,5,A8.net,NONE,,
chobirich-tsukaikata,ちょびリッチの使い方!ポイントサイト初心者が見るべき案件と交換先,pointsite,F,https://px.a8.net/svt/ejp?a8mat=4B8096+169TI2+389A+6BU5U,ちょびリッチ,今すぐちょびリッチに登録する 公式サイトへ移動します,よくある質問,5,A8.net,NONE,,
ecnavi-poikatsu,ECナビとは?多彩な方法でポイントが貯まるポイントサイトの特徴を解説,pointsite,F,https://px.a8.net/svt/ejp?a8mat=4B8115+3DGGYI+3NOK+67C4H,ECナビ,ECナビの無料登録はこちら 公式サイトへ移動します,こんな方におすすめ,5,A8.net,NONE,,
ecnavi-poikatsu,ECナビとは?多彩な方法でポイントが貯まるポイントサイトの特徴を解説,pointsite,F,https://px.a8.net/svt/ejp?a8mat=4B8115+3DGGYI+3NOK+67C4H,ECナビ,今すぐECナビに登録する 公式サイトへ移動します,よくある質問,5,A8.net,NONE,,
ecnavi-tsukaikata,ECナビでポイントを貯める方法!アンケートと買い物を組み合わせるコツ,pointsite,F,https://px.a8.net/svt/ejp?a8mat=4B8115+3DGGYI+3NOK+67C4H,ECナビ,ECナビの無料登録はこちら 公式サイトへ移動します,5. 毎日作業にしない続け方,5,A8.net,NONE,,
ecnavi-tsukaikata,ECナビでポイントを貯める方法!アンケートと買い物を組み合わせるコツ,pointsite,F,https://px.a8.net/svt/ejp?a8mat=4B8115+3DGGYI+3NOK+67C4H,ECナビ,今すぐECナビに登録する 公式サイトへ移動します,よくある質問,5,A8.net,NONE,,
gendama-poikatsu,げん玉とは?ポイントの貯め方・交換方法をわかりやすく解説,pointsite,F,https://h.accesstrade.net/sp/cc?rk=0100pvnm00oy8i,げん玉,げん玉の詳細を見る 公式サイトへ移動します,こんな方におすすめ,5,ACCESSTRADE,NONE,,CTAが1箇所のみ。記事末尾(よくある質問付近)にも2つ目のCTA設置を検討
hapitas-poikatsu,ハピタスとは?ポイント還元率・交換方法・登録方法をわかりやすく解説,pointsite,F,https://px.a8.net/svt/ejp?a8mat=4B8115+3E1WKA+1LP8+CALN5,ハピタス,ハピタスの無料登録はこちら 公式サイトへ移動します,こんな方におすすめ,5,A8.net,NONE,,
hapitas-poikatsu,ハピタスとは?ポイント還元率・交換方法・登録方法をわかりやすく解説,pointsite,F,https://px.a8.net/svt/ejp?a8mat=4B8115+3E1WKA+1LP8+CALN5,ハピタス,今すぐハピタスに登録する 公式サイトへ移動します,よくある質問,5,A8.net,NONE,,
hapitas-tsukaikata,ハピタスの使い方を初心者向けに解説!案件選びとポイント交換の基本,pointsite,F,https://px.a8.net/svt/ejp?a8mat=4B8115+3E1WKA+1LP8+CALN5,ハピタス,ハピタスの無料登録はこちら 公式サイトへ移動します,1. ハピタスでできること,5,A8.net,NONE,,
hapitas-tsukaikata,ハピタスの使い方を初心者向けに解説!案件選びとポイント交換の基本,pointsite,F,https://px.a8.net/svt/ejp?a8mat=4B8115+3E1WKA+1LP8+CALN5,ハピタス,今すぐハピタスに登録する 公式サイトへ移動します,よくある質問,5,A8.net,NONE,,
hoken-soudan-anken-poikatsu,保険相談案件のポイ活とは?面談前に知っておきたいメリットと注意点,pointsite,A,shiryouseikyuu-anken-poikatsu,資料請求案件でポイ活する方法!申し込み前に確認したい注意点,資料請求案件でポイ活する方法,2. 資料請求案件との違い,5,,NONE,,
hoken-soudan-anken-poikatsu,保険相談案件のポイ活とは?面談前に知っておきたいメリットと注意点,pointsite,A,pointsite-kyakka-genin,ポイントサイトで却下される原因は?承認条件の読み方を初心者向けに解説,ポイントサイトで却下される原因は?承認条件の読み方,9. 保険相談案件で却下されやすいケース,5,,NONE,,
hoken-soudan-anken-poikatsu,保険相談案件のポイ活とは?面談前に知っておきたいメリットと注意点,pointsite,A,../category/pointsite,(カテゴリページ)ポイントサイトおすすめ比較,ポイントサイトおすすめ比較,よくある質問,4,,NONE,,
hoken-soudan-anken-poikatsu,保険相談案件のポイ活とは?面談前に知っておきたいメリットと注意点,pointsite,A,pointsite-kougaku-anken,ポイントサイトの高額案件を見る前に!口座開設・カード案件の注意点,ポイントサイトの高額案件で注意したいこと,よくある質問,4,,NONE,,
hoken-soudan-anken-poikatsu,保険相談案件のポイ活とは?面談前に知っておきたいメリットと注意点,pointsite,A,poikatsu-kiso,ポイ活とは?初心者が最初に知っておきたい仕組みと始め方,ポイ活とは?初心者が最初に知っておきたい仕組みと始め方,よくある質問,3,,NONE,,より保険相談案件に近い文脈のアンカーに調整すると、なお自然(現状でも問題ないレベル)
poikatsu-mail-tsuuchi-seiri,ポイ活メール通知の整理術!必要なキャンペーンだけ見逃さない方法,pointsite,A,poikatsu-senyou-mail-hitsuyou,ポイ活専用メールアドレスは必要?登録管理をラクにする考え方,ポイ活専用メールアドレスは必要?登録管理をラクにする考え方,,4,,NONE,,同一記事への重複リンク。片方をキャンペーンメモや経由忘れ防止など別の関連記事に差し替えると回遊性が向上
poikatsu-mail-tsuuchi-seiri,ポイ活メール通知の整理術!必要なキャンペーンだけ見逃さない方法,pointsite,A,poikatsu-senyou-mail-hitsuyou,ポイ活専用メールアドレスは必要?登録管理をラクにする考え方,ポイ活専用メールアドレスは必要?登録管理をラクにする考え方,4. 迷惑メール化を防ぐ注意,4,,NONE,,同上(1件目と同一リンク先の重複)
poikatsu-taikai-mae-kakunin,ポイ活サービスを退会する前に確認すること!ポイント失効を防ぐ手順,pointsite,A,point-yuukoukigen-kanri,ポイントの有効期限を管理する方法!失効を防ぐチェック習慣,ポイントの有効期限を管理する方法,よくある質問,4,,N/A,,
poikatsu-taikai-mae-kakunin,ポイ活サービスを退会する前に確認すること!ポイント失効を防ぐ手順,pointsite,A,point-rireki-mikata,ポイント履歴の見方を解説!獲得・利用・失効を確認する手順,ポイント履歴の見方を解説,よくある質問,4,,N/A,,
point-museum-poikatsu,ポイントミュージアムとは?安全性・交換条件・特徴をわかりやすく解説,pointsite,A,poikatsu-kojinjouhou-mamoru,ポイ活で個人情報を守る方法!登録前に確認したい安全チェック,ポイ活で個人情報を守る方法,ポイントミュージアムの安全性,4,,N/A,,
point-museum-poikatsu,ポイントミュージアムとは?安全性・交換条件・特徴をわかりやすく解説,pointsite,A,poikatsu-kojinjouhou-mamoru,ポイ活で個人情報を守る方法!登録前に確認したい安全チェック,ポイ活で個人情報を守る方法,よくある質問,4,,N/A,,同じ記事へのリンクが本文中に2回続くため、2つ目は別の関連記事(例:point-rireki-mikataやpointsite-kyakka-genin等)に差し替えると内部リンクの多様性が向上します。
point-museum-poikatsu,ポイントミュージアムとは?安全性・交換条件・特徴をわかりやすく解説,pointsite,F,https://px.a8.net/svt/ejp?a8mat=4B8115+3PD522+S7A+TUO9T,ポイントミュージアム(公式登録),ポイントミュージアムの無料登録はこちら 公式サイトへ移動します,こんな方におすすめ,5,A8.net,N/A,,
point-museum-poikatsu,ポイントミュージアムとは?安全性・交換条件・特徴をわかりやすく解説,pointsite,F,https://px.a8.net/svt/ejp?a8mat=4B8115+3PD522+S7A+TUO9T,ポイントミュージアム(公式登録),今すぐポイントミュージアムに登録する 公式サイトへ移動します,よくある質問,5,A8.net,N/A,,
pointincome-poikatsu,ポイントインカムとは?アプリでも貯まるポイントサイトの特徴を解説,pointsite,F,https://px.a8.net/svt/ejp?a8mat=4B8115+20MXCQ+5JWO+5YZ75,ポイントインカム(公式登録),ポイントインカムの無料登録はこちら 公式サイトへ移動します,利用前に確認しておきたいこと,5,A8.net,N/A,,
pointincome-poikatsu,ポイントインカムとは?アプリでも貯まるポイントサイトの特徴を解説,pointsite,F,https://px.a8.net/svt/ejp?a8mat=4B8115+20MXCQ+5JWO+5YZ75,ポイントインカム(公式登録),今すぐポイントインカムに登録する 公式サイトへ移動します,よくある質問,5,A8.net,N/A,,
pointincome-tsukaikata,ポイントインカムの特徴とは?買い物・ゲーム・案件を使い分ける方法,pointsite,F,https://px.a8.net/svt/ejp?a8mat=4B8115+20MXCQ+5JWO+5YZ75,ポイントインカム(公式登録),ポイントインカムの無料登録はこちら 公式サイトへ移動します,1. ポイントインカムの特徴,5,A8.net,N/A,,
pointincome-tsukaikata,ポイントインカムの特徴とは?買い物・ゲーム・案件を使い分ける方法,pointsite,F,https://px.a8.net/svt/ejp?a8mat=4B8115+20MXCQ+5JWO+5YZ75,ポイントインカム(公式登録),今すぐポイントインカムに登録する 公式サイトへ移動します,よくある質問,5,A8.net,N/A,,
pointsite-kyakka-genin,ポイントサイトで却下される原因は?承認条件の読み方を初心者向けに解説,pointsite,A,point-toiawase-junbi,ポイント問い合わせの準備方法!必要情報をそろえてスムーズに確認する,ポイント問い合わせの準備方法,10. 問い合わせ前に確認する項目,5,,N/A,,
pointsite-kyakka-genin,ポイントサイトで却下される原因は?承認条件の読み方を初心者向けに解説,pointsite,A,keiyu-wasure-boushi,ポイントサイト経由忘れを防ぐ方法!買い物前チェックを習慣化するコツ,ポイントサイト経由忘れを防ぐ方法,11. 同じ失敗を繰り返さないための利用手順,5,,N/A,,
pointsite-kyakka-genin,ポイントサイトで却下される原因は?承認条件の読み方を初心者向けに解説,pointsite,A,hapitas-poikatsu,ハピタスとは?ポイント還元率・交換方法・登録方法をわかりやすく解説,ハピタス,よくある質問,3,,N/A,,FAQ内の単語アンカーが7件連続しており、なぜこのサイトが却下されにくい/信頼できるかの一言を添えると文脈との関連性が高まります。
pointsite-kyakka-genin,ポイントサイトで却下される原因は?承認条件の読み方を初心者向けに解説,pointsite,A,moppy-hajimekata,モッピーでポイ活を始める方法!高還元案件を見る前の確認ポイント,モッピー,よくある質問,3,,N/A,,
pointsite-kyakka-genin,ポイントサイトで却下される原因は?承認条件の読み方を初心者向けに解説,pointsite,A,pointincome-poikatsu,ポイントインカムとは?アプリでも貯まるポイントサイトの特徴を解説,ポイントインカム,よくある質問,3,,N/A,,
pointsite-kyakka-genin,ポイントサイトで却下される原因は?承認条件の読み方を初心者向けに解説,pointsite,A,warau-poikatsu,ワラウとは?老舗ポイントサイトの貯め方・交換方法をわかりやすく解説,ワラウ,よくある質問,3,,N/A,,
pointsite-kyakka-genin,ポイントサイトで却下される原因は?承認条件の読み方を初心者向けに解説,pointsite,A,chobirich-poikatsu,ちょびリッチとは?評判・特徴からポイントの貯め方まで徹底解説,ちょびリッチ,よくある質問,3,,N/A,,
pointsite-kyakka-genin,ポイントサイトで却下される原因は?承認条件の読み方を初心者向けに解説,pointsite,A,ecnavi-poikatsu,ECナビとは?多彩な方法でポイントが貯まるポイントサイトの特徴を解説,ECナビ,よくある質問,3,,N/A,,
pointsite-kyakka-genin,ポイントサイトで却下される原因は?承認条件の読み方を初心者向けに解説,pointsite,A,nifty-point-club-poikatsu,ニフティポイントクラブの活用術!ネット利用者向けのポイ活基本,ニフティポイントクラブ,よくある質問,3,,N/A,,
pointsite-kyakka-genin,ポイントサイトで却下される原因は?承認条件の読み方を初心者向けに解説,pointsite,A,point-tsukanai-genin,ポイントが付かない原因まとめ!問い合わせ前に確認すべきこと,ポイントが付かない原因まとめ,よくある質問,5,,N/A,,
tsukihatsu-tsukimatsu-poikatsu-routine,月初・月末のポイ活ルーティン|ポイント失効・キャンペーンを10分で確認,pointsite,A,kikangentei-point-5shu-hikaku,期間限定ポイント5種を比較!失効前に使い切る方法,d・楽天・PayPay・Ponta・Vポイントの期間限定ポイントを比較,4. 主要ポイント5種で確認しておきたいこと,5,,N/A,,
tsukihatsu-tsukimatsu-poikatsu-routine,月初・月末のポイ活ルーティン|ポイント失効・キャンペーンを10分で確認,pointsite,A,jisshitsu-kakaku-keisan,実質価格とは?計算方法・ポイント還元と値引きの違いを具体例で解説,実質価格とは?計算方法をわかりやすく解説,5. 予算残高との照合,3,,N/A,,「予算残高との照合」の文脈では、収支の記録方法を扱うpoint-shuushihyou-tsukurikataの方が実質価格の計算方法より直接的に関連する可能性があります。
warau-poikatsu,ワラウとは?老舗ポイントサイトの貯め方・交換方法をわかりやすく解説,pointsite,F,https://px.a8.net/svt/ejp?a8mat=4B8096+1C85JU+3ZZC+HY069,ワラウ(公式登録),ワラウの無料登録はこちら 公式サイトへ移動します,利用前に確認したいポイント,5,A8.net,N/A,,
warau-poikatsu,ワラウとは?老舗ポイントサイトの貯め方・交換方法をわかりやすく解説,pointsite,F,https://px.a8.net/svt/ejp?a8mat=4B8096+1C85JU+3ZZC+HY069,ワラウ(公式登録),今すぐワラウに登録する 公式サイトへ移動します,よくある質問,5,A8.net,N/A,,
warau-tsukaikata,ワラウでできるポイ活とは?遊びながら貯める前に知りたい基本,pointsite,F,https://px.a8.net/svt/ejp?a8mat=4B8096+1C85JU+3ZZC+HY069,ワラウ(公式登録),ワラウの無料登録はこちら 公式サイトへ移動します,1. ワラウの主な貯め方,5,A8.net,N/A,,
warau-tsukaikata,ワラウでできるポイ活とは?遊びながら貯める前に知りたい基本,pointsite,F,https://px.a8.net/svt/ejp?a8mat=4B8096+1C85JU+3ZZC+HY069,ワラウ(公式登録),今すぐワラウに登録する 公式サイトへ移動します,よくある質問,5,A8.net,N/A,,
aeoncompass-travelmall-poikatsu,イオンコンパストラベルモール(レンタカー予約)とは?WAON POINTを貯める方法,campaign,F,https://px.a8.net/svt/ejp?a8mat=4B84X3+DJM1ZU+5RZ8+BXB8X,イオンコンパストラベルモール(レンタカー予約),イオンコンパストラベルモールでレンタカーを探す 公式サイトへ移動します,こんな方におすすめ,5,A8.net,-,-,-
aeoncompass-travelmall-poikatsu,イオンコンパストラベルモール(レンタカー予約)とは?WAON POINTを貯める方法,campaign,F,https://px.a8.net/svt/ejp?a8mat=4B84X3+DJM1ZU+5RZ8+BXB8X,イオンコンパストラベルモール(レンタカー予約),今すぐレンタカーを比較する 公式サイトへ移動します,よくある質問,5,A8.net,-,-,-
aeoncompass-travelmall-yado-poikatsu,イオンコンパストラベルモール(宿泊予約)とは?WAON POINTが貯まる予約サービス,campaign,F,https://px.a8.net/svt/ejp?a8mat=4B84X3+DIF6SA+5RZ8+5YZ75,イオンコンパストラベルモール(宿泊予約),イオンコンパストラベルモールで宿を探す 公式サイトへ移動します,こんな方におすすめ,5,A8.net,-,-,-
aeoncompass-travelmall-yado-poikatsu,イオンコンパストラベルモール(宿泊予約)とは?WAON POINTが貯まる予約サービス,campaign,F,https://px.a8.net/svt/ejp?a8mat=4B84X3+DIF6SA+5RZ8+5YZ75,イオンコンパストラベルモール(宿泊予約),今すぐ宿泊プランを探す 公式サイトへ移動します,よくある質問,5,A8.net,-,-,-
airtrip-poikatsu,エアトリポイントの使い道は?貯め方・有効期限をわかりやすく解説,campaign,A,airtrip-tsukaikata,エアトリで旅行予約ポイ活!航空券購入前に見るべき費用とポイント,エアトリで旅行予約ポイ活!航空券購入前に見るべき費用とポイント,予約時の料金・手数料について,5,-,-,-,-
airtrip-poikatsu,エアトリポイントの使い道は?貯め方・有効期限をわかりやすく解説,campaign,A,airtrip-tsukaikata,エアトリで旅行予約ポイ活!航空券購入前に見るべき費用とポイント,エアトリで旅行予約ポイ活!航空券購入前に見るべき費用とポイント,よくある質問,5,-,-,-,-
airtrip-poikatsu,エアトリポイントの使い道は?貯め方・有効期限をわかりやすく解説,campaign,F,https://px.a8.net/svt/ejp?a8mat=4B84X3+F0LMU2+AD2+6BMG1,エアトリ,エアトリで航空券を比較する 公式サイトへ移動します,エアトリポイントが向いている人,5,A8.net,-,-,-
airtrip-poikatsu,エアトリポイントの使い道は?貯め方・有効期限をわかりやすく解説,campaign,F,https://px.a8.net/svt/ejp?a8mat=4B84X3+F0LMU2+AD2+6BMG1,エアトリ,今すぐエアトリを見てみる 公式サイトへ移動します,よくある質問,5,A8.net,-,-,-
airtrip-tsukaikata,エアトリで旅行予約ポイ活!航空券購入前に見るべき費用とポイント,campaign,A,airtrip-poikatsu,エアトリポイントの使い道は?貯め方・有効期限をわかりやすく解説,エアトリとは?国内航空券の一括比較とポイントの貯め方を解説,1. エアトリ利用時の確認点,5,-,-,ANCHOR_TITLE_MISMATCH,アンカーテキスト「エアトリとは?国内航空券の一括比較とポイントの貯め方を解説」がリンク先の現在のタイトル「エアトリポイントの使い道は?貯め方・有効期限をわかりやすく解説」と一致していません(旧タイトルの可能性)。現在のタイトルに合わせてアンカーを更新してください。
airtrip-tsukaikata,エアトリで旅行予約ポイ活!航空券購入前に見るべき費用とポイント,campaign,F,https://px.a8.net/svt/ejp?a8mat=4B84X3+F0LMU2+AD2+6BMG1,エアトリ,エアトリで航空券を検索する 公式サイトへ移動します,1. エアトリ利用時の確認点,5,A8.net,-,-,-
airtrip-tsukaikata,エアトリで旅行予約ポイ活!航空券購入前に見るべき費用とポイント,campaign,F,https://px.a8.net/svt/ejp?a8mat=4B84X3+F0LMU2+AD2+6BMG1,エアトリ,今すぐエアトリで航空券を見てみる 公式サイトへ移動します,よくある質問,5,A8.net,-,-,-
jalan-net-poikatsu,じゃらんnetとは?宿・ホテル予約でポイントが貯まる仕組みを解説,campaign,F,https://px.a8.net/svt/ejp?a8mat=4B84X3+F3KSUY+14CS+6GZCH,じゃらんnet,じゃらんnetで宿を探す 公式サイトへ移動します,こんな方におすすめ,5,A8.net,-,-,-
jalan-net-poikatsu,じゃらんnetとは?宿・ホテル予約でポイントが貯まる仕組みを解説,campaign,F,https://px.a8.net/svt/ejp?a8mat=4B84X3+F3KSUY+14CS+6GZCH,じゃらんnet,今すぐじゃらんnetを見てみる 公式サイトへ移動します,よくある質問,5,A8.net,-,-,-
jalan-tsukaikata,じゃらんでポイ活する方法!宿泊・遊び体験予約でポイントを貯めるコツ,campaign,F,https://px.a8.net/svt/ejp?a8mat=4B84X3+F3KSUY+14CS+6GZCH,じゃらんnet,じゃらんnetで宿・遊び体験を探す 公式サイトへ移動します,4. クーポンとポイントの確認,5,A8.net,-,-,-
jalan-tsukaikata,じゃらんでポイ活する方法!宿泊・遊び体験予約でポイントを貯めるコツ,campaign,F,https://px.a8.net/svt/ejp?a8mat=4B84X3+F3KSUY+14CS+6GZCH,じゃらんnet,今すぐじゃらんnetを見てみる 公式サイトへ移動します,よくある質問,5,A8.net,-,-,-
jcb-airmacau-campaign-2026,JCB×マカオ航空キャンペーン!日本発マカオ行き航空券が8%OFF【2026年9〜10月】,campaign,A,mile-koukan-merit,ポイントをマイルに交換するメリットは?旅行好き向けポイ活入門,ポイントをマイルに交換するメリットは?旅行好き向けポイ活入門,次回キャンペーンについて,4,-,-,-,-
jcb-airmacau-campaign-2026,JCB×マカオ航空キャンペーン!日本発マカオ行き航空券が8%OFF【2026年9〜10月】,campaign,A,credit-card-mile-hikaku,マイルが貯まるクレジットカード比較|ANA・JALの還元と移行条件,マイルが貯まるクレジットカード比較|ANA・JALの還元と移行条件,次回キャンペーンについて,4,-,-,-,-
jcb-airmacau-campaign-2026,JCB×マカオ航空キャンペーン!日本発マカオ行き航空券が8%OFF【2026年9〜10月】,campaign,A,jcb-jpoint-poikatsu,JCBのJ-POINT(旧Oki Dokiポイント)活用術!交換先と還元率の考え方,JCBのJ-POINT(旧Oki Dokiポイント)活用術!交換先と還元率の考え方,次回キャンペーンについて,5,-,-,-,-
jcb-airmacau-campaign-2026,JCB×マカオ航空キャンペーン!日本発マカオ行き航空券が8%OFF【2026年9〜10月】,campaign,E,https://tabilover.jcb.jp/hkg/blog/other/airmacau.jcb.campaign2026,JCB公式サイト(マカオ航空キャンペーン特設ページ),JCB公式サイトで最新情報を見る 公式サイトへ移動します,(見出しなし/ページ上部),5,-,-,-,-
jcb-airmacau-campaign-2026,JCB×マカオ航空キャンペーン!日本発マカオ行き航空券が8%OFF【2026年9〜10月】,campaign,E,https://tabilover.jcb.jp/hkg/blog/other/airmacau.jcb.campaign2026,JCB公式サイト(マカオ航空キャンペーン特設ページ),JCB公式サイトでキャンペーン詳細を見る 公式サイトへ移動します,次回キャンペーンについて,5,-,-,-,-
jcb-airmacau-campaign-2026,JCB×マカオ航空キャンペーン!日本発マカオ行き航空券が8%OFF【2026年9〜10月】,campaign,E,https://tabilover.jcb.jp/hkg/blog/other/airmacau.jcb.campaign2026,JCB公式サイト(マカオ航空キャンペーン特設ページ),今すぐJCB公式サイトを見る 公式サイトへ移動します,よくある質問,5,-,-,CTA_OVERUSE,同一の公式リンクが冒頭・セクション内・FAQの3箇所に設置されています。文言に変化を持たせており過剰演出ではありませんが、必要以上に多いと感じる場合は2箇所程度への整理を検討してください。
kakuyasu-sim-norikae-poikatsu,格安SIM乗り換えでポイ活する方法!通信費を下げながら得する流れ,campaign,A,pointsite-kyakka-genin,ポイントサイトで却下される原因は?承認条件の読み方を初心者向けに解説,ポイントサイトで却下される原因は?承認条件の読み方,9. ポイントサイト・ASP案件を利用する場合の注意点,4,-,-,-,-
kakuyasu-sim-norikae-poikatsu,格安SIM乗り換えでポイ活する方法!通信費を下げながら得する流れ,campaign,A,keiyu-wasure-boushi,ポイントサイト経由忘れを防ぐ方法!買い物前チェックを習慣化するコツ,ポイントサイト経由忘れを防ぐ方法,9. ポイントサイト・ASP案件を利用する場合の注意点,4,-,-,-,-
kakuyasu-sim-norikae-poikatsu,格安SIM乗り換えでポイ活する方法!通信費を下げながら得する流れ,campaign,A,keitai-ryokin-setsuyaku,携帯料金をポイ活で節約する方法!ポイント払いとキャンペーンの活用,携帯料金をポイ活で節約する方法,よくある質問,3,-,-,-,-
kakuyasu-sim-norikae-poikatsu,格安SIM乗り換えでポイ活する方法!通信費を下げながら得する流れ,campaign,A,keitai-ryokin-point,携帯料金でポイント還元!ドコモ・ソフトバンク・au・楽天モバイル別お得な貯め方ガイド,携帯料金でポイント還元!通信会社別お得な貯め方ガイド,よくある質問,3,-,-,-,-
kakuyasu-sim-norikae-poikatsu,格安SIM乗り換えでポイ活する方法!通信費を下げながら得する流れ,campaign,A,koteihi-sukunai-poikatsu,固定費が少ない人のポイ活術!少額支出でも効率よく貯める方法,固定費が少ない人のポイ活術,よくある質問,3,-,-,-,-
kakuyasu-sim-norikae-poikatsu,格安SIM乗り換えでポイ活する方法!通信費を下げながら得する流れ,campaign,A,ahamo-toha,ahamoとは?月額料金とdポイントの貯め方をわかりやすく解説,ahamoとは,よくある質問,3,-,MEDIUM,-,リンク先(ahamoとは)がキャリア乗り換えの受け皿記事です。乗り換え先候補としてアフィリエイト誘導が可能な場合、リンク先記事側でのCTA設置も検討してください。
kakuyasu-sim-norikae-poikatsu,格安SIM乗り換えでポイ活する方法!通信費を下げながら得する流れ,campaign,A,rakuten-mobile-poikatsu,楽天モバイルとは?データ使い放題と楽天ポイント最大+4倍を解説,楽天モバイル,よくある質問,3,-,MEDIUM,-,リンク先(楽天モバイルとは)も乗り換え先候補です。リンク先記事側でのアフィリエイトCTA設置状況を確認してください。
paypay-jichitai-campaign-2026,【2026年10月〜】PayPay自治体キャンペーンまとめ!都城市・宮古島市の還元率・上限を解説,campaign,A,paypay-point-kiso,PayPayポイントとは?貯め方・使い方・注意点を初心者向けに解説,PayPayポイントとは?貯め方・使い方・注意点を初心者向けに解説,早期終了などの注意点,5,-,-,-,-
paypay-jichitai-campaign-2026,【2026年10月〜】PayPay自治体キャンペーンまとめ!都城市・宮古島市の還元率・上限を解説,campaign,A,paypay-campaign-katsuyo,PayPayでポイントを効率よく貯める方法!キャンペーン活用の基本,PayPayでポイントを効率よく貯める方法!キャンペーン活用の基本,早期終了などの注意点,5,-,-,-,-
paypay-jichitai-campaign-2026,【2026年10月〜】PayPay自治体キャンペーンまとめ!都城市・宮古島市の還元率・上限を解説,campaign,A,paypay-point-tsukaikata,PayPayポイントの使い方とは?店舗・連携・交換まで完全ガイド,PayPayポイントの使い方|そのまま使う・連携する・交換する完全ガイド,早期終了などの注意点,4,-,-,-,-
paypay-jichitai-campaign-2026,【2026年10月〜】PayPay自治体キャンペーンまとめ!都城市・宮古島市の還元率・上限を解説,campaign,E,https://paypay.ne.jp/event/support-local/,PayPay公式サイト(自治体キャンペーン特設ページ),PayPay公式サイトで自治体キャンペーンを見る 公式サイトへ移動します,早期終了などの注意点,5,-,-,-,-
paypay-jichitai-campaign-2026,【2026年10月〜】PayPay自治体キャンペーンまとめ!都城市・宮古島市の還元率・上限を解説,campaign,E,https://paypay.ne.jp/event/support-local/,PayPay公式サイト(自治体キャンペーン特設ページ),PayPay公式サイトで最新情報を見る 公式サイトへ移動します,よくある質問,5,-,-,-,-
rakuten-travel-supersale-entry-coupon,楽天トラベルスーパーSALE攻略|エントリー条件とクーポン併用ルール,campaign,A,rakuten-travel-supersale-poikatsu,楽天トラベルスーパーセールで失敗しないポイ活!予約前チェックリスト,楽天トラベルスーパーセールで失敗しないポイ活!予約前チェックリスト,(見出しなし/ページ上部),5,-,-,-,-
rakuten-travel-supersale-entry-coupon,楽天トラベルスーパーSALE攻略|エントリー条件とクーポン併用ルール,campaign,A,rakuten-card-poikatsu,楽天カードはポイ活に向いている?メリットと注意点を初心者向けに解説,楽天カード,予約前の最終チェックリスト,4,-,-,-,-
rakuten-travel-supersale-entry-coupon,楽天トラベルスーパーSALE攻略|エントリー条件とクーポン併用ルール,campaign,A,rakuten-point-tamekata,楽天ポイントの貯め方とは?もらう方法・使い方を解説,楽天ポイントの貯め方,よくある質問,4,-,-,-,-
rakuten-travel-supersale-entry-coupon,楽天トラベルスーパーSALE攻略|エントリー条件とクーポン併用ルール,campaign,A,rakuten-ichiba-toha,楽天市場とは?特徴とポイントの貯め方をわかりやすく解説,楽天市場とは,よくある質問,3,-,-,-,-
rakuten-travel-supersale-entry-coupon,楽天トラベルスーパーSALE攻略|エントリー条件とクーポン併用ルール,campaign,A,yahoo-travel-poikatsu,Yahoo!トラベルとは?PayPayポイントが貯まる・使える宿泊予約サービス,Yahoo!トラベル,よくある質問,4,-,-,-,-
rakuten-travel-supersale-entry-coupon,楽天トラベルスーパーSALE攻略|エントリー条件とクーポン併用ルール,campaign,A,jalan-net-poikatsu,じゃらんnetとは?宿・ホテル予約でポイントが貯まる仕組みを解説,じゃらんnet,よくある質問,4,-,-,-,-
rakuten-travel-supersale-entry-coupon,楽天トラベルスーパーSALE攻略|エントリー条件とクーポン併用ルール,campaign,A,airtrip-poikatsu,エアトリポイントの使い道は?貯め方・有効期限をわかりやすく解説,エアトリ,よくある質問,3,-,-,-,-
rakuten-travel-supersale-entry-coupon,楽天トラベルスーパーSALE攻略|エントリー条件とクーポン併用ルール,campaign,A,ana-mileage-mall-poikatsu,ANAマイレージモールの使い方!通販前にマイルを貯める経由術,ANAマイレージモール,よくある質問,3,-,-,-,-
rakuten-travel-supersale-poikatsu,楽天トラベルスーパーセールで失敗しないポイ活!予約前チェックリスト,campaign,A,ryokou-yoyaku-point,旅行予約でポイントを貯める方法!ホテル・航空券・予約サイト活用術,旅行予約でポイントを貯める方法,よくある質問,4,-,-,-,-
rakuten-travel-supersale-poikatsu,楽天トラベルスーパーセールで失敗しないポイ活!予約前チェックリスト,campaign,A,rakuten-travel-supersale-entry-coupon,楽天トラベルスーパーSALE攻略|エントリー条件とクーポン併用ルール,楽天トラベルスーパーSALE攻略!エントリー条件とクーポン併用ルール,よくある質問,5,-,-,-,-
travelist-kaigai-poikatsu,トラベリスト(海外航空券)とは?IATA認可代理店の予約サービスを解説,campaign,F,https://px.a8.net/svt/ejp?a8mat=4B84X3+FJ22L6+4XZI+HVNAP,トラベリスト(海外航空券),トラベリストで海外航空券を比較する 公式サイトへ移動します,こんな方におすすめ,5,A8.net,-,-,-
travelist-kaigai-poikatsu,トラベリスト(海外航空券)とは?IATA認可代理店の予約サービスを解説,campaign,F,https://px.a8.net/svt/ejp?a8mat=4B84X3+FJ22L6+4XZI+HVNAP,トラベリスト(海外航空券),今すぐ海外航空券を比較する 公式サイトへ移動します,よくある質問,5,A8.net,-,-,-
travelist-poikatsu,トラベリストとは?発券方法・ポイント還元・手数料をわかりやすく解説,campaign,A,travelist-kaigai-poikatsu,トラベリスト(海外航空券)とは?IATA認可代理店の予約サービスを解説,海外航空券のトラベリストはこちら,予約後の発券・搭乗までの流れ(国内航空券),5,-,-,VAGUE_ANCHOR,「〜はこちら」で終わるアンカーです。『トラベリスト(海外航空券)の詳細を見る』のようにリンク先が明確な文言への変更を推奨します。
travelist-poikatsu,トラベリストとは?発券方法・ポイント還元・手数料をわかりやすく解説,campaign,F,https://px.a8.net/svt/ejp?a8mat=4B8115+383KII+4XZI+609HT,トラベリスト(国内航空券),トラベリストで航空券を比較する 公式サイトへ移動します,こんな方におすすめ,5,A8.net,-,-,-
travelist-poikatsu,トラベリストとは?発券方法・ポイント還元・手数料をわかりやすく解説,campaign,F,https://px.a8.net/svt/ejp?a8mat=4B8115+383KII+4XZI+609HT,トラベリスト(国内航空券),今すぐトラベリストを見てみる 公式サイトへ移動します,よくある質問,5,A8.net,-,-,-
yahoo-travel-poikatsu,Yahoo!トラベルとは?PayPayポイントが貯まる・使える宿泊予約サービス,campaign,F,https://px.a8.net/svt/ejp?a8mat=4B84X4+7LVFTM+4ZCO+63WO1,Yahoo!トラベル,Yahoo!トラベルで宿を探す 公式サイトへ移動します,こんな方におすすめ,5,A8.net,-,-,-
yahoo-travel-poikatsu,Yahoo!トラベルとは?PayPayポイントが貯まる・使える宿泊予約サービス,campaign,F,https://px.a8.net/svt/ejp?a8mat=4B84X4+7LVFTM+4ZCO+63WO1,Yahoo!トラベル,今すぐYahoo!トラベルを見てみる 公式サイトへ移動します,よくある質問,5,A8.net,-,-,-
yahoo-travel-tsukaikata,Yahoo!トラベルでポイントを活用する方法!宿泊予約前の確認ポイント,campaign,A,yahoo-travel-poikatsu,Yahoo!トラベルとは?PayPayポイントが貯まる・使える宿泊予約サービス,Yahoo!トラベルとは?PayPayポイントが貯まる・使える宿泊予約サービス,1. Yahoo!トラベルの特徴,5,-,-,-,-
yahoo-travel-tsukaikata,Yahoo!トラベルでポイントを活用する方法!宿泊予約前の確認ポイント,campaign,F,https://px.a8.net/svt/ejp?a8mat=4B84X4+7LVFTM+4ZCO+63WO1,Yahoo!トラベル,Yahoo!トラベルで宿泊施設を探す 公式サイトへ移動します,1. Yahoo!トラベルの特徴,5,A8.net,-,-,-
yahoo-travel-tsukaikata,Yahoo!トラベルでポイントを活用する方法!宿泊予約前の確認ポイント,campaign,F,https://px.a8.net/svt/ejp?a8mat=4B84X4+7LVFTM+4ZCO+63WO1,Yahoo!トラベル,今すぐYahoo!トラベルを見てみる 公式サイトへ移動します,よくある質問,5,A8.net,-,-,-
yahoo-travel-ultrasale-poikatsu,Yahoo!トラベル「ウルトラセール」とは?最大3万円クーポン・PayPayポイント特典を解説,campaign,A,yahoo-travel-poikatsu,Yahoo!トラベルとは?PayPayポイントが貯まる・使える宿泊予約サービス,Yahoo!トラベルとは?PayPayポイントが貯まる・使える宿泊予約サービス,次回のウルトラセールについて,5,-,-,-,-
yahoo-travel-ultrasale-poikatsu,Yahoo!トラベル「ウルトラセール」とは?最大3万円クーポン・PayPayポイント特典を解説,campaign,A,yahoo-travel-tsukaikata,Yahoo!トラベルでポイントを活用する方法!宿泊予約前の確認ポイント,Yahoo!トラベルでポイントを活用する方法!宿泊予約前の確認ポイント,次回のウルトラセールについて,5,-,-,-,-
yahoo-travel-ultrasale-poikatsu,Yahoo!トラベル「ウルトラセール」とは?最大3万円クーポン・PayPayポイント特典を解説,campaign,A,rakuten-travel-supersale-poikatsu,楽天トラベルスーパーセールで失敗しないポイ活!予約前チェックリスト,楽天トラベルスーパーセールで失敗しないポイ活!予約前チェックリスト,次回のウルトラセールについて,4,-,-,-,-
yahoo-travel-ultrasale-poikatsu,Yahoo!トラベル「ウルトラセール」とは?最大3万円クーポン・PayPayポイント特典を解説,campaign,A,paypay-point-kiso,PayPayポイントとは?貯め方・使い方・注意点を初心者向けに解説,PayPayポイントとは?貯め方・使い方・注意点を初心者向けに解説,次回のウルトラセールについて,4,-,-,-,-
yahoo-travel-ultrasale-poikatsu,Yahoo!トラベル「ウルトラセール」とは?最大3万円クーポン・PayPayポイント特典を解説,campaign,F,https://px.a8.net/svt/ejp?a8mat=4B84X4+7LVFTM+4ZCO+BW8O2&a8ejpredirect=https%3A%2F%2Ftravel.yahoo.co.jp%2FikCo.ashx%3Fcosid%3Dy_a8net%26surl%3Dhttps%253A%252F%252Ftravel.yahoo.co.jp%252Fpromo%252Fdp%252Fultrasale,Yahoo!トラベル(ウルトラセール特設),Yahoo!トラベル公式サイトで最新情報を見る 公式サイトへ移動します,(見出しなし/ページ上部),5,A8.net,-,-,-
yahoo-travel-ultrasale-poikatsu,Yahoo!トラベル「ウルトラセール」とは?最大3万円クーポン・PayPayポイント特典を解説,campaign,F,https://px.a8.net/svt/ejp?a8mat=4B84X4+7LVFTM+4ZCO+BW8O2&a8ejpredirect=https%3A%2F%2Ftravel.yahoo.co.jp%2FikCo.ashx%3Fcosid%3Dy_a8net%26surl%3Dhttps%253A%252F%252Ftravel.yahoo.co.jp%252Fpromo%252Fdp%252Fultrasale,Yahoo!トラベル(ウルトラセール特設),Yahoo!トラベル公式サイトでウルトラセールを見る 公式サイトへ移動します,次回のウルトラセールについて,5,A8.net,-,-,-
yahoo-travel-ultrasale-poikatsu,Yahoo!トラベル「ウルトラセール」とは?最大3万円クーポン・PayPayポイント特典を解説,campaign,F,https://px.a8.net/svt/ejp?a8mat=4B84X4+7LVFTM+4ZCO+BW8O2&a8ejpredirect=https%3A%2F%2Ftravel.yahoo.co.jp%2FikCo.ashx%3Fcosid%3Dy_a8net%26surl%3Dhttps%253A%252F%252Ftravel.yahoo.co.jp%252Fpromo%252Fdp%252Fultrasale,Yahoo!トラベル(ウルトラセール特設),今すぐYahoo!トラベル公式サイトを見る 公式サイトへ移動します,よくある質問,5,A8.net,-,CTA_OVERUSE,同一アフィリエイトリンクが冒頭・セクション内・FAQの3箇所に設置されています。テンプレート上許容範囲内(2〜4箇所)ですが、訴求文言が近いためセクションごとに変化をつけると効果的です。
dmm-kabu-poikatsu,DMM株とは?少額投資・低手数料が魅力の株式投資アプリを解説,kouza,F,https://px.a8.net/svt/ejp?a8mat=4B8096+1NJE1M+1WP2+15P77L,DMM株,DMM株の公式サイトを見る 公式サイトへ移動します,利用前に確認したいポイント,5,A8.net,-,-,-
dmm-kabu-poikatsu,DMM株とは?少額投資・低手数料が魅力の株式投資アプリを解説,kouza,F,https://px.a8.net/svt/ejp?a8mat=4B8096+1NJE1M+1WP2+15P77L,DMM株,今すぐDMM株を確認する 公式サイトへ移動します,よくある質問,5,A8.net,-,-,-
docomo-ginkou-dpoint-poikatsu,ドコモの銀行でdポイントを貯める方法|dアカウント連携・還元条件,kouza,A,../articles/dpoint-dharai-tamekata,dポイント・d払いの貯め方とは?もらう方法・使い方を解説,dポイント・d払いの貯め方,4. dカード・d払いと組み合わせて還元率を高める方法,5,-,-,LINK_FORMAT_INCONSISTENT,hrefが「../articles/dpoint-dharai-tamekata」と相対パス形式になっており、他の内部リンク(スラッグのみ)と形式が異なります。パス解決に問題がないか確認し、可能であれば形式を統一してください。
docomo-ginkou-dpoint-poikatsu,ドコモの銀行でdポイントを貯める方法|dアカウント連携・還元条件,kouza,A,../category/common-point,共通ポイント比較カテゴリページ,共通ポイント5種の比較,よくある質問,4,-,-,-,-
docomo-ginkou-dpoint-poikatsu,ドコモの銀行でdポイントを貯める方法|dアカウント連携・還元条件,kouza,A,point-tamaru-ginkou-hikaku,ポイントが貯まる銀行を比較!d・楽天・V・Ponta・PayPay系の選び方,ポイントが貯まる銀行を比較,よくある質問,5,-,-,-,-
matsui-shouken-ideco-poikatsu,松井証券のiDeCoとは?手数料0円・低コスト商品の特徴を解説,kouza,F,https://px.a8.net/svt/ejp?a8mat=4B8115+218CYI+3XCC+BYT9D,松井証券のiDeCo,松井証券のiDeCoを公式サイトで確認する 公式サイトへ移動します,利用前に確認したいポイント,5,A8.net,-,-,-
matsui-shouken-ideco-poikatsu,松井証券のiDeCoとは?手数料0円・低コスト商品の特徴を解説,kouza,F,https://px.a8.net/svt/ejp?a8mat=4B8115+218CYI+3XCC+BYT9D,松井証券のiDeCo,今すぐ松井証券のiDeCoを確認する 公式サイトへ移動します,よくある質問,5,A8.net,-,-,-
monex-shouken-toha,マネックス証券とは?特徴とポイントの貯め方をわかりやすく解説,kouza,A,point-toushi-unyou-service-hikaku,ポイント投資・ポイント運用を主要サービスで比較,ポイント投資・ポイント運用を主要サービスで比較,よくある質問,4,-,-,-,-
monex-shouken-toha,マネックス証券とは?特徴とポイントの貯め方をわかりやすく解説,kouza,F,https://www.tcs-asp.net/alink?AC=C142999&LC=MXSEC1&SQ=0&isq=25,マネックス証券,マネックス証券の口座開設はこちら 公式サイトへ移動します,こんな方におすすめ,5,TCS-ASP,-,-,-
net-ginkou-poikatsu,ネット銀行を使ったポイ活術!振込・ATM・残高条件の見方,kouza,A,docomo-ginkou-dpoint-poikatsu,ドコモの銀行でdポイントを貯める方法|dアカウント連携・還元条件,ドコモの銀行でdポイントを貯める方法,従来型銀行との併用という選択肢,4,-,-,-,-
net-ginkou-poikatsu,ネット銀行を使ったポイ活術!振込・ATM・残高条件の見方,kouza,A,point-tamaru-ginkou-hikaku,ポイントが貯まる銀行を比較!d・楽天・V・Ponta・PayPay系の選び方,ポイントが貯まる銀行を比較,従来型銀行との併用という選択肢,5,-,-,-,-
paypaysec-shouken-toha,PayPay証券とは?特徴とポイントの貯め方をわかりやすく解説,kouza,A,point-toushi-unyou-service-hikaku,ポイント投資・ポイント運用を主要サービスで比較,ポイント投資・ポイント運用を主要サービスで比較,よくある質問,4,-,-,-,-
paypaysec-shouken-toha,PayPay証券とは?特徴とポイントの貯め方をわかりやすく解説,kouza,E,https://www.paypay-sec.co.jp/,PayPay証券,PayPay証券の公式サイトを見る 公式サイトへ移動します,こんな方におすすめ,5,-,MEDIUM,-,公式サイトへの直接リンクで、他の証券記事(DMM株・松井証券・楽天証券)がアフィリエイトCTAを設置しているのに対し本記事は非アフィリエイトです。PayPay証券のASPプログラムの有無を確認し、あれば差し替えを検討してください。
point-tamaru-ginkou-hikaku,ポイントが貯まる銀行を比較!d・楽天・V・Ponta・PayPay系の選び方,kouza,A,../category/common-point,共通ポイント比較カテゴリページ,共通ポイント5種を比較,どの銀行がおすすめ?貯めたいポイント別の選び方,4,-,-,-,-
point-tamaru-ginkou-hikaku,ポイントが貯まる銀行を比較!d・楽天・V・Ponta・PayPay系の選び方,kouza,A,docomo-ginkou-dpoint-poikatsu,ドコモの銀行でdポイントを貯める方法|dアカウント連携・還元条件,ドコモの銀行でdポイントを貯める方法,どの銀行がおすすめ?貯めたいポイント別の選び方,5,-,HIGH,-,比較先の個別銀行記事(ドコモの銀行)自体にアフィリエイトCTAが無いため、リンクを辿った先でも収益化されていません。リンク先記事へのCTA追加を優先してください。
point-tamaru-ginkou-hikaku,ポイントが貯まる銀行を比較!d・楽天・V・Ponta・PayPay系の選び方,kouza,A,net-ginkou-poikatsu,ネット銀行を使ったポイ活術!振込・ATM・残高条件の見方,ネット銀行を使ったポイ活術,どの銀行がおすすめ?貯めたいポイント別の選び方,4,-,-,-,-
point-tamaru-ginkou-hikaku,ポイントが貯まる銀行を比較!d・楽天・V・Ponta・PayPay系の選び方,kouza,A,rakuten-ginkou-happy-program,楽天銀行ハッピープログラムの基本!銀行取引で楽天ポイントを貯める方法,楽天銀行ハッピープログラムの基本,どの銀行がおすすめ?貯めたいポイント別の選び方,5,-,HIGH,-,比較先の楽天銀行記事にもアフィリエイトCTAが無く、収益化されていません。リンク先記事へのCTA追加を優先してください。
rakuten-ginkou-happy-program,楽天銀行ハッピープログラムの基本!銀行取引で楽天ポイントを貯める方法,kouza,A,rakuten-card-poikatsu,楽天カードはポイ活に向いている?メリットと注意点を初心者向けに解説,楽天カード,8. 楽天カード・楽天市場など他サービスとの役割の違い,4,-,-,-,-
rakuten-ginkou-happy-program,楽天銀行ハッピープログラムの基本!銀行取引で楽天ポイントを貯める方法,kouza,A,rakuten-ichiba-toha,楽天市場とは?特徴とポイントの貯め方をわかりやすく解説,楽天市場とは,8. 楽天カード・楽天市場など他サービスとの役割の違い,4,-,-,-,-
rakuten-ginkou-happy-program,楽天銀行ハッピープログラムの基本!銀行取引で楽天ポイントを貯める方法,kouza,A,rakuten-point-tamekata,楽天ポイントの貯め方とは?もらう方法・使い方を解説,楽天ポイントの貯め方,8. 楽天カード・楽天市場など他サービスとの役割の違い,4,-,-,-,-
rakuten-ginkou-happy-program,楽天銀行ハッピープログラムの基本!銀行取引で楽天ポイントを貯める方法,kouza,A,rakuten-poikatsu-kiso,楽天ポイントの貯め方を初心者向けに解説!楽天経済圏の基本,楽天経済圏の基本,8. 楽天カード・楽天市場など他サービスとの役割の違い,4,-,-,-,-
rakuten-ginkou-happy-program,楽天銀行ハッピープログラムの基本!銀行取引で楽天ポイントを貯める方法,kouza,A,point-tamaru-ginkou-hikaku,ポイントが貯まる銀行を比較!d・楽天・V・Ponta・PayPay系の選び方,ポイントが貯まる銀行を比較,10. 楽天銀行が向いている人・他行と比較したい場合,5,-,-,-,-
rakuten-ginkou-happy-program,楽天銀行ハッピープログラムの基本!銀行取引で楽天ポイントを貯める方法,kouza,A,point-tamaru-ginkou-hikaku,ポイントが貯まる銀行を比較!d・楽天・V・Ponta・PayPay系の選び方,ポイントが貯まる銀行を比較,よくある質問,5,-,-,-,-
rakuten-shouken-toha,楽天証券とは?特徴とポイントの貯め方をわかりやすく解説,kouza,A,point-toushi-unyou-service-hikaku,ポイント投資・ポイント運用を主要サービスで比較,ポイント投資・ポイント運用を主要サービスで比較,よくある質問,4,-,-,-,-
rakuten-shouken-toha,楽天証券とは?特徴とポイントの貯め方をわかりやすく解説,kouza,F,https://ad2.trafficgate.net/t/r/907/738/318897_398564,楽天証券,楽天証券の口座開設はこちら 公式サイトへ移動します,こんな方におすすめ,5,TrafficGate,-,-,-
sbisec-shouken-toha,SBI証券とは?特徴とポイントの貯め方をわかりやすく解説,kouza,A,point-toushi-unyou-service-hikaku,ポイント投資・ポイント運用を主要サービスで比較,ポイント投資・ポイント運用を主要サービスで比較,よくある質問,4,-,-,-,-
sbisec-shouken-toha,SBI証券とは?特徴とポイントの貯め方をわかりやすく解説,kouza,E,https://www.sbisec.co.jp/visitor/,SBI証券,SBI証券の公式サイトを見る 公式サイトへ移動します,こんな方におすすめ,5,-,MEDIUM,-,公式サイトへの直接リンクです。他の証券記事同様にASPアフィリエイトプログラムの有無を確認し、あれば差し替えを検討してください。
shouken-kouza-anken-poikatsu,証券口座開設案件でポイ活する方法!投資前提で注意したい基本,kouza,A,matsui-shouken-ideco-poikatsu,松井証券のiDeCoとは?手数料0円・低コスト商品の特徴を解説,松井証券,1. 証券口座案件の特徴,5,-,-,-,-
shouken-kouza-anken-poikatsu,証券口座開設案件でポイ活する方法!投資前提で注意したい基本,kouza,A,dmm-kabu-poikatsu,DMM株とは?少額投資・低手数料が魅力の株式投資アプリを解説,DMM株,1. 証券口座案件の特徴,4,-,-,-,-
shouken-kouza-anken-poikatsu,証券口座開設案件でポイ活する方法!投資前提で注意したい基本,kouza,F,https://www.tcs-asp.net/alink?AC=C142999&LC=MXSEC1&SQ=0&isq=1,マネックス証券,マネックス証券のサービス内容を見る 公式サイトへ移動します,1. 証券口座案件の特徴,3,TCS-ASP,-,MONETIZATION_MISMATCH,本文は松井証券・DMM株を証券口座案件の例として挙げていますが、CTAはこの2社と無関係のマネックス証券に誘導しています。(1)本文にマネックス証券も比較対象として追加する、(2)松井証券またはDMM株のアフィリエイトリンクに差し替える、(3)本文とCTAが一致するよう構成を見直す、のいずれかを推奨します。
aupay-furusato-poikatsu,au PAYふるさと納税のPontaポイントは貯まる?2025年10月の変更を解説,seikatsu,A,ponta-tsukaikata,Pontaポイントの使い方とは?店舗・連携・交換まで完全ガイド,Pontaポイントの使い方,よくある質問,5,,NONE,,
aupay-furusato-poikatsu,au PAYふるさと納税のPontaポイントは貯まる?2025年10月の変更を解説,seikatsu,A,au-uq-ponta,au・UQユーザーはPontaポイントにまとめるべき?相性の良いサービスを解説,au・UQユーザーはPontaポイントにまとめるべき?,よくある質問,4,,NONE,,
aupay-furusato-poikatsu,au PAYふるさと納税のPontaポイントは貯まる?2025年10月の変更を解説,seikatsu,A,furusato-nozei-poikatsu,ふるさと納税でポイ活はできる?ポイント還元と注意点をわかりやすく解説,ふるさと納税でポイ活はできる?,よくある質問,5,,NONE,,
dmmbooks-toha,DMMブックスとは?特徴とポイントの貯め方をわかりやすく解説,seikatsu,A,hon-denshi-shoseki-poikatsu,本・電子書籍のポイ活方法|楽天ブックス・Kobo・hontoの還元率を比較,電子書籍でポイ活する方法,よくある質問,4,,NONE,,
itoyokado-netsuper-onigo-poikatsu,イトーヨーカドーネットスーパー by ONIGOとは?特徴・料金・初回クーポンを解説,seikatsu,A,itoyokado-poikatsu,イトーヨーカドーでポイ活する方法!アプリ・nanaco・セールの使い分け,イトーヨーカドーでポイ活する方法,よくある質問,4,,NONE,,
ubereats-poikatsu,Uber Eatsでポイ活する方法!クーポン・支払い・手数料の見方,seikatsu,A,rakuten-point-tsukaikata,楽天ポイントの使い方とは?店舗・連携・交換まで完全ガイド,楽天ポイントの使い方,3. ポイントが貯まる支払い方法,4,,NONE,,
ubereats-poikatsu,Uber Eatsでポイ活する方法!クーポン・支払い・手数料の見方,seikatsu,A,rakuten-point-tsukaikata,楽天ポイントの使い方とは?店舗・連携・交換まで完全ガイド,楽天ポイントの使い方,よくある質問,4,,NONE,,同一リンク先への重複設置。片方を別の関連記事(例:楽天ペイの使い方など)へ変更すると内部リンクの多様性が上がる
ahamo-hikari-poikatsu,ahamo光とは?料金・dポイント特典・工事費無料の条件を解説,seikatsu,F,https://px.a8.net/svt/ejp?a8mat=4B84X3+CJW1P6+3SPO+CKIQ1T,ahamo光,ahamo光の申込内容を確認する 公式サイトへ移動します,こんな方におすすめ,5,A8.net,NONE,,
ahamo-hikari-poikatsu,ahamo光とは?料金・dポイント特典・工事費無料の条件を解説,seikatsu,F,https://px.a8.net/svt/ejp?a8mat=4B84X3+CJW1P6+3SPO+CKIQ1T,ahamo光,今すぐahamo光の詳細を見る 公式サイトへ移動します,よくある質問,5,A8.net,NONE,,
ahamo-toha,ahamoとは?月額料金とdポイントの貯め方をわかりやすく解説,seikatsu,F,https://tr.affiliate-sp.docomo.ne.jp/cl/d0000001629/5239/675,ahamo,ahamoの詳細を見る 公式サイトへ移動します,こんな方におすすめ,5,ドコモアフィリエイト,NONE,,
ana-hikari-poikatsu,ANAマイルが貯まる光回線が登場!「ANA光 powered by SoftBank」を徹底解説,seikatsu,E,https://www.ana.co.jp/ja/jp/amc/ana-internet/hikari/,ANA光 powered by SoftBank,ANA光の詳細をANA公式サイトで見る 公式サイトへ移動します,こんな方におすすめ,5,,HIGH,AFFILIATE_OPPORTUNITY_HIGH,同カテゴリの光回線記事(auひかり・BIGLOBE光・SoftBank 光等)はA8.net/TrafficGate経由で収益化されている。ANA光もASP案件の有無を確認し、あれば公式直リンクをアフィリエイトリンクに差し替える
ana-hikari-poikatsu,ANAマイルが貯まる光回線が登場!「ANA光 powered by SoftBank」を徹底解説,seikatsu,E,https://www.ana.co.jp/ja/jp/amc/ana-internet/hikari/,ANA光 powered by SoftBank,今すぐANA光の詳細を見る 公式サイトへ移動します,よくある質問,5,,HIGH,AFFILIATE_OPPORTUNITY_HIGH,同上。ASP案件が見つかり次第2箇所とも差し替え
anshin-security-toha,あんしんセキュリティとは?月額料金と機能をわかりやすく解説,seikatsu,F,https://tr.affiliate-sp.docomo.ne.jp/cl/d0000003719/5239/439,あんしんセキュリティ,あんしんセキュリティの詳細を見る 公式サイトへ移動します,こんな方におすすめ,5,ドコモアフィリエイト,NONE,,
auhikari-poikatsu,auひかりとは?NEXT経由の申込みでキャッシュバックが早いって本当?,seikatsu,F,https://px.a8.net/svt/ejp?a8mat=4B84X3+8MSBBU+348K+3H2BC1,auひかり(NEXT),auひかりの申込内容を確認する 公式サイトへ移動します,こんな方におすすめ,5,A8.net,NONE,,
auhikari-poikatsu,auひかりとは?NEXT経由の申込みでキャッシュバックが早いって本当?,seikatsu,F,https://px.a8.net/svt/ejp?a8mat=4B84X3+8MSBBU+348K+3H2BC1,auひかり(NEXT),今すぐauひかりの詳細を見る 公式サイトへ移動します,よくある質問,5,A8.net,NONE,,
aupay-furusato-poikatsu,au PAYふるさと納税のPontaポイントは貯まる?2025年10月の変更を解説,seikatsu,F,https://px.a8.net/svt/ejp?a8mat=4B84X3+FBBFQ2+54OC+5ZMCH,au PAYふるさと納税,au PAYふるさと納税で返礼品を探す 公式サイトへ移動します,利用前に確認したいポイント,5,A8.net,NONE,,
aupay-furusato-poikatsu,au PAYふるさと納税のPontaポイントは貯まる?2025年10月の変更を解説,seikatsu,F,https://px.a8.net/svt/ejp?a8mat=4B84X3+FBBFQ2+54OC+5ZMCH,au PAYふるさと納税,今すぐau PAYふるさと納税を見てみる 公式サイトへ移動します,よくある質問,5,A8.net,NONE,,
biglobe-hikari-poikatsu,BIGLOBE光とは?フレッツ光の設備を使った高速・格安光回線を解説,seikatsu,F,https://px.a8.net/svt/ejp?a8mat=4BA4TB+1QIK2I+3SPO+7LXBPT,BIGLOBE光,BIGLOBE光の申込内容を確認する 公式サイトへ移動します,こんな方におすすめ,5,A8.net,NONE,,
biglobe-hikari-poikatsu,BIGLOBE光とは?フレッツ光の設備を使った高速・格安光回線を解説,seikatsu,F,https://px.a8.net/svt/ejp?a8mat=4BA4TB+1QIK2I+3SPO+7LXBPT,BIGLOBE光,今すぐBIGLOBE光の詳細を見る 公式サイトへ移動します,よくある質問,5,A8.net,NONE,,
busnoru-poikatsu,バスのるとは?高速バス予約と「バスのるポイント」を解説,seikatsu,F,https://h.accesstrade.net/sp/cc?rk=0100o66d00oy8i,バスのる,バスのるで高速バスを予約する 公式サイトへ移動します,こんな方におすすめ,5,ACCESSTRADE,NONE,,
d-value-pass-poikatsu,dバリューパスとは?初月無料で壁紙・待受が使い放題のサブスク,seikatsu,F,https://px.a8.net/svt/ejp?a8mat=4B84X3+90HA8Q+5TUG+601S1,dバリューパス,dバリューパスの詳細を見る 公式サイトへ移動します,こんな方におすすめ,5,A8.net,NONE,,
d-value-pass-poikatsu,dバリューパスとは?初月無料で壁紙・待受が使い放題のサブスク,seikatsu,F,https://px.a8.net/svt/ejp?a8mat=4B84X3+90HA8Q+5TUG+601S1,dバリューパス,今すぐdバリューパスを見てみる 公式サイトへ移動します,よくある質問,5,A8.net,NONE,,
dcarshare-toha,dカーシェアとは?特徴とdポイントの貯め方をわかりやすく解説,seikatsu,F,https://tr.affiliate-sp.docomo.ne.jp/cl/d0000004528/5239/716,dカーシェア,dカーシェアの詳細を見る 公式サイトへ移動します,こんな方におすすめ,5,ドコモアフィリエイト,NONE,,
dhealthcare-toha,dヘルスケアとは?歩数・体重記録でdポイントが貯まる仕組みを解説,seikatsu,F,https://tr.affiliate-sp.docomo.ne.jp/cl/d0000003047/5239/320,dヘルスケア,dヘルスケアの詳細を見る 公式サイトへ移動します,こんな方におすすめ,5,ドコモアフィリエイト,NONE,,
dhits-toha,dヒッツとは?月額300円からの音楽聴き放題サービスを解説,seikatsu,F,https://tr.affiliate-sp.docomo.ne.jp/cl/d0000002605/5239/267,dヒッツ,dヒッツの詳細を見る 公式サイトへ移動します,こんな方におすすめ,5,ドコモアフィリエイト,NONE,,
dmagazine-toha,dマガジンとは?月額料金と読める雑誌数をわかりやすく解説,seikatsu,F,https://tr.affiliate-sp.docomo.ne.jp/cl/d0000003844/5239/111,dマガジン,dマガジンの詳細を見る 公式サイトへ移動します,こんな方におすすめ,5,ドコモアフィリエイト,NONE,,
dmmbooks-toha,DMMブックスとは?特徴とポイントの貯め方をわかりやすく解説,seikatsu,F,https://px.a8.net/svt/ejp?a8mat=4B84X3+EVU5ZU+6HW+3SZUAP,DMMブックス,DMMブックスの公式サイトを見る 公式サイトへ移動します,こんな方におすすめ,5,A8.net,NONE,,
docomo-denki-poikatsu,ドコモでんきとは?電気代でdポイントが貯まる仕組みを解説,seikatsu,F,https://px.a8.net/svt/ejp?a8mat=4B84X3+D6IIOQ+50+83SRAP,ドコモでんき,ドコモでんきの申込内容を確認する 公式サイトへ移動します,こんな方におすすめ,5,A8.net,NONE,,
docomo-denki-poikatsu,ドコモでんきとは?電気代でdポイントが貯まる仕組みを解説,seikatsu,F,https://px.a8.net/svt/ejp?a8mat=4B84X3+D6IIOQ+50+83SRAP,ドコモでんき,今すぐドコモでんきの詳細を見る 公式サイトへ移動します,よくある質問,5,A8.net,NONE,,
dphoto-toha,dフォトとは?毎月フォトブックが届くサービスをわかりやすく解説,seikatsu,F,https://tr.affiliate-sp.docomo.ne.jp/cl/d0000002936/5239/151,dフォト,dフォトの詳細を見る 公式サイトへ移動します,こんな方におすすめ,5,ドコモアフィリエイト,NONE,,
hikaritv-toha,ひかりTVとは?特徴と料金プランをわかりやすく解説,seikatsu,F,https://tr.affiliate-sp.docomo.ne.jp/cl/d0000006209/5239/1048,ひかりTV,ひかりTVの詳細を見る 公式サイトへ移動します,こんな方におすすめ,5,ドコモアフィリエイト,NONE,,
itoyokado-netsuper-onigo-poikatsu,イトーヨーカドーネットスーパー by ONIGOとは?特徴・料金・初回クーポンを解説,seikatsu,E,https://itoyokado-netsuper.jp/shop?category=%E3%83%88%E3%83%83%E3%83%97,イトーヨーカドーネットスーパー by ONIGO,イトーヨーカドーネットスーパー by ONIGOの詳細を見る 公式サイトへ移動します,こんな方におすすめ,5,,MEDIUM,AFFILIATE_OPPORTUNITY_MEDIUM,ネットスーパー系のASPアフィリエイトプログラムの有無を確認し、あれば公式直リンクをアフィリエイトリンクに切替える
itoyokado-netsuper-onigo-poikatsu,イトーヨーカドーネットスーパー by ONIGOとは?特徴・料金・初回クーポンを解説,seikatsu,E,https://itoyokado-netsuper.jp/shop?category=%E3%83%88%E3%83%83%E3%83%97,イトーヨーカドーネットスーパー by ONIGO,今すぐ初回クーポンの内容を確認する 公式サイトへ移動します,よくある質問,5,,MEDIUM,AFFILIATE_OPPORTUNITY_MEDIUM,同上
jalan-golf-toha,じゃらんゴルフとは?特徴とポイントの貯め方をわかりやすく解説,seikatsu,F,https://px.a8.net/svt/ejp?a8mat=4B84X3+E5N3DM+36SI+68EPD,じゃらんゴルフ,じゃらんゴルフでゴルフ場を探す 公式サイトへ移動します,こんな方におすすめ,5,A8.net,NONE,,
lemino-premium-toha,Leminoプレミアムとは?月額料金とdポイント還元をわかりやすく解説,seikatsu,F,https://tr.affiliate-sp.docomo.ne.jp/cl/d0000000236/5239/61,Leminoプレミアム,Leminoプレミアムの詳細を見る 公式サイトへ移動します,こんな方におすすめ,5,ドコモアフィリエイト,NONE,,
nifty-docomo-hikari-poikatsu,@nifty with ドコモ光とは?キャッシュバックと料金・特典を解説,seikatsu,F,https://px.a8.net/svt/ejp?a8mat=4B84X4+6KYKBE+447K+HZI6P,@nifty with ドコモ光,@nifty with ドコモ光の申込内容を確認する 公式サイトへ移動します,こんな方におすすめ,5,A8.net,NONE,,
nifty-docomo-hikari-poikatsu,@nifty with ドコモ光とは?キャッシュバックと料金・特典を解説,seikatsu,F,https://px.a8.net/svt/ejp?a8mat=4B84X4+6KYKBE+447K+HZI6P,@nifty with ドコモ光,今すぐ@nifty with ドコモ光の詳細を見る 公式サイトへ移動します,よくある質問,5,A8.net,NONE,,
rakuten-beauty-poikatsu,楽天ビューティとは?美容室・ネイル・エステの検索・予約ができるサービス,seikatsu,F,https://ad2.trafficgate.net/t/r/10/6369/318897_398564,楽天ビューティ,楽天ビューティでサロンを探す 公式サイトへ移動します,こんな方におすすめ,5,TrafficGate,NONE,,
rakuten-beauty-poikatsu,楽天ビューティとは?美容室・ネイル・エステの検索・予約ができるサービス,seikatsu,F,https://ad2.trafficgate.net/t/r/10/6369/318897_398564,楽天ビューティ,今すぐ楽天ビューティの詳細を見る 公式サイトへ移動します,よくある質問,5,TrafficGate,NONE,,
rakuten-car-shaken-poikatsu,楽天Car車検とは?見積もり比較・予約で楽天ポイントがもらえるサービス,seikatsu,F,https://ad2.trafficgate.net/t/r/78/5734/318897_398564,楽天Car車検,楽天Car車検で見積もりを比較する 公式サイトへ移動します,こんな方におすすめ,5,TrafficGate,NONE,,
rakuten-car-shaken-poikatsu,楽天Car車検とは?見積もり比較・予約で楽天ポイントがもらえるサービス,seikatsu,F,https://ad2.trafficgate.net/t/r/78/5734/318897_398564,楽天Car車検,今すぐ楽天Car車検の詳細を見る 公式サイトへ移動します,よくある質問,5,TrafficGate,NONE,,
rakuten-carwash-poikatsu,楽天Car洗車・コーティングとは?予約方法と楽天ポイントを解説,seikatsu,F,https://ad2.trafficgate.net/t/r/33/6391/318897_398564,楽天Car洗車・コーティング,楽天Car洗車・コーティングで店舗を探す 公式サイトへ移動します,こんな方におすすめ,5,TrafficGate,NONE,,
rakuten-denwa-poikatsu,楽天でんわとは?番号そのままで通話料を半額にできる電話アプリを解説,seikatsu,F,https://ad2.trafficgate.net/t/r/17/5812/318897_398564,楽天でんわ,楽天でんわの登録内容を確認する 公式サイトへ移動します,こんな方におすすめ,5,TrafficGate,NONE,,
rakuten-denwa-poikatsu,楽天でんわとは?番号そのままで通話料を半額にできる電話アプリを解説,seikatsu,F,https://ad2.trafficgate.net/t/r/17/5812/318897_398564,楽天でんわ,今すぐ楽天でんわの詳細を見る 公式サイトへ移動します,よくある質問,5,TrafficGate,NONE,,
rakuten-hikari-poikatsu,楽天ひかりとは?楽天モバイルとセットで楽天市場ポイントが7倍になる光回線,seikatsu,F,https://ad2.trafficgate.net/t/r/208/3159/318897_398564,楽天ひかり,楽天ひかりの申込内容を確認する 公式サイトへ移動します,こんな方におすすめ,5,TrafficGate,NONE,,
rakuten-hikari-poikatsu,楽天ひかりとは?楽天モバイルとセットで楽天市場ポイントが7倍になる光回線,seikatsu,F,https://ad2.trafficgate.net/t/r/208/3159/318897_398564,楽天ひかり,今すぐ楽天ひかりの詳細を見る 公式サイトへ移動します,よくある質問,5,TrafficGate,NONE,,
rakuten-kakeibo-poikatsu,Rakuten家計簿とは?無料で使える家計簿アプリと楽天ポイントを解説,seikatsu,F,https://ad2.trafficgate.net/t/r/24/6606/318897_398564,Rakuten家計簿,Rakuten家計簿の詳細を見る 公式サイトへ移動します,こんな方におすすめ,5,TrafficGate,NONE,,
rakuten-mobile-poikatsu,楽天モバイルとは?データ使い放題と楽天ポイント最大+4倍を解説,seikatsu,F,https://px.a8.net/svt/ejp?a8mat=4B84X3+CI3QVU+5W58+5YZ75,楽天モバイル,楽天モバイルの申込内容を確認する 公式サイトへ移動します,こんな方におすすめ,5,A8.net,NONE,,
rakuten-mobile-poikatsu,楽天モバイルとは?データ使い放題と楽天ポイント最大+4倍を解説,seikatsu,F,https://px.a8.net/svt/ejp?a8mat=4B84X3+CI3QVU+5W58+5YZ75,楽天モバイル,今すぐ楽天モバイルの詳細を見る 公式サイトへ移動します,よくある質問,5,A8.net,NONE,,
rakuten-music-poikatsu,楽天ミュージックとは?広告なしで約1億曲聴き放題の音楽アプリを解説,seikatsu,F,https://px.a8.net/svt/ejp?a8mat=4B84X3+929L22+5WLM+5ZEMP,楽天ミュージック,楽天ミュージックのプランを見る 公式サイトへ移動します,こんな方におすすめ,5,A8.net,NONE,,
rakuten-music-poikatsu,楽天ミュージックとは?広告なしで約1億曲聴き放題の音楽アプリを解説,seikatsu,F,https://px.a8.net/svt/ejp?a8mat=4B84X3+929L22+5WLM+5ZEMP,楽天ミュージック,今すぐ楽天ミュージックの詳細を見る 公式サイトへ移動します,よくある質問,5,A8.net,NONE,,
rakuten-shashinkan-poikatsu,楽天写真館とは?写真プリントからフォトブックまで作れるサービスを解説,seikatsu,F,https://ad2.trafficgate.net/t/r/391/4055/318897_398564,楽天写真館,楽天写真館で写真プリントを注文する 公式サイトへ移動します,こんな方におすすめ,5,TrafficGate,NONE,,
rakuten-shashinkan-poikatsu,楽天写真館とは?写真プリントからフォトブックまで作れるサービスを解説,seikatsu,F,https://ad2.trafficgate.net/t/r/391/4055/318897_398564,楽天写真館,今すぐ楽天写真館の詳細を見る 公式サイトへ移動します,よくある質問,5,TrafficGate,NONE,,
retty-poikatsu,Rettyとは?会員登録不要でPayPayポイントが貯まるグルメ予約サービス,seikatsu,F,https://px.a8.net/svt/ejp?a8mat=4B84X3+CGBG2I+4EI4+BZVU9,Retty,Rettyでお店を探す 公式サイトへ移動します,こんな方におすすめ,5,A8.net,NONE,,
retty-poikatsu,Rettyとは?会員登録不要でPayPayポイントが貯まるグルメ予約サービス,seikatsu,F,https://px.a8.net/svt/ejp?a8mat=4B84X3+CGBG2I+4EI4+BZVU9,Retty,今すぐRettyでお店を探す 公式サイトへ移動します,よくある質問,5,A8.net,NONE,,
rimawarikun-toha,利回りくんとは?不動産クラウドファンディングの特徴とリスクを解説,seikatsu,F,https://px.a8.net/svt/ejp?a8mat=4B84X4+7MGVFE+5K6Y+5YZ75,利回りくん,利回りくんの詳細を見る 公式サイトへ移動します,こんな方におすすめ,5,A8.net,NONE,,
satofull-poikatsu,さとふるとは?ふるさと納税の流れとポイント制度の現状を解説,seikatsu,F,//ck.jp.ap.valuecommerce.com/servlet/referral?sid=3776575&pid=892692224,さとふる,さとふるで返礼品を探す 公式サイトへ移動します,こんな方におすすめ,5,ValueCommerce,NONE,,
softbank-hikari-poikatsu,SoftBank 光とは?フレッツ光より安い高速光回線とキャッシュバックを解説,seikatsu,F,https://px.a8.net/svt/ejp?a8mat=4BA4TB+1F7BKQ+3IB8+601S1,SoftBank 光,SoftBank 光の申込内容を確認する 公式サイトへ移動します,こんな方におすすめ,5,A8.net,NONE,,
softbank-hikari-poikatsu,SoftBank 光とは?フレッツ光より安い高速光回線とキャッシュバックを解説,seikatsu,F,https://px.a8.net/svt/ejp?a8mat=4BA4TB+1F7BKQ+3IB8+601S1,SoftBank 光,今すぐSoftBank 光の詳細を見る 公式サイトへ移動します,よくある質問,5,A8.net,NONE,,
ana-amex-campaign-2026,"【期間限定】ANAアメックス新規入会キャンペーン特集|最大242,000マイル",creditcard,A,ana-amex-poikatsu,ANAアメックスが大幅刷新!ゴールド・プレミアムの新特典とマイル還元まとめ,ANAアメックスの解説記事,,5,,NONE,,
ana-amex-campaign-2026,"【期間限定】ANAアメックス新規入会キャンペーン特集|最大242,000マイル",creditcard,A,ana-amex-poikatsu,ANAアメックスが大幅刷新!ゴールド・プレミアムの新特典とマイル還元まとめ,ANAアメックスの解説記事,,5,,NONE,,
ana-amex-campaign-2026,"【期間限定】ANAアメックス新規入会キャンペーン特集|最大242,000マイル",creditcard,A,ana-amex-poikatsu,ANAアメックスが大幅刷新!ゴールド・プレミアムの新特典とマイル還元まとめ,ANAアメックスが大幅刷新!ゴールド・プレミアムの新特典とマイル還元まとめ,よくある質問,5,,NONE,,
ana-amex-campaign-2026,"【期間限定】ANAアメックス新規入会キャンペーン特集|最大242,000マイル",creditcard,E,https://www.ana.co.jp/ja/jp/amc/anacard/amex_premium/,ANA公式サイト(ANAアメックス特典ページ),ANA公式サイトで最新のキャンペーンを見る 公式サイトへ移動します,,5,,NONE,,
ana-amex-campaign-2026,"【期間限定】ANAアメックス新規入会キャンペーン特集|最大242,000マイル",creditcard,E,https://www.ana.co.jp/ja/jp/mycampaign/amex26-09-join/?cid=bs1,ANA公式サイト(入会キャンペーンページ),キャンペーンの詳細をANA公式サイトで見る 公式サイトへ移動します,利用前に確認したいポイント,5,,NONE,,
ana-amex-campaign-2026,"【期間限定】ANAアメックス新規入会キャンペーン特集|最大242,000マイル",creditcard,E,https://www.ana.co.jp/ja/jp/mycampaign/amex26-09-join/?cid=bs1,ANA公式サイト(入会キャンペーンページ),今すぐキャンペーンの詳細を見る 公式サイトへ移動します,よくある質問,4,,NONE,,
ana-amex-poikatsu,ANAアメックスが大幅刷新!ゴールド・プレミアムの新特典とマイル還元まとめ,creditcard,A,ana-amex-campaign-2026,"【期間限定】ANAアメックス新規入会キャンペーン特集|最大242,000マイル",ANAアメックス新規入会キャンペーン特集,期間限定の入会キャンペーンについて,5,,NONE,,
ana-amex-poikatsu,ANAアメックスが大幅刷新!ゴールド・プレミアムの新特典とマイル還元まとめ,creditcard,A,ana-amex-campaign-2026,"【期間限定】ANAアメックス新規入会キャンペーン特集|最大242,000マイル",キャンペーン特集記事,利用前に確認したいポイント,4,,NONE,,
ana-amex-poikatsu,ANAアメックスが大幅刷新!ゴールド・プレミアムの新特典とマイル還元まとめ,creditcard,A,ana-amex-campaign-2026,"【期間限定】ANAアメックス新規入会キャンペーン特集|最大242,000マイル",ANAアメックス新規入会キャンペーン特集,よくある質問,5,,NONE,,
ana-amex-poikatsu,ANAアメックスが大幅刷新!ゴールド・プレミアムの新特典とマイル還元まとめ,creditcard,A,ana-amex-campaign-2026,"【期間限定】ANAアメックス新規入会キャンペーン特集|最大242,000マイル",キャンペーン特集記事,よくある質問,4,,NONE,,
ana-amex-poikatsu,ANAアメックスが大幅刷新!ゴールド・プレミアムの新特典とマイル還元まとめ,creditcard,A,kuukou-lounge-poikatsu,空港ラウンジ特典はポイ活に役立つ?カード特典の見極め方,空港ラウンジ特典はポイ活に役立つ?カード特典の見極め方,よくある質問,4,,NONE,,
ana-amex-poikatsu,ANAアメックスが大幅刷新!ゴールド・プレミアムの新特典とマイル還元まとめ,creditcard,E,https://www.ana.co.jp/ja/jp/mycampaign/amex26-09-join/?cid=bs1,ANA公式サイト(入会キャンペーンページ),ANAアメックスの詳細をANA公式サイトで見る 公式サイトへ移動します,こんな方におすすめ,5,,NONE,,
ana-amex-poikatsu,ANAアメックスが大幅刷新!ゴールド・プレミアムの新特典とマイル還元まとめ,creditcard,E,https://www.ana.co.jp/ja/jp/mycampaign/amex26-09-join/?cid=bs1,ANA公式サイト(入会キャンペーンページ),今すぐANAアメックスの詳細を見る 公式サイトへ移動します,よくある質問,4,,NONE,,
apple-pay-poikatsu,Apple Payでポイ活する方法!ポイント還元とiD・QUICPay・タッチ決済の違い,creditcard,A,creditcard-kangenritsu,クレジットカードのポイント還元率とは?1%と0.5%の違いをわかりやすく解説,ポイント還元率,7. 効率よく貯めるための登録カードの選び方,4,,NONE,,
apple-pay-poikatsu,Apple Payでポイ活する方法!ポイント還元とiD・QUICPay・タッチ決済の違い,creditcard,A,suica-point-tameru,Suicaでポイントを貯める方法!JRE POINT登録から使い方まで解説,Suicaでポイントを貯める方法,よくある質問,3,,NONE,,
apple-pay-poikatsu,Apple Payでポイ活する方法!ポイント還元とiD・QUICPay・タッチ決済の違い,creditcard,A,point-niju-sanjudori-kumiawase,ポイント二重取り・三重取りの組み合わせ早見表!おすすめルートを解説,ポイント二重取り・三重取りの組み合わせ早見表,よくある質問,3,,NONE,,
apple-pay-poikatsu,Apple Payでポイ活する方法!ポイント還元とiD・QUICPay・タッチ決済の違い,creditcard,A,visa-touch-poikatsu,Visaタッチ決済でポイ活する方法!対象店舗と支払い前の確認ポイント,Visaタッチ決済でポイ活する方法,よくある質問,4,,NONE,,
apple-pay-poikatsu,Apple Payでポイ活する方法!ポイント還元とiD・QUICPay・タッチ決済の違い,creditcard,A,sumaho-kessai-poikatsu,スマホ決済でポイ活する方法!PayPay・楽天ペイ・d払いの使い分け,スマホ決済でポイ活する方法,よくある質問,4,,NONE,,
apple-pay-poikatsu,Apple Payでポイ活する方法!ポイント還元とiD・QUICPay・タッチ決済の違い,creditcard,A,cashless-setsuyaku,キャッシュレス決済で節約する方法!現金派から始めるポイ活入門,キャッシュレス決済で節約する方法,よくある質問,3,,NONE,,
cosmo-opus-card-poikatsu,コスモ・ザ・カード・オーパスとは?ガソリン割引の特徴を解説,creditcard,F,https://px.a8.net/svt/ejp?a8mat=4BAGHK+1ELVYY+5XGQ+5YZ75,コスモ・ザ・カード・オーパス(公式申込),コスモ・ザ・カード・オーパスの詳細を見る 公式サイトへ移動します,こんな方におすすめ,5,A8.net,NONE,,
credit-card-common-point-hikaku,共通ポイント別クレジットカード比較|d・楽天・Ponta・Vポイントで選ぶ,creditcard,A,#chigai,ページ内リンク(直接貯まる/交換して貯めるの違い),「直接貯まる」と「交換して貯める」の違い,,3,,NONE,,
credit-card-common-point-hikaku,共通ポイント別クレジットカード比較|d・楽天・Ponta・Vポイントで選ぶ,creditcard,A,#dpoint,ページ内リンク(dポイントセクション),dポイントを貯めたい,,3,,NONE,,
credit-card-common-point-hikaku,共通ポイント別クレジットカード比較|d・楽天・Ponta・Vポイントで選ぶ,creditcard,A,#rakuten,ページ内リンク(楽天ポイントセクション),楽天ポイントを貯めたい,,3,,NONE,,
credit-card-common-point-hikaku,共通ポイント別クレジットカード比較|d・楽天・Ponta・Vポイントで選ぶ,creditcard,A,#ponta,ページ内リンク(Pontaセクション),Pontaを貯めたい,,3,,NONE,,Pontaセクションには専用カード記事へのリンクがないため、対応するカード記事(該当があれば)への内部リンク追加を検討。
credit-card-common-point-hikaku,共通ポイント別クレジットカード比較|d・楽天・Ponta・Vポイントで選ぶ,creditcard,A,#vpoint,ページ内リンク(Vポイントセクション),Vポイントを貯めたい,,3,,NONE,,
credit-card-common-point-hikaku,共通ポイント別クレジットカード比較|d・楽天・Ponta・Vポイントで選ぶ,creditcard,A,#paypay,ページ内リンク(PayPayポイントセクション),PayPayポイントを貯めたい,,3,,NONE,,PayPayポイントセクションには専用カード記事へのリンクがないため、対応するカード記事(該当があれば)への内部リンク追加を検討。
credit-card-common-point-hikaku,共通ポイント別クレジットカード比較|d・楽天・Ponta・Vポイントで選ぶ,creditcard,A,#faq,ページ内リンク(よくある質問),よくある質問,,3,,NONE,,
credit-card-common-point-hikaku,共通ポイント別クレジットカード比較|d・楽天・Ponta・Vポイントで選ぶ,creditcard,A,#matome,ページ内リンク(まとめ),まとめ,,3,,NONE,,
credit-card-common-point-hikaku,共通ポイント別クレジットカード比較|d・楽天・Ponta・Vポイントで選ぶ,creditcard,A,../articles/dcard-poikatsu,dカードはポイ活におすすめ?dポイントを貯めやすい人の特徴,dカードはポイ活におすすめ?dポイントを貯めやすい人の特徴,dポイントを貯めたい,5,,NONE,,
credit-card-common-point-hikaku,共通ポイント別クレジットカード比較|d・楽天・Ponta・Vポイントで選ぶ,creditcard,A,../category/common-point,共通ポイント比較カテゴリページ,共通ポイント比較ページ,dポイントを貯めたい,4,,NONE,,
credit-card-common-point-hikaku,共通ポイント別クレジットカード比較|d・楽天・Ponta・Vポイントで選ぶ,creditcard,A,../articles/rakuten-card-poikatsu,楽天カードはポイ活に向いている?メリットと注意点を初心者向けに解説,楽天カードはポイ活に向いている?メリットと注意点を初心者向けに解説,楽天ポイントを貯めたい,5,,NONE,,
credit-card-common-point-hikaku,共通ポイント別クレジットカード比較|d・楽天・Ponta・Vポイントで選ぶ,creditcard,A,../articles/mitsui-sumitomo-card-vpoint,三井住友カードでVポイントを貯める方法!対象店舗とタッチ決済の基本,三井住友カードでVポイントを貯める方法!対象店舗とタッチ決済の基本,Vポイントを貯めたい,5,,NONE,,
credit-card-common-point-hikaku,共通ポイント別クレジットカード比較|d・楽天・Ponta・Vポイントで選ぶ,creditcard,A,credit-card-point-hikaku,クレジットカードのポイントを徹底比較|還元率・年会費・使い道で選ぶ,クレジットカードのポイント徹底比較,まとめ,4,,NONE,,
credit-card-common-point-hikaku,共通ポイント別クレジットカード比較|d・楽天・Ponta・Vポイントで選ぶ,creditcard,A,credit-card-mile-hikaku,マイルが貯まるクレジットカード比較|ANA・JALの還元と移行条件,マイルが貯まるクレジットカード比較,まとめ,3,,NONE,,
credit-card-common-point-hikaku,共通ポイント別クレジットカード比較|d・楽天・Ponta・Vポイントで選ぶ,creditcard,A,../category/common-point,共通ポイント比較カテゴリページ,共通ポイント5種の比較ページ,まとめ,4,,NONE,,
credit-card-common-point-hikaku,共通ポイント別クレジットカード比較|d・楽天・Ponta・Vポイントで選ぶ,creditcard,A,../category/credit-card,クレジットカードカテゴリページ,← クレジットカードの比較・選び方に戻る,まとめ,4,,NONE,,
credit-card-mile-hikaku,マイルが貯まるクレジットカード比較|ANA・JALの還元と移行条件,creditcard,A,#hikaku,ページ内リンク(ANA JCB・JALカード比較),ANA JCB一般カードとJALカードを比較,,3,,NONE,,
credit-card-mile-hikaku,マイルが貯まるクレジットカード比較|ANA・JALの還元と移行条件,creditcard,A,#shikumi,ページ内リンク(直接マイル/ポイント移行の違い),「直接マイル」と「ポイント移行」の違い,,3,,NONE,,
credit-card-mile-hikaku,マイルが貯まるクレジットカード比較|ANA・JALの還元と移行条件,creditcard,A,#simulation,ページ内リンク(シミュレーション),年間利用額別マイル数シミュレーション,,3,,NONE,,
credit-card-mile-hikaku,マイルが貯まるクレジットカード比較|ANA・JALの還元と移行条件,creditcard,A,#osusume,ページ内リンク(向いている人),向いている人,,3,,NONE,,
credit-card-mile-hikaku,マイルが貯まるクレジットカード比較|ANA・JALの還元と移行条件,creditcard,A,#faq,ページ内リンク(よくある質問),よくある質問,,3,,NONE,,
credit-card-mile-hikaku,マイルが貯まるクレジットカード比較|ANA・JALの還元と移行条件,creditcard,A,#matome,ページ内リンク(まとめ),まとめ,,3,,NONE,,
credit-card-mile-hikaku,マイルが貯まるクレジットカード比較|ANA・JALの還元と移行条件,creditcard,E,https://www.jcb.co.jp/point/transfer/ana-mileage.html,JCB公式サイト(マイル移行ページ),JCB公式のマイル移行ページ,ANA JCB一般カードとJALカードを比較,5,,NONE,,
credit-card-mile-hikaku,マイルが貯まるクレジットカード比較|ANA・JALの還元と移行条件,creditcard,A,credit-card-common-point-hikaku,共通ポイント別クレジットカード比較|d・楽天・Ponta・Vポイントで選ぶ,共通ポイント別クレジットカード比較,向いている人,4,,NONE,,
credit-card-mile-hikaku,マイルが貯まるクレジットカード比較|ANA・JALの還元と移行条件,creditcard,A,../category/mile,マイルカテゴリページ,マイル比較ページ,向いている人,4,,NONE,,
credit-card-mile-hikaku,マイルが貯まるクレジットカード比較|ANA・JALの還元と移行条件,creditcard,A,../articles/point-koukan-toha,ポイント交換とは?他社ポイント・ギフト券・マイルへの交換方法,ポイント交換とは?他社ポイント・ギフト券・マイルへの交換方法,向いている人,4,,NONE,,
credit-card-mile-hikaku,マイルが貯まるクレジットカード比較|ANA・JALの還元と移行条件,creditcard,A,credit-card-point-hikaku,クレジットカードのポイントを徹底比較|還元率・年会費・使い道で選ぶ,クレジットカードのポイント徹底比較,まとめ,4,,NONE,,
credit-card-mile-hikaku,マイルが貯まるクレジットカード比較|ANA・JALの還元と移行条件,creditcard,A,credit-card-common-point-hikaku,共通ポイント別クレジットカード比較|d・楽天・Ponta・Vポイントで選ぶ,共通ポイント別クレジットカード比較,まとめ,4,,NONE,,
credit-card-mile-hikaku,マイルが貯まるクレジットカード比較|ANA・JALの還元と移行条件,creditcard,A,../category/credit-card,クレジットカードカテゴリページ,← クレジットカードの比較・選び方に戻る,まとめ,4,,NONE,,
credit-card-point-hikaku,クレジットカードのポイントを徹底比較|還元率・年会費・使い道で選ぶ,creditcard,A,#hikaku,ページ内リンク(主要9枚比較),主要9枚を一覧比較,,3,,NONE,,
credit-card-point-hikaku,クレジットカードのポイントを徹底比較|還元率・年会費・使い道で選ぶ,creditcard,A,#nenkaihi,ページ内リンク(年会費タイプ),年会費のタイプを区別する,,3,,NONE,,
credit-card-point-hikaku,クレジットカードのポイントを徹底比較|還元率・年会費・使い道で選ぶ,creditcard,A,#kihon-jouken,ページ内リンク(基本還元/条件付き還元),基本還元と条件付き還元を分ける,,3,,NONE,,
credit-card-point-hikaku,クレジットカードのポイントを徹底比較|還元率・年会費・使い道で選ぶ,creditcard,A,#pt-kachi,ページ内リンク(ポイント価値),1ポイントの価値は交換先によって変わる,,3,,NONE,,
credit-card-point-hikaku,クレジットカードのポイントを徹底比較|還元率・年会費・使い道で選ぶ,creditcard,A,#simulation,ページ内リンク(シミュレーション),年間利用額別シミュレーション,,3,,NONE,,
credit-card-point-hikaku,クレジットカードのポイントを徹底比較|還元率・年会費・使い道で選ぶ,creditcard,A,#osusume,ページ内リンク(おすすめ),利用状況別のおすすめ,,3,,NONE,,
credit-card-point-hikaku,クレジットカードのポイントを徹底比較|還元率・年会費・使い道で選ぶ,creditcard,A,#tsukuranai,ページ内リンク(新規カード不要な場合),新しいカードを作らなくてもよい場合,,3,,NONE,,
credit-card-point-hikaku,クレジットカードのポイントを徹底比較|還元率・年会費・使い道で選ぶ,creditcard,A,#faq,ページ内リンク(よくある質問),よくある質問,,3,,NONE,,
credit-card-point-hikaku,クレジットカードのポイントを徹底比較|還元率・年会費・使い道で選ぶ,creditcard,A,#matome,ページ内リンク(まとめ),まとめ,,3,,NONE,,
credit-card-point-hikaku,クレジットカードのポイントを徹底比較|還元率・年会費・使い道で選ぶ,creditcard,E,https://www.jcb.co.jp/point/transfer/ana-mileage.html,JCB公式サイト(マイル移行ページ),JCB公式のマイル移行ページ,主要9枚を一覧比較,4,,NONE,,
credit-card-point-hikaku,クレジットカードのポイントを徹底比較|還元率・年会費・使い道で選ぶ,creditcard,A,credit-card-mile-hikaku,マイルが貯まるクレジットカード比較|ANA・JALの還元と移行条件,マイルが貯まるクレジットカード比較,1ポイントの価値は交換先によって変わる,4,,NONE,,
credit-card-point-hikaku,クレジットカードのポイントを徹底比較|還元率・年会費・使い道で選ぶ,creditcard,A,credit-card-mile-hikaku,マイルが貯まるクレジットカード比較|ANA・JALの還元と移行条件,マイルが貯まるクレジットカード比較,マイル型(ANA JCB一般カード・JALカード普通カード),5,,NONE,,
credit-card-point-hikaku,クレジットカードのポイントを徹底比較|還元率・年会費・使い道で選ぶ,creditcard,A,credit-card-common-point-hikaku,共通ポイント別クレジットカード比較|d・楽天・Ponta・Vポイントで選ぶ,共通ポイント別クレジットカード比較,利用状況別のおすすめ,5,,NONE,,
credit-card-point-hikaku,クレジットカードのポイントを徹底比較|還元率・年会費・使い道で選ぶ,creditcard,A,credit-card-mile-hikaku,マイルが貯まるクレジットカード比較|ANA・JALの還元と移行条件,マイルが貯まるクレジットカード比較,利用状況別のおすすめ,4,,NONE,,
credit-card-point-hikaku,クレジットカードのポイントを徹底比較|還元率・年会費・使い道で選ぶ,creditcard,A,../articles/creditcard-tsukurisugi-chuui,クレジットカードを作りすぎると危険?ポイ活で注意したい信用情報の基本,クレジットカードを作りすぎると危険?ポイ活で注意したい信用情報の基本,新しいカードを作らなくてもよい場合,5,,NONE,,
credit-card-point-hikaku,クレジットカードのポイントを徹底比較|還元率・年会費・使い道で選ぶ,creditcard,A,credit-card-common-point-hikaku,共通ポイント別クレジットカード比較|d・楽天・Ponta・Vポイントで選ぶ,共通ポイント別クレジットカード比較,まとめ,4,,NONE,,
credit-card-point-hikaku,クレジットカードのポイントを徹底比較|還元率・年会費・使い道で選ぶ,creditcard,A,credit-card-mile-hikaku,マイルが貯まるクレジットカード比較|ANA・JALの還元と移行条件,マイルが貯まるクレジットカード比較,まとめ,4,,NONE,,
credit-card-point-hikaku,クレジットカードのポイントを徹底比較|還元率・年会費・使い道で選ぶ,creditcard,A,../category/credit-card,クレジットカードカテゴリページ,← クレジットカードの比較・選び方に戻る,まとめ,4,,NONE,,タイトル・本文で名指ししている楽天カード・dカード・三井住友カード(NL)のレビュー記事(rakuten-card-poikatsu/dcard-poikatsu/mitsui-sumitomo-card-vpoint)への内部リンクが本文中にないため、比較表の各行または結論部に追加することを推奨。
creditcard-hakkou-anken-poikatsu,クレジットカード発行案件のポイ活術!申し込み前に確認すべきこと,creditcard,F,https://click.j-a-net.jp/2451242/837421/,エポスカード(公式申込),エポスカードの詳細・申込条件を確認する 公式サイトへ移動します,1. カード発行案件の仕組み,2,JANet,NONE,MONETIZATION_MISMATCH,『発行案件の仕組み』の説明直後に案件CTAを置くのではなく、注意点・確認事項を解説した後(記事末尾など)に移動する。または『代表的な発行案件の例』として比較文脈を添えてから提示する。
creditcard-hakkou-anken-poikatsu,クレジットカード発行案件のポイ活術!申し込み前に確認すべきこと,creditcard,F,https://px.a8.net/svt/ejp?a8mat=4BAGHK+1ELVYY+5XGQ+5YZ75,コスモ・ザ・カード・オーパス(公式申込),コスモ・ザ・カード・オーパスの詳細・申込条件を確認する 公式サイトへ移動します,1. カード発行案件の仕組み,2,A8.net,NONE,MONETIZATION_MISMATCH,仕組み説明部分に関連性の薄いカード案件2枚を並べず、記事末尾のCTAに整理するか、ガソリン利用者向けにコスモ、年会費無料重視ならエポスというように選び方の文脈を追加してから提示する。
creditcard-seiri-poikatsu,複数クレジットカードの整理術!ポイ活効率を落とさない見直し方,creditcard,A,creditcard-tsukurisugi-chuui,クレジットカードを作りすぎると危険?ポイ活で注意したい信用情報の基本,クレジットカードを作りすぎると危険?,,5,,NONE,,
creditcard-seiri-poikatsu,複数クレジットカードの整理術!ポイ活効率を落とさない見直し方,creditcard,A,kuukou-lounge-poikatsu,空港ラウンジ特典はポイ活に役立つ?カード特典の見極め方,空港ラウンジ特典はポイ活に役立つ?,4. 年会費と特典の確認,4,,NONE,,
creditcard-seiri-poikatsu,複数クレジットカードの整理術!ポイ活効率を落とさない見直し方,creditcard,A,../category/credit-card,クレジットカードカテゴリページ,クレジットカードの比較・選び方,よくある質問,4,,NONE,,
creditcard-tsukurisugi-chuui,クレジットカードを作りすぎると危険?ポイ活で注意したい信用情報の基本,creditcard,A,creditcard-seiri-poikatsu,複数クレジットカードの整理術!ポイ活効率を落とさない見直し方,複数クレジットカードの整理術,家族全体でのカード管理も意識する,5,,NONE,,
epos-card-poikatsu,エポスカードとは?年会費無料の特徴とマルイでの優待を解説,creditcard,F,https://click.j-a-net.jp/2451242/837421/,エポスカード(公式申込),エポスカードの詳細を見る 公式サイトへ移動します,こんな方におすすめ,5,JANet,NONE,,
gasoline-point-tameru,ガソリン代でポイントを貯める方法!車利用者向けポイ活の基本,creditcard,F,https://px.a8.net/svt/ejp?a8mat=4BAGHK+1ELVYY+5XGQ+5YZ75,コスモ・ザ・カード・オーパス(公式申込),コスモ・ザ・カード・オーパスの詳細を見る 公式サイトへ移動します,2. クレジットカードの選び方,5,A8.net,NONE,,
kuukou-lounge-poikatsu,空港ラウンジ特典はポイ活に役立つ?カード特典の見極め方,creditcard,A,ana-amex-poikatsu,ANAアメックスが大幅刷新!ゴールド・プレミアムの新特典とマイル還元まとめ,ANAアメックス,2. 対象カードの確認,5,,NONE,,
kuukou-lounge-poikatsu,空港ラウンジ特典はポイ活に役立つ?カード特典の見極め方,creditcard,A,../category/credit-card,クレジットカードカテゴリページ,クレジットカードの比較・選び方,よくある質問,4,,NONE,,
nexus-card-poikatsu,Nexus Cardとは?特徴と申込前に確認したいポイントを解説,creditcard,F,https://px.a8.net/svt/ejp?a8mat=4B8115+KU7Q2+4T5W+656YP,Nexus Card(公式申込),Nexus Cardの詳細を見る 公式サイトへ移動します,こんな方におすすめ,5,A8.net,NONE,,
odakyu-point-card-poikatsu,小田急ポイントカードとは?OPポイントの貯め方を解説,creditcard,F,https://h.accesstrade.net/sp/cc?rk=0100kw0d00oy8i,小田急ポイントカード(公式申込),小田急ポイントカードの詳細を見る 公式サイトへ移動します,こんな方におすすめ,5,ACCESSTRADE,NONE,,
rakuten-card-poikatsu,楽天カードはポイ活に向いている?メリットと注意点を初心者向けに解説,creditcard,F,https://ad2.trafficgate.net/t/r/948/1396/318897_398564,楽天カード(公式申込),楽天カードの詳細を見る 公式サイトへ移動します,よくある質問,5,TrafficGate,NONE,,
sumaho-kessai-creditcard-hikaku,スマホ決済とクレジットカードはどっちがお得?ポイント二重取りの基本,creditcard,A,point-niju-sanjudori-kumiawase,ポイント二重取り・三重取りの組み合わせ早見表!おすすめルートを解説,ポイント二重取り・三重取りの組み合わせ早見表,初心者はまず1つの組み合わせから,5,,NONE,,
enquete-monitor-poikatsu,アンケートモニターでポイ活する方法!スキマ時間で稼ぐ前の基本,survey,A,ipsos-isay-poikatsu,Ipsos iSay(イプソス・アイセイ)とは?特徴・ポイントの貯め方を解説,Ipsos iSay,3. 単価と時間効率の考え方,4,,NONE,,
enquete-monitor-poikatsu,アンケートモニターでポイ活する方法!スキマ時間で稼ぐ前の基本,survey,A,opinionworld-poikatsu,OpinionWorld(オピニオンワールド)とは?ポイント・交換先・安全性を公式情報で解説,オピニオンワールド,3. 単価と時間効率の考え方,4,,NONE,,
enquete-monitor-poikatsu,アンケートモニターでポイ活する方法!スキマ時間で稼ぐ前の基本,survey,A,iresearch-poikatsu,アイリサーチとは?自社会場調査・ポイントの貯め方をわかりやすく解説,アイリサーチ,3. 単価と時間効率の考え方,4,,NONE,,
fancrew-poikatsu,ファンくるとは?覆面調査の仕組み・ポイント・安全性を解説,survey,A,../category/survey,アンケートサイトカテゴリ一覧ページ,アンケートサイトおすすめ比較,よくある質問,4,,NONE,,
fancrew-poikatsu,ファンくるとは?覆面調査の仕組み・ポイント・安全性を解説,survey,F,https://px.a8.net/svt/ejp?a8mat=4B84X3+8UIY6Y+1ORI+15S78H,ファンくる(自社レビュー記事のCTA),ファンくるの無料登録はこちら 公式サイトへ移動します,こんな方におすすめ,5,A8.net,NONE,,
fancrew-poikatsu,ファンくるとは?覆面調査の仕組み・ポイント・安全性を解説,survey,F,https://px.a8.net/svt/ejp?a8mat=4B84X3+8UIY6Y+1ORI+15S78H,ファンくる(自社レビュー記事のCTA),今すぐファンくるに登録する 公式サイトへ移動します,よくある質問,5,A8.net,NONE,,
fruitmail-poikatsu,フルーツメールとは?ゲーム・アンケートでポイントが貯まる懸賞サイト,survey,F,https://px.a8.net/svt/ejp?a8mat=4B8115+49LVMI+2U8+O1WU9,フルーツメール(自社レビュー記事のCTA),フルーツメールの無料登録はこちら 公式サイトへ移動します,こんな方におすすめ,5,A8.net,NONE,,
fruitmail-poikatsu,フルーツメールとは?ゲーム・アンケートでポイントが貯まる懸賞サイト,survey,F,https://px.a8.net/svt/ejp?a8mat=4B8115+49LVMI+2U8+O1WU9,フルーツメール(自社レビュー記事のCTA),今すぐフルーツメールに登録する 公式サイトへ移動します,よくある質問,5,A8.net,NONE,,
ipsos-isay-poikatsu,Ipsos iSay(イプソス・アイセイ)とは?特徴・ポイントの貯め方を解説,survey,A,point-koukan-toha,ポイント交換とは?他社ポイント・ギフト券・マイルへの交換方法,ポイント交換とは?他社ポイント・ギフト券・マイルへの交換方法,ポイントの貯め方・交換方法,4,,NONE,,
ipsos-isay-poikatsu,Ipsos iSay(イプソス・アイセイ)とは?特徴・ポイントの貯め方を解説,survey,A,macromill-poikatsu,マクロミルとは?アンケート回答でポイントが貯まるモニターサービス,マクロミル,他のアンケートサイトと比較したい方へ,4,,NONE,,
ipsos-isay-poikatsu,Ipsos iSay(イプソス・アイセイ)とは?特徴・ポイントの貯め方を解説,survey,A,enquete-monitor-poikatsu,アンケートモニターでポイ活する方法!スキマ時間で稼ぐ前の基本,アンケートモニターでポイ活する方法,他のアンケートサイトと比較したい方へ,4,,NONE,,
ipsos-isay-poikatsu,Ipsos iSay(イプソス・アイセイ)とは?特徴・ポイントの貯め方を解説,survey,A,poikatsu-kiso,ポイ活とは?初心者が最初に知っておきたい仕組みと始め方,ポイ活とは?初心者が最初に知っておきたい仕組みと始め方,よくある質問,3,,NONE,,
ipsos-isay-poikatsu,Ipsos iSay(イプソス・アイセイ)とは?特徴・ポイントの貯め方を解説,survey,F,https://px.a8.net/svt/ejp?a8mat=4B8115+3VWWPM+4286+5ZMCH,Ipsos iSay(自社レビュー記事のCTA),Ipsos iSayの無料登録はこちら 公式サイトへ移動します,こんな方におすすめ,5,A8.net,NONE,,
ipsos-isay-poikatsu,Ipsos iSay(イプソス・アイセイ)とは?特徴・ポイントの貯め方を解説,survey,F,https://px.a8.net/svt/ejp?a8mat=4B8115+3VWWPM+4286+5ZMCH,Ipsos iSay(自社レビュー記事のCTA),今すぐIpsos iSayに登録する 公式サイトへ移動します,よくある質問,5,A8.net,NONE,,
iresearch-poikatsu,アイリサーチとは?自社会場調査・ポイントの貯め方をわかりやすく解説,survey,A,point-koukan-toha,ポイント交換とは?他社ポイント・ギフト券・マイルへの交換方法,ポイント交換とは?他社ポイント・ギフト券・マイルへの交換方法,ポイントの貯め方・交換方法,4,,NONE,,
iresearch-poikatsu,アイリサーチとは?自社会場調査・ポイントの貯め方をわかりやすく解説,survey,A,macromill-poikatsu,マクロミルとは?アンケート回答でポイントが貯まるモニターサービス,マクロミル,他のアンケートサイトと比較したい方へ,4,,NONE,,
iresearch-poikatsu,アイリサーチとは?自社会場調査・ポイントの貯め方をわかりやすく解説,survey,A,fancrew-poikatsu,ファンくるとは?覆面調査の仕組み・ポイント・安全性を解説,ファンくる,他のアンケートサイトと比較したい方へ,4,,NONE,,
iresearch-poikatsu,アイリサーチとは?自社会場調査・ポイントの貯め方をわかりやすく解説,survey,A,poikatsu-kiso,ポイ活とは?初心者が最初に知っておきたい仕組みと始め方,ポイ活とは?初心者が最初に知っておきたい仕組みと始め方,よくある質問,3,,NONE,,
iresearch-poikatsu,アイリサーチとは?自社会場調査・ポイントの貯め方をわかりやすく解説,survey,F,https://px.a8.net/svt/ejp?a8mat=4B8115+44UESA+551Y+609HT,アイリサーチ(自社レビュー記事のCTA),アイリサーチの無料登録はこちら 公式サイトへ移動します,こんな方におすすめ,5,A8.net,NONE,,
iresearch-poikatsu,アイリサーチとは?自社会場調査・ポイントの貯め方をわかりやすく解説,survey,F,https://px.a8.net/svt/ejp?a8mat=4B8115+44UESA+551Y+609HT,アイリサーチ(自社レビュー記事のCTA),今すぐアイリサーチに登録する 公式サイトへ移動します,よくある質問,5,A8.net,NONE,,
macromill-poikatsu,マクロミルとは?アンケート回答でポイントが貯まるモニターサービス,survey,F,https://px.a8.net/svt/ejp?a8mat=4B8115+48F0EY+2WL0+CLJ5T,マクロミル(自社レビュー記事のCTA),マクロミルの無料登録はこちら 公式サイトへ移動します,こんな方におすすめ,5,A8.net,NONE,,
macromill-poikatsu,マクロミルとは?アンケート回答でポイントが貯まるモニターサービス,survey,F,https://px.a8.net/svt/ejp?a8mat=4B8115+48F0EY+2WL0+CLJ5T,マクロミル(自社レビュー記事のCTA),今すぐマクロミルに登録する 公式サイトへ移動します,よくある質問,5,A8.net,NONE,,
macromill-tsukaikata,マクロミルでアンケートポイ活を始める方法!回答前の注意点を解説,survey,F,https://px.a8.net/svt/ejp?a8mat=4B8115+48F0EY+2WL0+CLJ5T,マクロミル(利用方法記事のCTA),マクロミルの無料登録はこちら 公式サイトへ移動します,5. 正確に回答するための注意点,5,A8.net,NONE,,
macromill-tsukaikata,マクロミルでアンケートポイ活を始める方法!回答前の注意点を解説,survey,F,https://px.a8.net/svt/ejp?a8mat=4B8115+48F0EY+2WL0+CLJ5T,マクロミル(利用方法記事のCTA),今すぐマクロミルに登録する 公式サイトへ移動します,よくある質問,5,A8.net,NONE,,
monitor-town-poikatsu,モニタータウンとは?PC調査モニターの特徴・参加方法をわかりやすく解説,survey,F,https://px.a8.net/svt/ejp?a8mat=4B8115+4D6H96+3NEK+NVP2P,モニタータウン(自社レビュー記事のCTA),モニタータウンの詳細を見る 公式サイトへ移動します,こんな方におすすめ,5,A8.net,NONE,,
monitor-town-poikatsu,モニタータウンとは?PC調査モニターの特徴・参加方法をわかりやすく解説,survey,F,https://px.a8.net/svt/ejp?a8mat=4B8115+4D6H96+3NEK+NVP2P,モニタータウン(自社レビュー記事のCTA),モニタータウンの公式サイトを見る 公式サイトへ移動します,よくある質問,5,A8.net,NONE,,
opinionworld-poikatsu,OpinionWorld(オピニオンワールド)とは?ポイント・交換先・安全性を公式情報で解説,survey,A,#ketsuron,(ページ内アンカー/目次リンク),結論|OpinionWorldとは?,,5,,NONE,,
opinionworld-poikatsu,OpinionWorld(オピニオンワールド)とは?ポイント・交換先・安全性を公式情報で解説,survey,A,#kihon,(ページ内アンカー/目次リンク),基本情報,,5,,NONE,,
opinionworld-poikatsu,OpinionWorld(オピニオンワールド)とは?ポイント・交換先・安全性を公式情報で解説,survey,A,#dynata,(ページ内アンカー/目次リンク),運営会社Dynataについて,,5,,NONE,,
opinionworld-poikatsu,OpinionWorld(オピニオンワールド)とは?ポイント・交換先・安全性を公式情報で解説,survey,A,#anke,(ページ内アンカー/目次リンク),どんなアンケートがある?,,5,,NONE,,
opinionworld-poikatsu,OpinionWorld(オピニオンワールド)とは?ポイント・交換先・安全性を公式情報で解説,survey,A,#point-kachi,(ページ内アンカー/目次リンク),ポイントはいくら?,,5,,NONE,,
opinionworld-poikatsu,OpinionWorld(オピニオンワールド)とは?ポイント・交換先・安全性を公式情報で解説,survey,A,#tsuki-ikura,(ページ内アンカー/目次リンク),月いくら貯まる?,,5,,NONE,,
opinionworld-poikatsu,OpinionWorld(オピニオンワールド)とは?ポイント・交換先・安全性を公式情報で解説,survey,A,#koukan,(ページ内アンカー/目次リンク),ポイントの交換先,,5,,NONE,,
opinionworld-poikatsu,OpinionWorld(オピニオンワールド)とは?ポイント・交換先・安全性を公式情報で解説,survey,A,#yuukoukigen,(ページ内アンカー/目次リンク),ポイントの有効期限,,5,,NONE,,
opinionworld-poikatsu,OpinionWorld(オピニオンワールド)とは?ポイント・交換先・安全性を公式情報で解説,survey,A,#anzen,(ページ内アンカー/目次リンク),OpinionWorldは安全?,,5,,NONE,,
opinionworld-poikatsu,OpinionWorld(オピニオンワールド)とは?ポイント・交換先・安全性を公式情報で解説,survey,A,#nagare,(ページ内アンカー/目次リンク),登録からポイント交換までの流れ,,5,,NONE,,
opinionworld-poikatsu,OpinionWorld(オピニオンワールド)とは?ポイント・交換先・安全性を公式情報で解説,survey,A,#chuiten,(ページ内アンカー/目次リンク),利用前の注意点,,5,,NONE,,
opinionworld-poikatsu,OpinionWorld(オピニオンワールド)とは?ポイント・交換先・安全性を公式情報で解説,survey,A,#faq,(ページ内アンカー/目次リンク),よくある質問,,5,,NONE,,
opinionworld-poikatsu,OpinionWorld(オピニオンワールド)とは?ポイント・交換先・安全性を公式情報で解説,survey,A,#matome,(ページ内アンカー/目次リンク),まとめ,,5,,NONE,,
opinionworld-poikatsu,OpinionWorld(オピニオンワールド)とは?ポイント・交換先・安全性を公式情報で解説,survey,A,ipsos-isay-poikatsu,Ipsos iSay(イプソス・アイセイ)とは?特徴・ポイントの貯め方を解説,Ipsos iSayとは,よくある質問,4,,NONE,,
opinionworld-poikatsu,OpinionWorld(オピニオンワールド)とは?ポイント・交換先・安全性を公式情報で解説,survey,A,iresearch-poikatsu,アイリサーチとは?自社会場調査・ポイントの貯め方をわかりやすく解説,アイリサーチとは,よくある質問,4,,NONE,,
opinionworld-poikatsu,OpinionWorld(オピニオンワールド)とは?ポイント・交換先・安全性を公式情報で解説,survey,F,https://px.a8.net/svt/ejp?a8mat=4B8115+3ZHICA+31E2+69HA9,オピニオンワールド(自社レビュー記事のCTA),オピニオンワールドの無料登録はこちら 公式サイトへ移動します,OpinionWorldは安全?,5,A8.net,NONE,,
opinionworld-poikatsu,OpinionWorld(オピニオンワールド)とは?ポイント・交換先・安全性を公式情報で解説,survey,F,https://px.a8.net/svt/ejp?a8mat=4B8115+3ZHICA+31E2+69HA9,オピニオンワールド(自社レビュー記事のCTA),今すぐオピニオンワールドに登録する 公式サイトへ移動します,よくある質問,5,A8.net,NONE,,
hashport-wallet-poikatsu,HashPort Walletとは?暗号資産・ポイント・NFTを一元管理できるアプリ,app,F,https://px.a8.net/svt/ejp?a8mat=4B84X3+CEJ596+5W0S+5Z6WX,HashPort Wallet(自社レビュー記事のCTA),HashPort Walletの詳細を見る 公式サイトへ移動します,こんな方におすすめ,5,A8.net,NONE,,
hashport-wallet-poikatsu,HashPort Walletとは?暗号資産・ポイント・NFTを一元管理できるアプリ,app,F,https://px.a8.net/svt/ejp?a8mat=4B84X3+CEJ596+5W0S+5Z6WX,HashPort Wallet(自社レビュー記事のCTA),今すぐHashPort Walletを見てみる 公式サイトへ移動します,よくある質問,5,A8.net,NONE,,
hosuu-app-poikatsu,歩数アプリでポイントを貯める方法!健康習慣と節約を両立するコツ,app,F,https://tr.affiliate-sp.docomo.ne.jp/cl/d0000003047/5239/29,dヘルスケア(本文中で紹介した具体例),dヘルスケアのサービス内容を見る 公式サイトへ移動します,1. 歩数ポイ活の基本,4,ドコモアフィリエイト,NONE,,
idou-app-erabikata,移動系ポイ活アプリの選び方!歩数・移動距離・広告視聴の違い,app,A,torima-idou-poikatsu,トリマで移動ポイ活する方法!歩く・移動する前に知るべき注意点,トリマ,1. 移動系アプリの種類,5,,NONE,,
idou-app-erabikata,移動系ポイ活アプリの選び方!歩数・移動距離・広告視聴の違い,app,A,reshichare-poikatsu,レシチャレ(旧クラシルリワード)で貯めるポイ活とは?レシート・移動・広告の使い方,レシチャレ,1. 移動系アプリの種類,5,,NONE,,
idou-app-erabikata,移動系ポイ活アプリの選び方!歩数・移動距離・広告視聴の違い,app,A,code-receipt-poikatsu,CODEで商品バーコードを使ったポイ活!レシート登録と案件活用の基本,CODE,1. 移動系アプリの種類,5,,NONE,,
receipt-app-poikatsu,レシートアプリでポイ活する方法!買い物後に捨てずに活用するコツ,app,A,one-receipt-poikatsu,ONEでレシートポイ活を始める方法!撮影前に確認したいポイント,ONE,1. レシートアプリの基本,5,,NONE,,
receipt-app-poikatsu,レシートアプリでポイ活する方法!買い物後に捨てずに活用するコツ,app,A,code-receipt-poikatsu,CODEで商品バーコードを使ったポイ活!レシート登録と案件活用の基本,CODE,1. レシートアプリの基本,5,,NONE,,
receipt-app-poikatsu,レシートアプリでポイ活する方法!買い物後に捨てずに活用するコツ,app,A,reshichare-poikatsu,レシチャレ(旧クラシルリワード)で貯めるポイ活とは?レシート・移動・広告の使い方,レシチャレ,1. レシートアプリの基本,5,,NONE,,
dpoint-dharai-tamekata,dポイント・d払いの貯め方とは?もらう方法・使い方を解説,,A,#earn-methods,(ページ内アンカー/目次リンク),▶ dポイントを貯める方法を見る,,5,,NONE,,
dpoint-dharai-tamekata,dポイント・d払いの貯め方とは?もらう方法・使い方を解説,,A,#hajimekata,(ページ内アンカー/目次リンク),▶ 初心者向けの始め方を見る,,5,,NONE,,
dpoint-dharai-tamekata,dポイント・d払いの貯め方とは?もらう方法・使い方を解説,,A,#store,(ページ内アンカー/貯め方リスト),🏪 店舗でカード・アプリを提示する,dポイントをもらう主な方法,5,,NONE,,
dpoint-dharai-tamekata,dポイント・d払いの貯め方とは?もらう方法・使い方を解説,,A,#dbarai,(ページ内アンカー/貯め方リスト),📱 d払いで支払う,dポイントをもらう主な方法,5,,NONE,,
dpoint-dharai-tamekata,dポイント・d払いの貯め方とは?もらう方法・使い方を解説,,A,#dcard,(ページ内アンカー/貯め方リスト),💳 dカードで支払う,dポイントをもらう主な方法,5,,NONE,,
dpoint-dharai-tamekata,dポイント・d払いの貯め方とは?もらう方法・使い方を解説,,A,#net,(ページ内アンカー/貯め方リスト),🛒 ネットサービスを利用する,dポイントをもらう主な方法,5,,NONE,,
dpoint-dharai-tamekata,dポイント・d払いの貯め方とは?もらう方法・使い方を解説,,A,#campaign,(ページ内アンカー/貯め方リスト),🎁 キャンペーンに参加する,dポイントをもらう主な方法,5,,NONE,,
dpoint-dharai-tamekata,dポイント・d払いの貯め方とは?もらう方法・使い方を解説,,A,ahamo-hikari-poikatsu,ahamo光とは?料金・dポイント特典・工事費無料の条件を解説,光回線 ahamo光(dポイントがもらえる案件例),dポイントがもらえる案件の例,5,,NONE,,
dpoint-dharai-tamekata,dポイント・d払いの貯め方とは?もらう方法・使い方を解説,,A,docomo-denki-poikatsu,ドコモでんきとは?電気代でdポイントが貯まる仕組みを解説,電力 ドコモでんき(dポイントがもらえる案件例),dポイントがもらえる案件の例,5,,NONE,,
dpoint-dharai-tamekata,dポイント・d払いの貯め方とは?もらう方法・使い方を解説,,A,d-value-pass-poikatsu,dバリューパスとは?初月無料で壁紙・待受が使い放題のサブスク,壁紙・待受サブスク dバリューパス(dポイントがもらえる案件例),dポイントがもらえる案件の例,5,,NONE,,
dpoint-dharai-tamekata,dポイント・d払いの貯め方とは?もらう方法・使い方を解説,,A,dshopping-toha,dショッピングとは?特徴とポイントの貯め方をわかりやすく解説,dショッピングとは?特徴とポイントの貯め方をわかりやすく解説,ネットでdポイントを貯める方法,5,,NONE,,
dpoint-dharai-tamekata,dポイント・d払いの貯め方とは?もらう方法・使い方を解説,,A,jalan-net-poikatsu,じゃらんnetとは?宿・ホテル予約でポイントが貯まる仕組みを解説,じゃらんnetとは?宿・ホテル予約でポイントが貯まる仕組みを解説,ネットでdポイントを貯める方法,5,,NONE,,
dpoint-dharai-tamekata,dポイント・d払いの貯め方とは?もらう方法・使い方を解説,,A,dpoint-tsukaikata,dポイントの使い方とは?店舗・連携・交換まで完全ガイド,dポイントの使い方|そのまま使う・連携する・交換する完全ガイド(関連記事カード),dポイントの使い方,5,,NONE,,
dpoint-dharai-tamekata,dポイント・d払いの貯め方とは?もらう方法・使い方を解説,,A,dpoint-hanei-sarenai,dポイントが反映されない原因は?dポイントマーケットの確認方法も解説,dポイントが反映されない主な原因と確認方法,有効期限と注意点,4,,NONE,,
dpoint-dharai-tamekata,dポイント・d払いの貯め方とは?もらう方法・使い方を解説,,E,https://dpoint.docomo.ne.jp/,dポイント公式サイト,dポイント公式サイトを見る 公式サイトへ移動します,,5,,NONE,,
dpoint-tsukaikata,dポイントの使い方とは?店舗・連携・交換まで完全ガイド,,A,#sonomama,(ページ内アンカー/目次リンク),🏪 ① そのまま使う,,5,,NONE,,
dpoint-tsukaikata,dポイントの使い方とは?店舗・連携・交換まで完全ガイド,,A,#renkei,(ページ内アンカー/目次リンク),🔗 ② 連携して使う,,5,,NONE,,
dpoint-tsukaikata,dポイントの使い方とは?店舗・連携・交換まで完全ガイド,,A,#koukan,(ページ内アンカー/目次リンク),🔄 ③ 交換して使う,,5,,NONE,,
dpoint-tsukaikata,dポイントの使い方とは?店舗・連携・交換まで完全ガイド,,A,#renkei,(ページ内アンカー/セクション内リンク),②アカウント連携して使う,ネットのお店で使う,5,,NONE,,
dpoint-tsukaikata,dポイントの使い方とは?店舗・連携・交換まで完全ガイド,,A,ahamo-hikari-poikatsu,ahamo光とは?料金・dポイント特典・工事費無料の条件を解説,光回線 ahamo光(固定費充当の例),毎月の固定費に充当する,5,,NONE,,
dpoint-tsukaikata,dポイントの使い方とは?店舗・連携・交換まで完全ガイド,,A,docomo-denki-poikatsu,ドコモでんきとは?電気代でdポイントが貯まる仕組みを解説,電力 ドコモでんき(固定費充当の例),毎月の固定費に充当する,5,,NONE,,
dpoint-tsukaikata,dポイントの使い方とは?店舗・連携・交換まで完全ガイド,,A,d-value-pass-poikatsu,dバリューパスとは?初月無料で壁紙・待受が使い放題のサブスク,壁紙・待受サブスク dバリューパス(固定費充当の例),毎月の固定費に充当する,5,,NONE,,
dpoint-tsukaikata,dポイントの使い方とは?店舗・連携・交換まで完全ガイド,,A,dcard-poikatsu,dカードはポイ活におすすめ?dポイントを貯めやすい人の特徴,dカードはポイ活におすすめ?dポイントを貯めやすい人の特徴,dカード利用代金に充当する,5,,NONE,,
dpoint-tsukaikata,dポイントの使い方とは?店舗・連携・交換まで完全ガイド,,A,jalan-net-poikatsu,じゃらんnetとは?宿・ホテル予約でポイントが貯まる仕組みを解説,宿・ホテル予約 じゃらんnet(連携先の例),連携して使えるサービスの例,5,,NONE,,
dpoint-tsukaikata,dポイントの使い方とは?店舗・連携・交換まで完全ガイド,,E,https://dpoint.docomo.ne.jp/use.html,dポイントの使い方 公式サイト,dポイントの使い方 公式サイトを見る 公式サイトへ移動します,,5,,NONE,,
paypay-point-tamekata,PayPayポイントの貯め方とは?もらう方法・使い方を解説,,A,#earn-methods,(ページ内アンカー/目次リンク),▶ PayPayポイントを貯める方法を見る,,5,,NONE,,
paypay-point-tamekata,PayPayポイントの貯め方とは?もらう方法・使い方を解説,,A,#hajimekata,(ページ内アンカー/目次リンク),▶ 初心者向けの始め方を見る,,5,,NONE,,
paypay-point-tamekata,PayPayポイントの貯め方とは?もらう方法・使い方を解説,,A,#store,(ページ内アンカー/貯め方リスト),🏪 店舗でPayPay決済を利用する,PayPayポイントをもらう主な方法,5,,NONE,,
paypay-point-tamekata,PayPayポイントの貯め方とは?もらう方法・使い方を解説,,A,#card,(ページ内アンカー/貯め方リスト),💳 クレジットカードを紐付ける,PayPayポイントをもらう主な方法,5,,NONE,,
paypay-point-tamekata,PayPayポイントの貯め方とは?もらう方法・使い方を解説,,A,#net,(ページ内アンカー/貯め方リスト),🛒 対象のネットサービスを利用する,PayPayポイントをもらう主な方法,5,,NONE,,
paypay-point-tamekata,PayPayポイントの貯め方とは?もらう方法・使い方を解説,,A,#campaign,(ページ内アンカー/貯め方リスト),🎁 キャンペーンに参加する,PayPayポイントをもらう主な方法,5,,NONE,,
paypay-point-tamekata,PayPayポイントの貯め方とは?もらう方法・使い方を解説,,A,yahoo-shopping-toha,Yahoo!ショッピングとは?特徴とポイントの貯め方をわかりやすく解説,総合通販 Yahoo!ショッピング(案件例),PayPayポイントがもらえる案件の例,5,,NONE,,
paypay-point-tamekata,PayPayポイントの貯め方とは?もらう方法・使い方を解説,,A,yahoo-travel-poikatsu,Yahoo!トラベルとは?PayPayポイントが貯まる・使える宿泊予約サービス,宿・ホテル予約 Yahoo!トラベル(案件例),PayPayポイントがもらえる案件の例,5,,NONE,,
paypay-point-tamekata,PayPayポイントの貯め方とは?もらう方法・使い方を解説,,A,retty-poikatsu,Rettyとは?会員登録不要でPayPayポイントが貯まるグルメ予約サービス,グルメ予約 Retty(案件例),PayPayポイントがもらえる案件の例,5,,NONE,,
paypay-point-tamekata,PayPayポイントの貯め方とは?もらう方法・使い方を解説,,A,paypay-point-kiso,PayPayポイントとは?貯め方・使い方・注意点を初心者向けに解説,PayPayポイントとは?貯め方・使い方・注意点を初心者向けに解説,ネットでPayPayポイントを貯める方法,5,,NONE,,
paypay-point-tamekata,PayPayポイントの貯め方とは?もらう方法・使い方を解説,,A,paypay-campaign-katsuyo,PayPayでポイントを効率よく貯める方法!キャンペーン活用の基本,PayPayで効率よく貯める方法,キャンペーンで貯める方法,5,,NONE,,
paypay-point-tamekata,PayPayポイントの貯め方とは?もらう方法・使い方を解説,,A,paypay-point-tsukaikata,PayPayポイントの使い方とは?店舗・連携・交換まで完全ガイド,PayPayポイントの使い方|そのまま使う・連携する・交換する完全ガイド(関連記事カード),PayPayポイントの使い方,5,,NONE,,
paypay-point-tamekata,PayPayポイントの貯め方とは?もらう方法・使い方を解説,,A,paypay-point-tsukanai,PayPayポイントが付かない原因は?確認すべき条件と対策,PayPayポイントが貯まらない主な原因と確認方法,有効期限と注意点,4,,NONE,,
paypay-point-tamekata,PayPayポイントの貯め方とは?もらう方法・使い方を解説,,E,https://paypay.ne.jp/point/,PayPayポイント公式サイト,PayPayポイント公式サイトを見る 公式サイトへ移動します,,5,,NONE,,
paypay-point-tsukaikata,PayPayポイントの使い方とは?店舗・連携・交換まで完全ガイド,,A,#sonomama,(ページ内アンカー/目次リンク),🏪 ① そのまま使う,,5,,NONE,,
paypay-point-tsukaikata,PayPayポイントの使い方とは?店舗・連携・交換まで完全ガイド,,A,#renkei,(ページ内アンカー/目次リンク),🔗 ② 連携して使う,,5,,NONE,,
paypay-point-tsukaikata,PayPayポイントの使い方とは?店舗・連携・交換まで完全ガイド,,A,#koukan,(ページ内アンカー/目次リンク),🔄 ③ 交換して使う,,5,,NONE,,
paypay-point-tsukaikata,PayPayポイントの使い方とは?店舗・連携・交換まで完全ガイド,,A,#renkei,(ページ内アンカー/セクション内リンク),②アカウント連携して使う,ネットのお店で使う,5,,NONE,,
paypay-point-tsukaikata,PayPayポイントの使い方とは?店舗・連携・交換まで完全ガイド,,A,yahoo-travel-poikatsu,Yahoo!トラベルとは?PayPayポイントが貯まる・使える宿泊予約サービス,宿・ホテル予約 Yahoo!トラベル(連携先の例),ネットのお店で使う,5,,NONE,,
paypay-point-tsukaikata,PayPayポイントの使い方とは?店舗・連携・交換まで完全ガイド,,A,retty-poikatsu,Rettyとは?会員登録不要でPayPayポイントが貯まるグルメ予約サービス,グルメ予約 Retty(連携先の例),ネットのお店で使う,5,,NONE,,
paypay-point-tsukaikata,PayPayポイントの使い方とは?店舗・連携・交換まで完全ガイド,,E,https://paypay.ne.jp/point/,PayPayポイント公式サイト,PayPayポイント公式サイトを見る 公式サイトへ移動します,,5,,NONE,,
ponta-tamekata,Pontaポイントの貯め方とは?もらう方法・使い方を解説,,A,#earn-methods,(ページ内アンカー/目次リンク),▶ Pontaポイントを貯める方法を見る,,5,,NONE,,
ponta-tamekata,Pontaポイントの貯め方とは?もらう方法・使い方を解説,,A,#hajimekata,(ページ内アンカー/目次リンク),▶ 初心者向けの始め方を見る,,5,,NONE,,
ponta-tamekata,Pontaポイントの貯め方とは?もらう方法・使い方を解説,,A,#store,(ページ内アンカー/貯め方リスト),🏪 店舗でカード・アプリを提示する,Pontaポイントをもらう主な方法,5,,NONE,,
ponta-tamekata,Pontaポイントの貯め方とは?もらう方法・使い方を解説,,A,#aupay,(ページ内アンカー/貯め方リスト),📱 au PAYで支払う,Pontaポイントをもらう主な方法,5,,NONE,,
ponta-tamekata,Pontaポイントの貯め方とは?もらう方法・使い方を解説,,A,#net,(ページ内アンカー/貯め方リスト),🏨 リクルート系サービスを利用する,Pontaポイントをもらう主な方法,5,,NONE,,
ponta-tamekata,Pontaポイントの貯め方とは?もらう方法・使い方を解説,,A,#campaign,(ページ内アンカー/貯め方リスト),🎁 キャンペーンに参加する,Pontaポイントをもらう主な方法,5,,NONE,,
ponta-tamekata,Pontaポイントの貯め方とは?もらう方法・使い方を解説,,A,aupay-market-toha,au PAY マーケットとは?特徴とポイントの貯め方をわかりやすく解説,総合通販 au PAY マーケット(案件例),Pontaポイントがもらえる案件の例,5,,NONE,,
ponta-tamekata,Pontaポイントの貯め方とは?もらう方法・使い方を解説,,A,aupay-furusato-poikatsu,au PAYふるさと納税のPontaポイントは貯まる?2025年10月の変更を解説,ふるさと納税 au PAY ふるさと納税(案件例),Pontaポイントがもらえる案件の例,5,,NONE,,
ponta-tamekata,Pontaポイントの貯め方とは?もらう方法・使い方を解説,,A,jalan-net-poikatsu,じゃらんnetとは?宿・ホテル予約でポイントが貯まる仕組みを解説,宿・ホテル予約 じゃらんnet(案件例),Pontaポイントがもらえる案件の例,5,,NONE,,
ponta-tamekata,Pontaポイントの貯め方とは?もらう方法・使い方を解説,,A,lawson-ponta,ローソンでPontaポイントを貯める方法!買い物前に知っておきたい基本,ローソンで貯める方法,店舗でPontaポイントを貯める方法,5,,NONE,,
ponta-tamekata,Pontaポイントの貯め方とは?もらう方法・使い方を解説,,A,aupay-ponta,au PAYでPontaポイントを貯める方法!スマホ決済との組み合わせを解説,au PAYで貯める方法,au PAYでPontaポイントを貯める方法,5,,NONE,,
ponta-tamekata,Pontaポイントの貯め方とは?もらう方法・使い方を解説,,A,ponta-tsukaikata,Pontaポイントの使い方とは?店舗・連携・交換まで完全ガイド,Pontaポイントの使い方|そのまま使う・連携する・交換する完全ガイド(関連記事カード),Pontaポイントの使い方,5,,NONE,,
ponta-tamekata,Pontaポイントの貯め方とは?もらう方法・使い方を解説,,A,ponta-tsukaimichi,Pontaポイントのおすすめの使い道!ローソン・au・旅行で活用する方法,Pontaポイントの使い道,Pontaポイントの使い方,5,,NONE,,
ponta-tamekata,Pontaポイントの貯め方とは?もらう方法・使い方を解説,,A,ponta-mile-koukan,Pontaポイントをマイルや他社ポイントに交換する方法!使い道を広げるコツ,Pontaポイントのマイル交換,Pontaポイントの使い方,5,,NONE,,
ponta-tamekata,Pontaポイントの貯め方とは?もらう方法・使い方を解説,,E,https://www.ponta.jp/,Ponta公式サイト,Ponta公式サイトを見る 公式サイトへ移動します,,5,,NONE,,
ponta-tsukaikata,Pontaポイントの使い方とは?店舗・連携・交換まで完全ガイド,,A,#sonomama,(ページ内アンカー/目次リンク),🏪 ① そのまま使う,,5,,NONE,,
ponta-tsukaikata,Pontaポイントの使い方とは?店舗・連携・交換まで完全ガイド,,A,#renkei,(ページ内アンカー/目次リンク),🔗 ② 連携して使う,,5,,NONE,,
ponta-tsukaikata,Pontaポイントの使い方とは?店舗・連携・交換まで完全ガイド,,A,#koukan,(ページ内アンカー/目次リンク),🔄 ③ 交換して使う,,5,,NONE,,
ponta-tsukaikata,Pontaポイントの使い方とは?店舗・連携・交換まで完全ガイド,,A,aupay-ponta,au PAYでPontaポイントを貯める方法!スマホ決済との組み合わせを解説,au PAYで貯める方法,au PAYで使う,5,,NONE,,
ponta-tsukaikata,Pontaポイントの使い方とは?店舗・連携・交換まで完全ガイド,,A,aupay-furusato-poikatsu,au PAYふるさと納税のPontaポイントは貯まる?2025年10月の変更を解説,ふるさと納税 au PAY ふるさと納税(固定費充当の例),固定費に充当する,5,,NONE,,
ponta-tsukaikata,Pontaポイントの使い方とは?店舗・連携・交換まで完全ガイド,,A,#renkei,(ページ内アンカー/セクション内リンク),②アカウント連携して使う,ネットのお店で使う,5,,NONE,,
ponta-tsukaikata,Pontaポイントの使い方とは?店舗・連携・交換まで完全ガイド,,A,aupay-market-toha,au PAY マーケットとは?特徴とポイントの貯め方をわかりやすく解説,総合通販 au PAY マーケット(連携先の例),ネットのお店で使う,5,,NONE,,
ponta-tsukaikata,Pontaポイントの使い方とは?店舗・連携・交換まで完全ガイド,,A,#koukan,(ページ内アンカー/セクション内リンク),③交換して使う,連携して使えるサービスの例,5,,NONE,,
ponta-tsukaikata,Pontaポイントの使い方とは?店舗・連携・交換まで完全ガイド,,A,jalan-net-poikatsu,じゃらんnetとは?宿・ホテル予約でポイントが貯まる仕組みを解説,宿・ホテル予約 じゃらんnet(連携先の例),連携して使えるサービスの例,5,,NONE,,
ponta-tsukaikata,Pontaポイントの使い方とは?店舗・連携・交換まで完全ガイド,,A,ponta-mile-koukan,Pontaポイントをマイルや他社ポイントに交換する方法!使い道を広げるコツ,Pontaポイントをマイルや他社ポイントに交換する方法!使い道を広げるコツ,JALマイルに交換する,5,,NONE,,
ponta-tsukaikata,Pontaポイントの使い方とは?店舗・連携・交換まで完全ガイド,,E,https://point.recruit.co.jp/point/,Ponta公式サイト,Ponta公式サイトを見る 公式サイトへ移動します,,5,,NONE,,
rakuten-point-tamekata,楽天ポイントの貯め方とは?もらう方法・使い方を解説,,A,#earn-methods,(ページ内アンカー/目次リンク),▶ 楽天ポイントを貯める方法を見る,,5,,NONE,,
rakuten-point-tamekata,楽天ポイントの貯め方とは?もらう方法・使い方を解説,,A,#hajimekata,(ページ内アンカー/目次リンク),▶ 初心者向けの始め方を見る,,5,,NONE,,
rakuten-point-tamekata,楽天ポイントの貯め方とは?もらう方法・使い方を解説,,A,#store,(ページ内アンカー/貯め方リスト),🏪 店舗でカード・アプリを提示する,楽天ポイントをもらう主な方法,5,,NONE,,
rakuten-point-tamekata,楽天ポイントの貯め方とは?もらう方法・使い方を解説,,A,#rakutenpay,(ページ内アンカー/貯め方リスト),📱 楽天ペイで支払う,楽天ポイントをもらう主な方法,5,,NONE,,
rakuten-point-tamekata,楽天ポイントの貯め方とは?もらう方法・使い方を解説,,A,#rakutencard,(ページ内アンカー/貯め方リスト),💳 楽天カードで支払う,楽天ポイントをもらう主な方法,5,,NONE,,
rakuten-point-tamekata,楽天ポイントの貯め方とは?もらう方法・使い方を解説,,A,#net,(ページ内アンカー/貯め方リスト),🛒 楽天市場・SPU対象サービスを利用する,楽天ポイントをもらう主な方法,5,,NONE,,
rakuten-point-tamekata,楽天ポイントの貯め方とは?もらう方法・使い方を解説,,A,#campaign,(ページ内アンカー/貯め方リスト),🎁 キャンペーンに参加する,楽天ポイントをもらう主な方法,5,,NONE,,
rakuten-point-tamekata,楽天ポイントの貯め方とは?もらう方法・使い方を解説,,A,rakuten-ichiba-toha,楽天市場とは?特徴とポイントの貯め方をわかりやすく解説,総合通販 楽天市場(案件例),楽天ポイントがもらえる案件の例,5,,NONE,,
rakuten-point-tamekata,楽天ポイントの貯め方とは?もらう方法・使い方を解説,,A,rakuten-mobile-poikatsu,楽天モバイルとは?データ使い放題と楽天ポイント最大+4倍を解説,携帯回線 楽天モバイル(案件例),楽天ポイントがもらえる案件の例,5,,NONE,,
rakuten-point-tamekata,楽天ポイントの貯め方とは?もらう方法・使い方を解説,,A,rakuten-poikatsu-kiso,楽天ポイントの貯め方を初心者向けに解説!楽天経済圏の基本,楽天ポイントの貯め方を初心者向けに解説!楽天経済圏の基本,楽天市場・SPU対象サービスで楽天ポイントを貯める方法,5,,NONE,,
rakuten-point-tamekata,楽天ポイントの貯め方とは?もらう方法・使い方を解説,,A,rakuten-ichiba-kaimawari,楽天市場でポイントを効率よく貯める方法!買い回り前に確認すること,楽天市場で効率よく貯める方法,楽天市場・SPU対象サービスで楽天ポイントを貯める方法,5,,NONE,,
rakuten-point-tamekata,楽天ポイントの貯め方とは?もらう方法・使い方を解説,,A,rakuten-point-tsukaikata,楽天ポイントの使い方とは?店舗・連携・交換まで完全ガイド,楽天ポイントの使い方|そのまま使う・連携する・交換する完全ガイド(関連記事カード),楽天ポイントの使い方,5,,NONE,,
rakuten-point-tamekata,楽天ポイントの貯め方とは?もらう方法・使い方を解説,,A,rakuten-point-tsukaimichi,楽天ポイントの使い道おすすめまとめ!通常ポイントと期間限定ポイントの違い,楽天ポイントの使い道,有効期限と注意点,5,,NONE,,
rakuten-point-tamekata,楽天ポイントの貯め方とは?もらう方法・使い方を解説,,E,https://point.rakuten.co.jp/,楽天ポイント公式サイト,楽天ポイント公式サイトを見る 公式サイトへ移動します,,5,,NONE,,
rakuten-point-tsukaikata,楽天ポイントの使い方とは?店舗・連携・交換まで完全ガイド,,A,#sonomama,(ページ内アンカー/目次リンク),🏪 ① そのまま使う,,5,,NONE,,
rakuten-point-tsukaikata,楽天ポイントの使い方とは?店舗・連携・交換まで完全ガイド,,A,#renkei,(ページ内アンカー/目次リンク),🔗 ② 連携して使う,,5,,NONE,,
rakuten-point-tsukaikata,楽天ポイントの使い方とは?店舗・連携・交換まで完全ガイド,,A,#koukan,(ページ内アンカー/目次リンク),🔄 ③ 交換して使う,,5,,NONE,,
rakuten-point-tsukaikata,楽天ポイントの使い方とは?店舗・連携・交換まで完全ガイド,,A,rakuten-ichiba-toha,楽天市場とは?特徴とポイントの貯め方をわかりやすく解説,楽天市場とは?総合通販でジャンルが幅広い,ネットのお店で使う,5,,NONE,,
rakuten-point-tsukaikata,楽天ポイントの使い方とは?店舗・連携・交換まで完全ガイド,,A,rakuten-pay-tameru,楽天ペイで楽天ポイントを貯める方法!街のお買い物で使うコツ,楽天ペイで貯める方法,楽天ペイで使う,5,,NONE,,
rakuten-point-tsukaikata,楽天ポイントの使い方とは?店舗・連携・交換まで完全ガイド,,A,rakuten-mobile-poikatsu,楽天モバイルとは?データ使い放題と楽天ポイント最大+4倍を解説,携帯回線 楽天モバイル(固定費充当の例),毎月の固定費に充当する,5,,NONE,,
rakuten-point-tsukaikata,楽天ポイントの使い方とは?店舗・連携・交換まで完全ガイド,,A,rakuten-card-poikatsu,楽天カードはポイ活に向いている?メリットと注意点を初心者向けに解説,楽天カードはポイ活に向いている?,楽天カード利用代金に充当する,5,,NONE,,
rakuten-point-tsukaikata,楽天ポイントの使い方とは?店舗・連携・交換まで完全ガイド,,A,ubereats-poikatsu,Uber Eatsでポイ活する方法!クーポン・支払い・手数料の見方,Uber Eatsでポイ活する方法,連携して使えるサービスの例,5,,NONE,,
rakuten-point-tsukaikata,楽天ポイントの使い方とは?店舗・連携・交換まで完全ガイド,,E,https://point.rakuten.co.jp/use/,楽天ポイントの使い方 公式サイト,楽天ポイントの使い方 公式サイトを見る 公式サイトへ移動します,,5,,NONE,,
vpoint-tamekata,Vポイントの貯め方とは?もらう方法・使い方を解説,,A,#earn-methods,(ページ内アンカー/目次リンク),▶ Vポイントを貯める方法を見る,,5,,NONE,,
vpoint-tamekata,Vポイントの貯め方とは?もらう方法・使い方を解説,,A,#hajimekata,(ページ内アンカー/目次リンク),▶ 初心者向けの始め方を見る,,5,,NONE,,
vpoint-tamekata,Vポイントの貯め方とは?もらう方法・使い方を解説,,A,#store,(ページ内アンカー/貯め方リスト),🏪 提携店舗でカード・アプリを提示する,Vポイントをもらう主な方法,5,,NONE,,
vpoint-tamekata,Vポイントの貯め方とは?もらう方法・使い方を解説,,A,#smbc,(ページ内アンカー/貯め方リスト),💳 三井住友カードで支払う,Vポイントをもらう主な方法,5,,NONE,,
vpoint-tamekata,Vポイントの貯め方とは?もらう方法・使い方を解説,,A,#app,(ページ内アンカー/貯め方リスト),📱 VポイントPayアプリを利用する,Vポイントをもらう主な方法,5,,NONE,,
vpoint-tamekata,Vポイントの貯め方とは?もらう方法・使い方を解説,,A,#campaign,(ページ内アンカー/貯め方リスト),🎁 キャンペーンに参加する,Vポイントをもらう主な方法,5,,NONE,,
vpoint-tamekata,Vポイントの貯め方とは?もらう方法・使い方を解説,,A,mitsui-sumitomo-card-vpoint,三井住友カードでVポイントを貯める方法!対象店舗とタッチ決済の基本,三井住友カードでVポイントを貯める方法!対象店舗とタッチ決済の基本,三井住友カードでVポイントを貯める方法,5,,NONE,,
vpoint-tamekata,Vポイントの貯め方とは?もらう方法・使い方を解説,,A,vpoint-kiso,Vポイントとは?旧Tポイントとの違いとポイ活での使い方,Vポイントとは?旧Tポイントとの違いとポイ活での使い方,VポイントPayアプリでVポイントを貯める・使う方法,5,,NONE,,
vpoint-tamekata,Vポイントの貯め方とは?もらう方法・使い方を解説,,A,vpoint-tameru-tsukau,Vポイントの貯め方と使い方!コンビニ・カード・アプリ活用術,Vポイントの貯め方と使い方,VポイントPayアプリでVポイントを貯める・使う方法,5,,NONE,,
vpoint-tamekata,Vポイントの貯め方とは?もらう方法・使い方を解説,,A,vpoint-tsukaikata,Vポイントの使い方とは?店舗・連携・交換まで完全ガイド,Vポイントの使い方|そのまま使う・連携する・交換する完全ガイド(関連記事カード),Vポイントの使い方,5,,NONE,,
vpoint-tamekata,Vポイントの貯め方とは?もらう方法・使い方を解説,,E,https://web.tsite.jp/vpoint/,Vポイント公式サイト,Vポイント公式サイトを見る 公式サイトへ移動します,,5,,NONE,,
vpoint-tsukaikata,Vポイントの使い方とは?店舗・連携・交換まで完全ガイド,,A,#sonomama,(ページ内アンカー/目次リンク),🏪 ① そのまま使う,,5,,NONE,,
vpoint-tsukaikata,Vポイントの使い方とは?店舗・連携・交換まで完全ガイド,,A,#renkei,(ページ内アンカー/目次リンク),🔗 ② 連携して使う,,5,,NONE,,
vpoint-tsukaikata,Vポイントの使い方とは?店舗・連携・交換まで完全ガイド,,A,#koukan,(ページ内アンカー/目次リンク),🔄 ③ 交換して使う,,5,,NONE,,
vpoint-tsukaikata,Vポイントの使い方とは?店舗・連携・交換まで完全ガイド,,A,paypay-point-tsukaikata,PayPayポイントの使い方とは?店舗・連携・交換まで完全ガイド,PayPayポイントの使い方|そのまま使う・連携する・交換する完全ガイド,PayPayポイントに交換する,5,,NONE,,
vpoint-tsukaikata,Vポイントの使い方とは?店舗・連携・交換まで完全ガイド,,A,vpoint-tasha-koukan,Vポイントを他社ポイントへ交換する方法!交換先の選び方と注意点,Vポイントを他社ポイントへ交換する方法!交換先の選び方と注意点,その他の交換先(景品など),5,,NONE,,
vpoint-tsukaikata,Vポイントの使い方とは?店舗・連携・交換まで完全ガイド,,E,https://tsite.jp/,Vポイント公式サイト,Vポイント公式サイトを見る 公式サイトへ移動します,,5,,NONE,,